{
"type": "FeatureCollection",
"name": "feeders",
"crs": { "type": "name", "properties": { "name": "urn:ogc:def:crs:OGC:1.3:CRS84" } },
"features": [
{ "type": "Feature", "properties": { "seg_id": "F01-S01", "feeder_id": "F01", "ss_id": "SS-SYSMA", "parent_seg_id": "F01-S08", "from_node": "F01:430077_6819772", "to_node": "F01:429897_6819820", "downstream_tr": 12, "downstream_kp": 251 }, "geometry": { "type": "LineString", "coordinates": [ [ 25.686199806892645, 61.505255446557719 ], [ 25.685907260729554, 61.505310863489768 ], [ 25.684540918223696, 61.505431663399129 ], [ 25.682831122323641, 61.505552815158872 ], [ 25.68281365542785, 61.505654795181044 ] ] } },
{ "type": "Feature", "properties": { "seg_id": "F01-S02", "feeder_id": "F01", "ss_id": "SS-SYSMA", "parent_seg_id": "F01-S44", "from_node": "F01:423310_6820056", "to_node": "F01:423353_6818880", "downstream_tr": 1, "downstream_kp": 33 }, "geometry": { "type": "LineString", "coordinates": [ [ 25.558985869848122, 61.50652268109426 ], [ 25.558473282204584, 61.506024742659754 ], [ 25.558379410181324, 61.505724874020054 ], [ 25.558305541666265, 61.505091979129148 ], [ 25.557657419709077, 61.504652259809511 ], [ 25.557380455683173, 61.504289605955137 ], [ 25.557294418423137, 61.503357676866138 ], [ 25.556911025692013, 61.502921167115126 ], [ 25.556373275776096, 61.502546878881134 ], [ 25.557183353372054, 61.502144338162907 ], [ 25.557453711496422, 61.501686836379847 ], [ 25.557475248754638, 61.501240856134864 ], [ 25.556978906529384, 61.500543457276315 ], [ 25.556861033792533, 61.500286584046719 ], [ 25.557346856625234, 61.499987837157541 ], [ 25.55772300371293, 61.499255293129792 ], [ 25.558267824071041, 61.498988403256917 ], [ 25.559206490539911, 61.498811446607853 ], [ 25.560186628343548, 61.498415812075514 ], [ 25.559900148127735, 61.497829983526159 ], [ 25.560397516231149, 61.496335894468125 ], [ 25.560282854367014, 61.495977148786388 ] ] } },
{ "type": "Feature", "properties": { "seg_id": "F01-S03", "feeder_id": "F01", "ss_id": "SS-SYSMA", "parent_seg_id": "F01-S21", "from_node": "F01:421007_6822521", "to_node": "F01:419754_6822169", "downstream_tr": 3, "downstream_kp": 40 }, "geometry": { "type": "LineString", "coordinates": [ [ 25.514679673151104, 61.528177102769035 ], [ 25.5121082690018, 61.52809500566616 ], [ 25.509786274557133, 61.528045905089321 ], [ 25.508769697960297, 61.528208872912138 ], [ 25.50545547756937, 61.529437582542933 ], [ 25.504883477522604, 61.52946114564579 ], [ 25.503411691466244, 61.529276167566863 ], [ 25.501472078202998, 61.52925718414005 ], [ 25.498362397528439, 61.529247509593041 ], [ 25.496829485933493, 61.529255112008585 ], [ 25.495620878024205, 61.52923997390257 ], [ 25.494938560833443, 61.529144844454294 ], [ 25.493270285090102, 61.5285726723856 ], [ 25.49265446491075, 61.528244707275114 ], [ 25.492357010286643, 61.527839247075583 ], [ 25.491274886924391, 61.524763454164514 ] ] } },
{ "type": "Feature", "properties": { "seg_id": "F01-S04", "feeder_id": "F01", "ss_id": "SS-SYSMA", "parent_seg_id": "F01-S41", "from_node": "F01:419881_6821215", "to_node": "F01:418929_6821150", "downstream_tr": 1, "downstream_kp": 6 }, "geometry": { "type": "LineString", "coordinates": [ [ 25.494082969126652, 61.516232790061856 ], [ 25.493055829004746, 61.516127789884209 ], [ 25.489773790352455, 61.51520496866501 ], [ 25.489306419178117, 61.515065910885589 ], [ 25.487642862941644, 61.51459057013048 ], [ 25.485597332199454, 61.51460769369428 ], [ 25.484189432469918, 61.514987249211096 ], [ 25.483431386526831, 61.515421110636183 ], [ 25.482730196583624, 61.515595541576687 ], [ 25.48163443025539, 61.514874177525613 ], [ 25.476214451171863, 61.515449050303907 ] ] } },
{ "type": "Feature", "properties": { "seg_id": "F01-S05", "feeder_id": "F01", "ss_id": "SS-SYSMA", "parent_seg_id": "F01-S19", "from_node": "F01:428680_6824440", "to_node": "F01:428546_6824732", "downstream_tr": 9, "downstream_kp": 193 }, "geometry": { "type": "LineString", "coordinates": [ [ 25.658154357000488, 61.54689761135441 ], [ 25.656098033935677, 61.548495291517995 ], [ 25.655698151189956, 61.548993497310157 ], [ 25.655517789511265, 61.549495937552869 ] ] } },
{ "type": "Feature", "properties": { "seg_id": "F01-S06", "feeder_id": "F01", "ss_id": "SS-SYSMA", "parent_seg_id": "F01-S41", "from_node": "F01:419881_6821215", "to_node": "F01:420412_6820383", "downstream_tr": 1, "downstream_kp": 13 }, "geometry": { "type": "LineString", "coordinates": [ [ 25.494082969126652, 61.516232790061856 ], [ 25.49373241523266, 61.515397930603683 ], [ 25.494460527039863, 61.513388989378555 ], [ 25.496339068130037, 61.512030851747404 ], [ 25.49747851468064, 61.511464139193102 ], [ 25.499605930409235, 61.510646956297094 ], [ 25.501223847621041, 61.509722718892988 ], [ 25.501741162089004, 61.50952008175031 ], [ 25.502629446425722, 61.509249890264222 ], [ 25.503704758540227, 61.508915839479052 ], [ 25.503883326669875, 61.508921964128106 ], [ 25.504406292186932, 61.508872972033423 ] ] } },
{ "type": "Feature", "properties": { "seg_id": "F01-S07", "feeder_id": "F01", "ss_id": "SS-SYSMA", "parent_seg_id": "F01-S28", "from_node": "F01:427290_6820756", "to_node": "F01:427377_6820899", "downstream_tr": 1, "downstream_kp": 12 }, "geometry": { "type": "LineString", "coordinates": [ [ 25.633476967355101, 61.513575408892343 ], [ 25.6342285773672, 61.514135288804724 ], [ 25.634558299070651, 61.514588884095616 ], [ 25.635048570744491, 61.514874120507429 ] ] } },
{ "type": "Feature", "properties": { "seg_id": "F01-S08", "feeder_id": "F01", "ss_id": "SS-SYSMA", "parent_seg_id": "F01-S15", "from_node": "F01:431342_6820123", "to_node": "F01:430077_6819772", "downstream_tr": 23, "downstream_kp": 460 }, "geometry": { "type": "LineString", "coordinates": [ [ 25.709828822861443, 61.50863708382041 ], [ 25.70422795393841, 61.508102576931037 ], [ 25.701694387092708, 61.507898849222514 ], [ 25.701595109656267, 61.507891555724513 ], [ 25.699358561366768, 61.507730348783795 ], [ 25.697431085671912, 61.507613501966837 ], [ 25.693443584041454, 61.507282941852893 ], [ 25.690954971345537, 61.506864532935644 ], [ 25.690754446592067, 61.506822420856814 ], [ 25.688403980613263, 61.506158742453486 ], [ 25.686199806892645, 61.505255446557719 ] ] } },
{ "type": "Feature", "properties": { "seg_id": "F01-S09", "feeder_id": "F01", "ss_id": "SS-SYSMA", "parent_seg_id": "F01-S15", "from_node": "F01:431342_6820123", "to_node": "F01:430814_6823990", "downstream_tr": 2, "downstream_kp": 39 }, "geometry": { "type": "LineString", "coordinates": [ [ 25.709828822861443, 61.50863708382041 ], [ 25.709559967454258, 61.509008593039887 ], [ 25.708027560863069, 61.509126217185802 ], [ 25.706716414991082, 61.509594519989513 ], [ 25.707491657063379, 61.51069542633229 ], [ 25.707675249405888, 61.511343166316124 ], [ 25.707538608841098, 61.511790157970196 ], [ 25.707637335894923, 61.512111256354402 ], [ 25.709049344050321, 61.513336232388333 ], [ 25.710297375244156, 61.514167210720139 ], [ 25.710601748647843, 61.514708058668987 ], [ 25.710473339064865, 61.515034127960483 ], [ 25.710205449962956, 61.515660168915169 ], [ 25.710215588584955, 61.516564225773166 ], [ 25.710134476813447, 61.516858194886908 ], [ 25.709717198827516, 61.517344427844854 ], [ 25.709810051609608, 61.517556030183876 ], [ 25.710384159626834, 61.517872111688213 ], [ 25.711838246026236, 61.519115786155616 ], [ 25.71260794854155, 61.520114261546347 ], [ 25.713093896772147, 61.520409576149142 ], [ 25.713806480587056, 61.52066509582594 ], [ 25.715878970624395, 61.520826023665059 ], [ 25.716739668777489, 61.521035237829587 ], [ 25.717342653119587, 61.521592721370844 ], [ 25.718561995932365, 61.522398587319337 ], [ 25.718953770698302, 61.522955498496941 ], [ 25.719312423995142, 61.524401671535863 ], [ 25.718852213536092, 61.525195517645727 ], [ 25.718355098816335, 61.525724742820408 ], [ 25.718488633856339, 61.525992889525313 ], [ 25.720752007656927, 61.52692155322346 ], [ 25.721451899337787, 61.527351957498972 ], [ 25.721844525601899, 61.527933458209226 ], [ 25.721682290504003, 61.528630307359585 ], [ 25.721666994109466, 61.528707396470622 ], [ 25.721660682275058, 61.529142513288406 ], [ 25.722208962613539, 61.530621668989006 ], [ 25.722090105591633, 61.531108874412183 ], [ 25.722168842354765, 61.531630081312365 ], [ 25.721892053512175, 61.532091754823334 ], [ 25.721891300612217, 61.532370096604815 ], [ 25.722461155654038, 61.533095158668267 ], [ 25.723433475414424, 61.533498435089314 ], [ 25.724200005597105, 61.534171754307138 ], [ 25.722069982541388, 61.534735390691054 ], [ 25.720320709043666, 61.534900296016886 ], [ 25.719053249379638, 61.534897872005935 ], [ 25.717296855468597, 61.535268565963875 ], [ 25.716382625763554, 61.535568937129149 ], [ 25.715221693352778, 61.53526228564985 ], [ 25.714784605818103, 61.535246454476791 ], [ 25.714310666127727, 61.535520637119184 ], [ 25.713667126494851, 61.535715386192038 ], [ 25.711634263690986, 61.536035393163488 ], [ 25.709218717547863, 61.536648095410158 ], [ 25.70848617846881, 61.537041497651487 ], [ 25.707997470705827, 61.537162015729699 ], [ 25.705978974152362, 61.537222499736927 ], [ 25.704821177602195, 61.536915546910556 ], [ 25.703848717397676, 61.53691916467217 ], [ 25.702901152071604, 61.536883310255519 ], [ 25.702125549779737, 61.537011540246908 ], [ 25.700537858611678, 61.537534389579513 ], [ 25.70014440998748, 61.537561629478638 ], [ 25.699568384809339, 61.537480931186948 ], [ 25.698098814533221, 61.537261820806989 ], [ 25.694571477222588, 61.537145668722253 ], [ 25.69253031281287, 61.537961231130758 ], [ 25.694593834025856, 61.538515052894248 ], [ 25.695385198532243, 61.538958495654349 ], [ 25.696136754605838, 61.539992586338407 ], [ 25.69617130209739, 61.540892933611261 ], [ 25.696762716153977, 61.541488931431971 ], [ 25.698099807201899, 61.542959088512241 ], [ 25.698460415472585, 61.543247519480701 ] ] } },
{ "type": "Feature", "properties": { "seg_id": "F01-S10", "feeder_id": "F01", "ss_id": "SS-SYSMA", "parent_seg_id": "F01-S39", "from_node": "F01:423006_6820359", "to_node": "F01:421888_6821949", "downstream_tr": 6, "downstream_kp": 97 }, "geometry": { "type": "LineString", "coordinates": [ [ 25.553155622873142, 61.50918151482071 ], [ 25.552284782643198, 61.50866097028058 ], [ 25.551670359080333, 61.508497813664157 ], [ 25.549027337476325, 61.508459779942122 ], [ 25.548438421798174, 61.508530785674857 ], [ 25.548268508782741, 61.508590860440293 ], [ 25.547738862162511, 61.50878642016027 ], [ 25.546233459151239, 61.509474540033438 ], [ 25.545161660139758, 61.510142423939321 ], [ 25.544564809148333, 61.510744183339177 ], [ 25.544611748953649, 61.511926941901166 ], [ 25.544375893593518, 61.512353656475447 ], [ 25.544107329721211, 61.512773064864142 ], [ 25.542982685088763, 61.513324838363175 ], [ 25.542309060619061, 61.513969485431076 ], [ 25.541802510724459, 61.514265904134888 ], [ 25.539662482182514, 61.51479491639563 ], [ 25.537972095370357, 61.515418798794443 ], [ 25.535123022455249, 61.516074106372166 ], [ 25.533695205073528, 61.51658657098077 ], [ 25.533454356548635, 61.516755801240762 ], [ 25.53370955799021, 61.517743691875317 ], [ 25.534027239403414, 61.518309429772167 ], [ 25.534142617308881, 61.519323659333182 ], [ 25.534143483304614, 61.519522828640874 ], [ 25.534106596212276, 61.520698818733436 ], [ 25.533806138634873, 61.52152132744289 ], [ 25.53364208651297, 61.521834774059471 ], [ 25.533189013744199, 61.522169663185473 ], [ 25.531476857179712, 61.523230790204856 ] ] } },
{ "type": "Feature", "properties": { "seg_id": "F01-S11", "feeder_id": "F01", "ss_id": "SS-SYSMA", "parent_seg_id": "F01-S31", "from_node": "F01:426141_6830204", "to_node": "F01:426449_6829702", "downstream_tr": 1, "downstream_kp": 16 }, "geometry": { "type": "LineString", "coordinates": [ [ 25.608087953245803, 61.59814771952616 ], [ 25.608232934311651, 61.597977611763866 ], [ 25.608328551330757, 61.59779265807925 ], [ 25.609054841288419, 61.59747888689251 ], [ 25.608950335115242, 61.596910135248031 ], [ 25.609106694676353, 61.596640098792491 ], [ 25.610473464790335, 61.596109187775376 ], [ 25.611702338488755, 61.595658936851535 ], [ 25.61233489343558, 61.595213811064767 ], [ 25.613034574784649, 61.594881288419558 ], [ 25.613589015021013, 61.593803596589119 ], [ 25.614096247757647, 61.593703099568955 ] ] } },
{ "type": "Feature", "properties": { "seg_id": "F01-S12", "feeder_id": "F01", "ss_id": "SS-SYSMA", "parent_seg_id": "F01-S09", "from_node": "F01:430814_6823990", "to_node": "F01:429724_6826218", "downstream_tr": 1, "downstream_kp": 17 }, "geometry": { "type": "LineString", "coordinates": [ [ 25.698460415472585, 61.543247519480701 ], [ 25.698774091474004, 61.543608732172572 ], [ 25.698360107539578, 61.544329606266224 ], [ 25.698591001531998, 61.545432690151898 ], [ 25.698744926940467, 61.546050446439544 ], [ 25.698751426761287, 61.546642331369249 ], [ 25.698669502784107, 61.547730653507941 ], [ 25.698583808860732, 61.548259798234021 ], [ 25.698666944675026, 61.54880951437125 ], [ 25.698925533238018, 61.549204686343529 ], [ 25.700523878925544, 61.54988337615729 ], [ 25.701484763821625, 61.550663961351582 ], [ 25.702130945748475, 61.551515899214202 ], [ 25.702235365504059, 61.552268808899633 ], [ 25.702051032156632, 61.553128222063201 ], [ 25.70172015012437, 61.553569123020502 ], [ 25.702059239859619, 61.554103904872711 ], [ 25.700628220594989, 61.555405996949091 ], [ 25.698704341250863, 61.55636818610769 ], [ 25.698133664620588, 61.556458018593986 ], [ 25.696603219421942, 61.556461153237166 ], [ 25.694581913165422, 61.555936075953937 ], [ 25.69099347159063, 61.555527004510076 ], [ 25.689123531728303, 61.555486856476037 ], [ 25.688027201606289, 61.556018906892767 ], [ 25.686307438072316, 61.556470628122348 ], [ 25.686005068428479, 61.556668612304463 ], [ 25.685615570177138, 61.557165583873989 ], [ 25.684362319076108, 61.557961461681501 ], [ 25.683896572534223, 61.558420874316184 ], [ 25.68339409893936, 61.560187067032992 ], [ 25.683056924872158, 61.560559591814737 ], [ 25.677109394520816, 61.563044119672597 ] ] } },
{ "type": "Feature", "properties": { "seg_id": "F01-S13", "feeder_id": "F01", "ss_id": "SS-SYSMA", "parent_seg_id": "F01-S25", "from_node": "F01:428957_6828736", "to_node": "F01:428831_6828677", "downstream_tr": 1, "downstream_kp": 35 }, "geometry": { "type": "LineString", "coordinates": [ [ 25.661707161599438, 61.585507080168391 ], [ 25.660994341791291, 61.585523739333716 ], [ 25.66014349448217, 61.585142954693296 ], [ 25.659353762142178, 61.584952381364218 ] ] } },
{ "type": "Feature", "properties": { "seg_id": "F01-S14", "feeder_id": "F01", "ss_id": "SS-SYSMA", "parent_seg_id": "F01-S31", "from_node": "F01:426141_6830204", "to_node": "F01:424963_6828305", "downstream_tr": 1, "downstream_kp": 32 }, "geometry": { "type": "LineString", "coordinates": [ [ 25.608087953245803, 61.59814771952616 ], [ 25.607741595623096, 61.598007948245886 ], [ 25.606548357457015, 61.597577102194464 ], [ 25.605811846452102, 61.597207181930244 ], [ 25.604631218377083, 61.596995048496957 ], [ 25.603910781432411, 61.596478553971728 ], [ 25.603778431394975, 61.596247593241998 ], [ 25.603860081171643, 61.596138125431857 ], [ 25.604431578777941, 61.595951658991588 ], [ 25.604844523586216, 61.595585246914396 ], [ 25.604712676099041, 61.594816682338553 ], [ 25.604873308276591, 61.594362093750341 ], [ 25.604740589906044, 61.593889166577064 ], [ 25.604483298777406, 61.593616402647356 ], [ 25.603101066874412, 61.593131706956001 ], [ 25.601942817693324, 61.592850391169186 ], [ 25.601379617874613, 61.59245776944514 ], [ 25.601125585523423, 61.592223146265603 ], [ 25.60080402752207, 61.591536601899726 ], [ 25.600129841495203, 61.591090493334015 ], [ 25.599752580139139, 61.590483699853678 ], [ 25.598654757172909, 61.589794250843376 ], [ 25.59865636177388, 61.589613500444514 ], [ 25.599149824677504, 61.589153512944499 ], [ 25.599242791775747, 61.588728953343079 ], [ 25.599535838241046, 61.588400367219307 ], [ 25.599094286622755, 61.587582570220114 ], [ 25.599313260404855, 61.586955047166256 ], [ 25.598885716420348, 61.586438956729559 ], [ 25.598415457867745, 61.586229091572648 ], [ 25.597709767880435, 61.586072411914543 ], [ 25.592779499143194, 61.585871971912582 ], [ 25.591811206429675, 61.585695112749541 ], [ 25.590758563551422, 61.585786637358133 ], [ 25.590017828490254, 61.585955803121919 ], [ 25.589691720651317, 61.585952950059323 ], [ 25.588977407352502, 61.585851516046183 ], [ 25.587968249763954, 61.585932326655005 ], [ 25.587518478241577, 61.58589255451728 ], [ 25.586583912333218, 61.585711282126155 ], [ 25.58628122560464, 61.585501186046947 ], [ 25.585834349160677, 61.585353390406596 ], [ 25.58523635709772, 61.584586944293392 ], [ 25.585134606508877, 61.584086805040613 ], [ 25.58509996716419, 61.583975084514705 ], [ 25.584798993349086, 61.583492052384997 ], [ 25.583856220394871, 61.58291157646282 ], [ 25.584363075121914, 61.582760635744492 ], [ 25.586206200448064, 61.582132654829714 ], [ 25.586500745775652, 61.581929200625147 ], [ 25.586982743722803, 61.581707475149571 ], [ 25.587093253686582, 61.581403077006229 ], [ 25.586967766610442, 61.581086288545933 ], [ 25.586667689899748, 61.580879369568457 ] ] } },
{ "type": "Feature", "properties": { "seg_id": "F01-S15", "feeder_id": "F01", "ss_id": "SS-SYSMA", "parent_seg_id": null, "from_node": "F01:431595_6819951", "to_node": "F01:431342_6820123", "downstream_tr": 25, "downstream_kp": 499 }, "geometry": { "type": "LineString", "coordinates": [ [ 25.714653245521564, 61.507132833528445 ], [ 25.715116576544329, 61.507207138494188 ], [ 25.715390515900577, 61.507386899159691 ], [ 25.715947684317932, 61.507841750573505 ], [ 25.716117950142277, 61.508211766030655 ], [ 25.71642702433622, 61.508842474832086 ], [ 25.717167778486033, 61.508809882081422 ], [ 25.7180456893323, 61.508833720722187 ], [ 25.718764694486158, 61.509155654428334 ], [ 25.718619221553297, 61.509433203766179 ], [ 25.718587601635591, 61.509527512716076 ], [ 25.717956743263692, 61.509497398098894 ], [ 25.715031629006713, 61.509257234746876 ], [ 25.711616337341116, 61.508841320750008 ], [ 25.709828822861443, 61.50863708382041 ] ] } },
{ "type": "Feature", "properties": { "seg_id": "F01-S16", "feeder_id": "F01", "ss_id": "SS-SYSMA", "parent_seg_id": "F01-S24", "from_node": "F01:420812_6823591", "to_node": "F01:420531_6823819", "downstream_tr": 1, "downstream_kp": 22 }, "geometry": { "type": "LineString", "coordinates": [ [ 25.51055275266032, 61.53774205601254 ], [ 25.508535001455723, 61.537612315661008 ], [ 25.507582923949464, 61.537740885026921 ], [ 25.50643437269224, 61.538037861558919 ], [ 25.506433145638738, 61.538534639110395 ], [ 25.506082015418791, 61.539138646560602 ], [ 25.505171781545997, 61.539733606996137 ] ] } },
{ "type": "Feature", "properties": { "seg_id": "F01-S17", "feeder_id": "F01", "ss_id": "SS-SYSMA", "parent_seg_id": "F01-S05", "from_node": "F01:428546_6824732", "to_node": "F01:428167_6826311", "downstream_tr": 8, "downstream_kp": 183 }, "geometry": { "type": "LineString", "coordinates": [ [ 25.655517789511265, 61.549495937552869 ], [ 25.65568133616955, 61.550425406179457 ], [ 25.655816290857814, 61.551325637260511 ], [ 25.655515290189442, 61.552157335373316 ], [ 25.654859901244908, 61.552821855238406 ], [ 25.653704641556203, 61.553595750773844 ], [ 25.650642078455505, 61.555238404487461 ], [ 25.650029230466707, 61.55572558344732 ], [ 25.649559920042794, 61.556294581826428 ], [ 25.649099930853964, 61.557062266008195 ], [ 25.648333531620256, 61.557893709734508 ], [ 25.648018363194225, 61.5593218124407 ], [ 25.647696598765386, 61.561887833016385 ], [ 25.647847919427512, 61.562829076221284 ], [ 25.64778284559851, 61.563591499564367 ] ] } },
{ "type": "Feature", "properties": { "seg_id": "F01-S18", "feeder_id": "F01", "ss_id": "SS-SYSMA", "parent_seg_id": "F01-S42", "from_node": "F01:428716_6821858", "to_node": "F01:428328_6822126", "downstream_tr": 1, "downstream_kp": 18 }, "geometry": { "type": "LineString", "coordinates": [ [ 25.659835996072065, 61.52373331594972 ], [ 25.658037475941242, 61.523843415661595 ], [ 25.65493951046907, 61.524178812142509 ], [ 25.654136786461546, 61.524454153923621 ], [ 25.652893664544635, 61.525266390329605 ], [ 25.652926954969175, 61.525406488144633 ], [ 25.65243723515627, 61.526066641678717 ] ] } },
{ "type": "Feature", "properties": { "seg_id": "F01-S19", "feeder_id": "F01", "ss_id": "SS-SYSMA", "parent_seg_id": "F01-S42", "from_node": "F01:428716_6821858", "to_node": "F01:428680_6824440", "downstream_tr": 10, "downstream_kp": 207 }, "geometry": { "type": "LineString", "coordinates": [ [ 25.659835996072065, 61.52373331594972 ], [ 25.6589997090433, 61.525030994129168 ], [ 25.659012101582029, 61.525911489326894 ], [ 25.659236248690394, 61.526976554581864 ], [ 25.658823478754694, 61.528323276177055 ], [ 25.658598585141494, 61.52901517037953 ], [ 25.658979650089474, 61.530232669125795 ], [ 25.658708785191671, 61.531396042664099 ], [ 25.658786299737574, 61.531912719284854 ], [ 25.659019183136184, 61.532329537476009 ], [ 25.659403902824728, 61.532676628724417 ], [ 25.661254487628081, 61.533759025306878 ], [ 25.661874975727414, 61.534319506484373 ], [ 25.662371739931004, 61.535772306434779 ], [ 25.662352701409066, 61.53688464100032 ], [ 25.662522216144094, 61.538070578254846 ], [ 25.66244284311469, 61.538570756443846 ], [ 25.662202723896712, 61.538993509826213 ], [ 25.661162169143001, 61.540091600449912 ], [ 25.660635218881904, 61.541469789920164 ], [ 25.659423662754499, 61.542590485258437 ], [ 25.658911782683802, 61.543581993744709 ], [ 25.658699739591235, 61.544349343422809 ], [ 25.658740803590149, 61.545579966041338 ], [ 25.658506518982502, 61.546353453645324 ], [ 25.658154357000488, 61.54689761135441 ] ] } },
{ "type": "Feature", "properties": { "seg_id": "F01-S20", "feeder_id": "F01", "ss_id": "SS-SYSMA", "parent_seg_id": "F01-S24", "from_node": "F01:420812_6823591", "to_node": "F01:421317_6823727", "downstream_tr": 1, "downstream_kp": 11 }, "geometry": { "type": "LineString", "coordinates": [ [ 25.51055275266032, 61.53774205601254 ], [ 25.509842498099115, 61.538454498000156 ], [ 25.509904526670326, 61.53924982080742 ], [ 25.510589187158757, 61.539656635239133 ], [ 25.511994416458304, 61.53995487417891 ], [ 25.512633401165079, 61.54002347619339 ], [ 25.51330337205837, 61.539815856407728 ], [ 25.51525707265543, 61.539608373613476 ], [ 25.517326398667457, 61.539064039062225 ], [ 25.519990859210321, 61.539063853452355 ] ] } },
{ "type": "Feature", "properties": { "seg_id": "F01-S21", "feeder_id": "F01", "ss_id": "SS-SYSMA", "parent_seg_id": "F01-S10", "from_node": "F01:421888_6821949", "to_node": "F01:421007_6822521", "downstream_tr": 5, "downstream_kp": 73 }, "geometry": { "type": "LineString", "coordinates": [ [ 25.531476857179712, 61.523230790204856 ], [ 25.529804607613773, 61.523953771037924 ], [ 25.528823358280089, 61.524240099160053 ], [ 25.527200984820425, 61.524512669973305 ], [ 25.526799238686074, 61.524568958771603 ], [ 25.525617094581328, 61.524735177351189 ], [ 25.521768230600252, 61.525253794091299 ], [ 25.521006437686243, 61.525461399828835 ], [ 25.520862162050825, 61.525535627476522 ], [ 25.520534436151284, 61.525740716375608 ], [ 25.518255629714435, 61.527224205772349 ], [ 25.517243216884893, 61.527871547181768 ], [ 25.516665879981243, 61.52809584230102 ], [ 25.515945333973324, 61.528200585125333 ], [ 25.514679673151104, 61.528177102769035 ] ] } },
{ "type": "Feature", "properties": { "seg_id": "F01-S22", "feeder_id": "F01", "ss_id": "SS-SYSMA", "parent_seg_id": "F01-S33", "from_node": "F01:427884_6826729", "to_node": "F01:426220_6825976", "downstream_tr": 2, "downstream_kp": 30 }, "geometry": { "type": "LineString", "coordinates": [ [ 25.642282630461306, 61.567294140631809 ], [ 25.641854276502471, 61.567082721989451 ], [ 25.640729978914031, 61.566199472006431 ], [ 25.640029704473879, 61.56539874596281 ], [ 25.63921049438915, 61.564993529941333 ], [ 25.638314850083731, 61.564707266775677 ], [ 25.637009343658558, 61.564610171763526 ], [ 25.636328503165416, 61.564487426898474 ], [ 25.63350976824891, 61.563346529838768 ], [ 25.627111834125945, 61.562053247436559 ], [ 25.626493758079008, 61.561878954103207 ], [ 25.626262088624728, 61.561712119031128 ], [ 25.625804038010134, 61.56095300645012 ], [ 25.625478910194666, 61.560708804957095 ], [ 25.624930119489562, 61.560466165241088 ], [ 25.62397462026227, 61.560274430167667 ], [ 25.623105125163629, 61.56017269463905 ], [ 25.621132063013988, 61.559835775616015 ], [ 25.618200978630636, 61.560137507864354 ], [ 25.616581977484461, 61.559896169764606 ], [ 25.615979958327923, 61.559870784817676 ], [ 25.615343931495001, 61.559927619591562 ], [ 25.614054990954333, 61.560261884515327 ], [ 25.611279991531219, 61.560215066853971 ] ] } },
{ "type": "Feature", "properties": { "seg_id": "F01-S23", "feeder_id": "F01", "ss_id": "SS-SYSMA", "parent_seg_id": "F01-S22", "from_node": "F01:426220_6825976", "to_node": "F01:424867_6826397", "downstream_tr": 1, "downstream_kp": 19 }, "geometry": { "type": "LineString", "coordinates": [ [ 25.611279991531219, 61.560215066853971 ], [ 25.608944329397776, 61.56045703017395 ], [ 25.608406337722805, 61.560660069136368 ], [ 25.606278600787846, 61.56282238525452 ], [ 25.605258592634573, 61.562639306274534 ], [ 25.603568368003213, 61.562575752366165 ], [ 25.600631935858384, 61.562807939354336 ], [ 25.597268031660281, 61.562158076437555 ], [ 25.595154931885798, 61.562288834680068 ], [ 25.59430333573243, 61.56219248681704 ], [ 25.590355661520764, 61.561126837416751 ], [ 25.588737382159188, 61.561015168381765 ], [ 25.588795321242131, 61.561893969267963 ], [ 25.588679502761451, 61.562188707880232 ], [ 25.587396122652343, 61.562876575037265 ], [ 25.586153293293929, 61.563281906945306 ], [ 25.585639135702781, 61.563735285379934 ] ] } },
{ "type": "Feature", "properties": { "seg_id": "F01-S24", "feeder_id": "F01", "ss_id": "SS-SYSMA", "parent_seg_id": "F01-S21", "from_node": "F01:421007_6822521", "to_node": "F01:420812_6823591", "downstream_tr": 2, "downstream_kp": 33 }, "geometry": { "type": "LineString", "coordinates": [ [ 25.514679673151104, 61.528177102769035 ], [ 25.514632994625106, 61.528713278424782 ], [ 25.515272738906123, 61.529275122065016 ], [ 25.51532077023365, 61.530007726540589 ], [ 25.515529592746464, 61.530515128746302 ], [ 25.515059552216236, 61.532023355714891 ], [ 25.515461328971021, 61.533516992436795 ], [ 25.515395919054313, 61.534048079710928 ], [ 25.515764920366955, 61.534609713354442 ], [ 25.515780815844668, 61.534961299908495 ], [ 25.515569665156441, 61.535196063134698 ], [ 25.514743747990686, 61.535677360504522 ], [ 25.513605132812376, 61.536122563732427 ], [ 25.512452692599624, 61.536746798680241 ], [ 25.511235372277426, 61.537194798204126 ], [ 25.51055275266032, 61.53774205601254 ] ] } },
{ "type": "Feature", "properties": { "seg_id": "F01-S25", "feeder_id": "F01", "ss_id": "SS-SYSMA", "parent_seg_id": "F01-S30", "from_node": "F01:428147_6826686", "to_node": "F01:428957_6828736", "downstream_tr": 4, "downstream_kp": 112 }, "geometry": { "type": "LineString", "coordinates": [ [ 25.647261654960683, 61.566958015116036 ], [ 25.648137323217124, 61.56783296745904 ], [ 25.650256304196034, 61.569022768285322 ], [ 25.651333738521551, 61.569926554921295 ], [ 25.651864323649395, 61.570831410956266 ], [ 25.65227998803509, 61.572149075870996 ], [ 25.653025142972673, 61.573055936198692 ], [ 25.654392459735043, 61.574437415982771 ], [ 25.655439139461823, 61.575062900311153 ], [ 25.658747020397836, 61.576588732026103 ], [ 25.65933333030155, 61.577064661245061 ], [ 25.65966056971472, 61.577641300203318 ], [ 25.659715585780102, 61.578932020352383 ], [ 25.659891896753596, 61.58073368365563 ], [ 25.660692957530149, 61.581737339555062 ], [ 25.661669087350948, 61.582773465101653 ], [ 25.661923777826917, 61.583393174056333 ], [ 25.661642520325625, 61.58497362904923 ], [ 25.661707161599438, 61.585507080168391 ] ] } },
{ "type": "Feature", "properties": { "seg_id": "F01-S26", "feeder_id": "F01", "ss_id": "SS-SYSMA", "parent_seg_id": "F01-S22", "from_node": "F01:426220_6825976", "to_node": "F01:424984_6824370", "downstream_tr": 1, "downstream_kp": 11 }, "geometry": { "type": "LineString", "coordinates": [ [ 25.611279991531219, 61.560215066853971 ], [ 25.610917977256502, 61.559940933115918 ], [ 25.610566583298695, 61.559151999683678 ], [ 25.609363411643955, 61.558440420071555 ], [ 25.608978722063124, 61.558101367188065 ], [ 25.607703626019077, 61.554933353187664 ], [ 25.606373436353142, 61.554336705314839 ], [ 25.604312448070491, 61.553747321134651 ], [ 25.603141705374863, 61.553195483538317 ], [ 25.601703913833255, 61.552418923670125 ], [ 25.600257224293383, 61.550966839971899 ], [ 25.598516450812799, 61.54962153766121 ], [ 25.596909327874737, 61.548783811971624 ], [ 25.595473117740273, 61.548205878299541 ], [ 25.594677000999262, 61.54799343274663 ], [ 25.59477815164167, 61.547683524219188 ], [ 25.59407971015451, 61.54741745407815 ], [ 25.593676754035229, 61.54691313963982 ], [ 25.592393428804463, 61.546487121467344 ], [ 25.591038314221606, 61.546208570801575 ], [ 25.589636188264663, 61.545450832432913 ], [ 25.589175704064338, 61.545422811426967 ], [ 25.588671039224476, 61.545563545036998 ] ] } },
{ "type": "Feature", "properties": { "seg_id": "F01-S27", "feeder_id": "F01", "ss_id": "SS-SYSMA", "parent_seg_id": "F01-S34", "from_node": "F01:429353_6819243", "to_node": "F01:424415_6819702", "downstream_tr": 9, "downstream_kp": 176 }, "geometry": { "type": "LineString", "coordinates": [ [ 25.672814051788851, 61.500382247986003 ], [ 25.671150127378489, 61.498350389219581 ], [ 25.669914039311475, 61.49753117738517 ], [ 25.667409898957974, 61.496517673558621 ], [ 25.66621696309976, 61.496041263250021 ], [ 25.66614761654213, 61.496009096331406 ], [ 25.665530003169103, 61.495665526071328 ], [ 25.66506444578102, 61.495200818241045 ], [ 25.664674825461383, 61.494787499445877 ], [ 25.664216790688752, 61.494516853235751 ], [ 25.663007070975265, 61.493954558809769 ], [ 25.661651217570256, 61.492964562044321 ], [ 25.65906548852681, 61.491791841748693 ], [ 25.65808295696268, 61.491413103309256 ], [ 25.656216795816242, 61.491084696632377 ], [ 25.654194311204158, 61.491057659465433 ], [ 25.652793321635851, 61.491259223128651 ], [ 25.650119469662446, 61.491813922713696 ], [ 25.647966927057531, 61.492079034807603 ], [ 25.64476872815737, 61.492279047145651 ], [ 25.642176453291103, 61.492732657412454 ], [ 25.636512093381953, 61.493530414301894 ], [ 25.635151678755438, 61.493708662798596 ], [ 25.634528333913348, 61.493780877557541 ], [ 25.629991441453608, 61.494416130346814 ], [ 25.628765313209978, 61.494491583166599 ], [ 25.627199537066215, 61.494463296220445 ], [ 25.625516401338782, 61.494483866341959 ], [ 25.623900561144193, 61.494667929852653 ], [ 25.622843824537252, 61.494642726844354 ], [ 25.6212507017486, 61.494312422303778 ], [ 25.619428797375235, 61.493447114765146 ], [ 25.617835684156404, 61.493177619026014 ], [ 25.616144220233704, 61.493209838674225 ], [ 25.614701403830388, 61.493172601004368 ], [ 25.613094067260718, 61.493002720083638 ], [ 25.612068579289229, 61.493003133626104 ], [ 25.605857337499735, 61.493707214352838 ], [ 25.604612704225545, 61.4939983244345 ], [ 25.603559801207535, 61.49435483011267 ], [ 25.602470891832425, 61.49455447806529 ], [ 25.601115154327506, 61.494572354428065 ], [ 25.599170629237946, 61.494334329397098 ], [ 25.597962681889001, 61.494231896099414 ], [ 25.596376910677289, 61.494282431108836 ], [ 25.594418176051118, 61.494502546230272 ], [ 25.592459251075375, 61.494722083745529 ], [ 25.591387760720103, 61.494969142341851 ], [ 25.590686891797731, 61.495279235844073 ], [ 25.589839937102187, 61.495874776408485 ], [ 25.589158303295083, 61.496113169390661 ], [ 25.586828587582477, 61.496276830935734 ], [ 25.586796413343937, 61.496322666193556 ], [ 25.586099186880944, 61.49682317825112 ], [ 25.586003771587379, 61.497532210127737 ], [ 25.585530482586051, 61.498033998470248 ], [ 25.585107672089826, 61.4985317934973 ], [ 25.584772787916631, 61.499339861837839 ], [ 25.583233211032294, 61.500396299578654 ], [ 25.583014492585651, 61.500765172533704 ], [ 25.582891088483148, 61.501474278020154 ], [ 25.581794580109595, 61.502029987653906 ], [ 25.579877143989613, 61.503561124316583 ] ] } },
{ "type": "Feature", "properties": { "seg_id": "F01-S28", "feeder_id": "F01", "ss_id": "SS-SYSMA", "parent_seg_id": "F01-S34", "from_node": "F01:429353_6819243", "to_node": "F01:427290_6820756", "downstream_tr": 2, "downstream_kp": 33 }, "geometry": { "type": "LineString", "coordinates": [ [ 25.672814051788851, 61.500382247986003 ], [ 25.671417120742962, 61.500738584011934 ], [ 25.670542714056189, 61.500961738032196 ], [ 25.669810150215881, 61.501151854120913 ], [ 25.668300278978268, 61.501590512948439 ], [ 25.667750441726128, 61.501865085492369 ], [ 25.667314069965023, 61.502235219810373 ], [ 25.664316347724675, 61.501264496866305 ], [ 25.662050342462873, 61.500359839226576 ], [ 25.660379998630102, 61.499691924293828 ], [ 25.659636602475295, 61.499584580945424 ], [ 25.658819244250182, 61.499717689774236 ], [ 25.657337713001201, 61.500001113363695 ], [ 25.656664102650243, 61.499899316988305 ], [ 25.655656233670722, 61.499696724779085 ], [ 25.65509265764576, 61.499642756505615 ], [ 25.649377144049009, 61.499755473964228 ], [ 25.64864699967524, 61.499855366708871 ], [ 25.648092163084744, 61.500090709726472 ], [ 25.646747162729739, 61.501122688190776 ], [ 25.642696762017501, 61.503095745451958 ], [ 25.641205960268064, 61.503854975517115 ], [ 25.640012298840333, 61.505144369234344 ], [ 25.639703914369779, 61.505529933632957 ], [ 25.638690185262259, 61.506866755873247 ], [ 25.63866973478963, 61.508591145221189 ], [ 25.638098539999405, 61.509517028053025 ], [ 25.637788542911977, 61.509780239610606 ], [ 25.635525758621633, 61.510954450709136 ], [ 25.635252516138248, 61.511287337373091 ], [ 25.634845107639588, 61.512394850517232 ], [ 25.633989649734009, 61.513096971664666 ], [ 25.633476967355101, 61.513575408892343 ] ] } },
{ "type": "Feature", "properties": { "seg_id": "F01-S29", "feeder_id": "F01", "ss_id": "SS-SYSMA", "parent_seg_id": "F01-S25", "from_node": "F01:428957_6828736", "to_node": "F01:426604_6831024", "downstream_tr": 3, "downstream_kp": 77 }, "geometry": { "type": "LineString", "coordinates": [ [ 25.661707161599438, 61.585507080168391 ], [ 25.661813323691284, 61.585997375142043 ], [ 25.662150689796448, 61.587656198054582 ], [ 25.661971463394064, 61.588912505654157 ], [ 25.662186697821102, 61.589933451398579 ], [ 25.662669009510108, 61.591334753366922 ], [ 25.66292854286824, 61.592991232485744 ], [ 25.663832398278906, 61.594715170441894 ], [ 25.664000010618608, 61.595063492682748 ], [ 25.664131202164548, 61.595287845274299 ], [ 25.664675664642733, 61.596547776275649 ], [ 25.664802572855312, 61.597271304882128 ], [ 25.664745554076749, 61.598380251163448 ], [ 25.664374053997093, 61.599342441431098 ], [ 25.663340220046742, 61.600498584240128 ], [ 25.6609377623607, 61.600243915070244 ], [ 25.65943073778973, 61.600372216691568 ], [ 25.656320045335988, 61.601152828658137 ], [ 25.654029528586221, 61.601596837404756 ], [ 25.653439910000554, 61.6017073024789 ], [ 25.652051804591608, 61.601790320871963 ], [ 25.650466789023696, 61.60215666441843 ], [ 25.646001742344321, 61.602636752932177 ], [ 25.644842522264501, 61.60275612910285 ], [ 25.643076479253008, 61.602512795097951 ], [ 25.642290625923408, 61.602495009290735 ], [ 25.639777110383111, 61.602731254588171 ], [ 25.637729356576298, 61.602469848497073 ], [ 25.63593754777235, 61.602642963907755 ], [ 25.631377497365488, 61.603332138981223 ], [ 25.627739668225843, 61.603554121421801 ], [ 25.625080593593999, 61.603959067966038 ], [ 25.623043370092109, 61.604401381012302 ], [ 25.619875185241355, 61.604727959090233 ], [ 25.61649056636703, 61.605593015484708 ] ] } },
{ "type": "Feature", "properties": { "seg_id": "F01-S30", "feeder_id": "F01", "ss_id": "SS-SYSMA", "parent_seg_id": "F01-S17", "from_node": "F01:428167_6826311", "to_node": "F01:428147_6826686", "downstream_tr": 7, "downstream_kp": 167 }, "geometry": { "type": "LineString", "coordinates": [ [ 25.64778284559851, 61.563591499564367 ], [ 25.646975191761463, 61.564649332542906 ], [ 25.646732568512896, 61.565273854455505 ], [ 25.646773578998349, 61.565915174485234 ], [ 25.647261654960683, 61.566958015116036 ] ] } },
{ "type": "Feature", "properties": { "seg_id": "F01-S31", "feeder_id": "F01", "ss_id": "SS-SYSMA", "parent_seg_id": "F01-S29", "from_node": "F01:426604_6831024", "to_node": "F01:426141_6830204", "downstream_tr": 2, "downstream_kp": 48 }, "geometry": { "type": "LineString", "coordinates": [ [ 25.61649056636703, 61.605593015484708 ], [ 25.615861047347781, 61.605190717705085 ], [ 25.614940270307368, 61.603799757918324 ], [ 25.614570943076313, 61.603723775549554 ], [ 25.613397916506973, 61.603695730776131 ], [ 25.6127925779052, 61.603337011837553 ], [ 25.611776568574872, 61.602903505497338 ], [ 25.611313497884098, 61.601894920348364 ], [ 25.610881541730155, 61.601444827036204 ], [ 25.610112499686398, 61.600929059201057 ], [ 25.608531731587764, 61.600215030375288 ], [ 25.608380211293881, 61.599687192024113 ], [ 25.60827022029962, 61.59943786011381 ], [ 25.608057492502677, 61.598346649002423 ], [ 25.608087953245803, 61.59814771952616 ] ] } },
{ "type": "Feature", "properties": { "seg_id": "F01-S32", "feeder_id": "F01", "ss_id": "SS-SYSMA", "parent_seg_id": "F01-S01", "from_node": "F01:429897_6819820", "to_node": "F01:430105_6821674", "downstream_tr": 1, "downstream_kp": 26 }, "geometry": { "type": "LineString", "coordinates": [ [ 25.68281365542785, 61.505654795181044 ], [ 25.682077351927386, 61.508048389508964 ], [ 25.6816061665033, 61.508886363549763 ], [ 25.680811811035031, 61.510222644157984 ], [ 25.680632628127292, 61.510723877558938 ], [ 25.680967489545996, 61.511588937565811 ], [ 25.680822148014244, 61.513028468095428 ], [ 25.681051618322414, 61.51348161464233 ], [ 25.681624784036519, 61.514613446027781 ], [ 25.681735396526346, 61.51520885651022 ], [ 25.681743782482137, 61.515786759678676 ], [ 25.681741971132809, 61.516009758580012 ], [ 25.681886965597833, 61.516700762946641 ], [ 25.682132499591113, 61.517164873347703 ], [ 25.682732805145736, 61.51777203234456 ], [ 25.682877045538845, 61.51798930394223 ], [ 25.683121226949698, 61.519070292737197 ], [ 25.683314184170502, 61.519721786412916 ], [ 25.68368830355907, 61.520794788492992 ], [ 25.683608738619753, 61.52111754342824 ], [ 25.685793306074384, 61.521188824475033 ], [ 25.686018993379189, 61.521267531319168 ], [ 25.686000709976486, 61.522337393789115 ] ] } },
{ "type": "Feature", "properties": { "seg_id": "F01-S33", "feeder_id": "F01", "ss_id": "SS-SYSMA", "parent_seg_id": "F01-S30", "from_node": "F01:428147_6826686", "to_node": "F01:427884_6826729", "downstream_tr": 3, "downstream_kp": 55 }, "geometry": { "type": "LineString", "coordinates": [ [ 25.647261654960683, 61.566958015116036 ], [ 25.644832910369157, 61.566963726044278 ], [ 25.642282630461306, 61.567294140631809 ] ] } },
{ "type": "Feature", "properties": { "seg_id": "F01-S34", "feeder_id": "F01", "ss_id": "SS-SYSMA", "parent_seg_id": "F01-S08", "from_node": "F01:430077_6819772", "to_node": "F01:429353_6819243", "downstream_tr": 11, "downstream_kp": 209 }, "geometry": { "type": "LineString", "coordinates": [ [ 25.686199806892645, 61.505255446557719 ], [ 25.68517341376845, 61.504764037949371 ], [ 25.684221146402074, 61.504296217228088 ], [ 25.683658454049255, 61.503959086044802 ], [ 25.683093453977278, 61.503782412341415 ], [ 25.681758090596809, 61.503645565864709 ], [ 25.679077952706315, 61.503311560094296 ], [ 25.67817903263316, 61.503101139862842 ], [ 25.677640460036301, 61.502863987337889 ], [ 25.676686599422567, 61.502256945163701 ], [ 25.673801696351639, 61.501050134361208 ], [ 25.672814051788851, 61.500382247986003 ] ] } },
{ "type": "Feature", "properties": { "seg_id": "F01-S35", "feeder_id": "F01", "ss_id": "SS-SYSMA", "parent_seg_id": "F01-S27", "from_node": "F01:424415_6819702", "to_node": "F01:424975_6820582", "downstream_tr": 1, "downstream_kp": 16 }, "geometry": { "type": "LineString", "coordinates": [ [ 25.579877143989613, 61.503561124316583 ], [ 25.5808291222957, 61.505149205947312 ], [ 25.58076222166974, 61.505543080345163 ], [ 25.580986665602296, 61.506766379933659 ], [ 25.581211048261615, 61.507122717240392 ], [ 25.582414605033627, 61.507711269222753 ], [ 25.583061832795117, 61.508283292772525 ], [ 25.584828516221453, 61.508966730276882 ], [ 25.586584862060565, 61.509258537346668 ], [ 25.589158309651378, 61.509922392799837 ], [ 25.589804941140066, 61.510710073153902 ], [ 25.590101732245373, 61.511357066414661 ], [ 25.590051110824408, 61.511572615833614 ] ] } },
{ "type": "Feature", "properties": { "seg_id": "F01-S36", "feeder_id": "F01", "ss_id": "SS-SYSMA", "parent_seg_id": "F01-S28", "from_node": "F01:427290_6820756", "to_node": "F01:425217_6822086", "downstream_tr": 1, "downstream_kp": 21 }, "geometry": { "type": "LineString", "coordinates": [ [ 25.633476967355101, 61.513575408892343 ], [ 25.632775347623365, 61.513980175225029 ], [ 25.63135870190893, 61.514405016863925 ], [ 25.63089258003539, 61.514684558628666 ], [ 25.630501165015541, 61.515087658225298 ], [ 25.629003449003772, 61.516437197130053 ], [ 25.627891310513093, 61.517301523567461 ], [ 25.626889275692971, 61.518307249183358 ], [ 25.626102284758606, 61.519095695531448 ], [ 25.625209278832447, 61.520043724002214 ], [ 25.62136978613351, 61.523448319365968 ], [ 25.620839331980626, 61.523724637192196 ], [ 25.615731860093085, 61.52447580533746 ], [ 25.611407444927035, 61.52411286289081 ], [ 25.610502988517677, 61.523841884764828 ], [ 25.609265351122264, 61.523430797569596 ], [ 25.607386864072623, 61.523012889671463 ], [ 25.606189506509054, 61.522536542065389 ], [ 25.605681241014704, 61.522477737518344 ], [ 25.605222641537871, 61.522513545818541 ], [ 25.603613870675261, 61.523130349992527 ], [ 25.601767717555056, 61.523671661358385 ], [ 25.601309351963216, 61.524140184989008 ], [ 25.600612213197152, 61.524381209625815 ], [ 25.598855943812858, 61.525043610472594 ], [ 25.596488246279389, 61.525479358015616 ], [ 25.595764570917868, 61.525464794738106 ], [ 25.593973138989512, 61.525118484274522 ] ] } },
{ "type": "Feature", "properties": { "seg_id": "F01-S37", "feeder_id": "F01", "ss_id": "SS-SYSMA", "parent_seg_id": "F01-S05", "from_node": "F01:428546_6824732", "to_node": "F01:427133_6824850", "downstream_tr": 1, "downstream_kp": 10 }, "geometry": { "type": "LineString", "coordinates": [ [ 25.655517789511265, 61.549495937552869 ], [ 25.655243370759933, 61.549495893059095 ], [ 25.654389169115714, 61.549572909974884 ], [ 25.652827123795916, 61.549567904863117 ], [ 25.650555147558812, 61.54988947539421 ], [ 25.649008899407541, 61.550095624203607 ], [ 25.648324859298093, 61.550111570769936 ], [ 25.646634472633835, 61.549992689340897 ], [ 25.645191306426796, 61.549648542199499 ], [ 25.644451425770466, 61.549593192174683 ], [ 25.641350855574064, 61.550013226287028 ], [ 25.640473227675276, 61.549974557074314 ], [ 25.638852260352476, 61.549361811140301 ], [ 25.63730143078136, 61.548355874771218 ], [ 25.636135856239331, 61.54804570071331 ], [ 25.634683891898263, 61.547372638734402 ], [ 25.631787793585904, 61.546778502887676 ], [ 25.6292359260216, 61.54630606274592 ], [ 25.628594551252924, 61.546112661441242 ], [ 25.628030888448784, 61.545777386189684 ], [ 25.627533736083713, 61.545089505639901 ], [ 25.627161626345551, 61.544958672873747 ], [ 25.626629968530228, 61.545036961810936 ], [ 25.6247485229134, 61.545716998827203 ], [ 25.623735930402873, 61.545992179866353 ], [ 25.620639992742664, 61.546134110693409 ], [ 25.61981147340466, 61.547208072717126 ], [ 25.620519094444237, 61.548309301366096 ], [ 25.620787477298119, 61.548514345070885 ], [ 25.62270846877885, 61.549344313468005 ], [ 25.623155131215274, 61.549361288204814 ], [ 25.62409899378002, 61.549250874794673 ], [ 25.625308626984168, 61.549545677497363 ], [ 25.626464965687799, 61.549445790551808 ], [ 25.627223610614564, 61.549507586235869 ], [ 25.628164554415203, 61.549760711984284 ], [ 25.628521800958652, 61.550125751048469 ], [ 25.628890907730465, 61.550286468693194 ] ] } },
{ "type": "Feature", "properties": { "seg_id": "F01-S38", "feeder_id": "F01", "ss_id": "SS-SYSMA", "parent_seg_id": "F01-S29", "from_node": "F01:426604_6831024", "to_node": "F01:422988_6830504", "downstream_tr": 1, "downstream_kp": 29 }, "geometry": { "type": "LineString", "coordinates": [ [ 25.61649056636703, 61.605593015484708 ], [ 25.615331854935448, 61.605930991830085 ], [ 25.613391847196144, 61.60613922385933 ], [ 25.612460066052172, 61.606272413372892 ], [ 25.609805820757941, 61.607062330286375 ], [ 25.60861822373381, 61.607642447696279 ], [ 25.606113979410672, 61.608468620571273 ], [ 25.605370916604734, 61.608483606938307 ], [ 25.604436101754828, 61.608291383489941 ], [ 25.600325332297295, 61.607486295120701 ], [ 25.599303999795676, 61.607503283919804 ], [ 25.598115793853797, 61.607418963119045 ], [ 25.596888390175099, 61.607170228917198 ], [ 25.595342711056087, 61.607279880239133 ], [ 25.593263876344569, 61.607148744532743 ], [ 25.593076527249739, 61.606911174075776 ], [ 25.59278569812238, 61.606803643613944 ], [ 25.591902543774143, 61.606708357998727 ], [ 25.590898957676878, 61.60674555171201 ], [ 25.588184717709183, 61.607129705115085 ], [ 25.586664985635078, 61.607110305637995 ], [ 25.585588274394993, 61.60683193390598 ], [ 25.584436473946546, 61.606311915367471 ], [ 25.582520727268829, 61.606262814983957 ], [ 25.581921679313986, 61.606153286505567 ], [ 25.580774668867619, 61.606086202999045 ], [ 25.579053427680339, 61.606081426594301 ], [ 25.578630811331337, 61.605917294531309 ], [ 25.578229296829274, 61.605438537395599 ], [ 25.577335867250078, 61.605017071680898 ], [ 25.576310366723757, 61.603945951385647 ], [ 25.575139595436397, 61.603452248619696 ], [ 25.574428066367048, 61.603131127247273 ], [ 25.573179226222184, 61.602832346072923 ], [ 25.571300242127936, 61.602537232299042 ], [ 25.56907466861859, 61.602062062931658 ], [ 25.568300820267662, 61.601991298482979 ], [ 25.567123172642408, 61.602064518416661 ], [ 25.564789805200853, 61.60165682549539 ], [ 25.562871431730724, 61.60096806887617 ], [ 25.562285813242106, 61.600471166170095 ], [ 25.561853533198999, 61.60029904089847 ], [ 25.560239538610272, 61.60041367077023 ], [ 25.559424778077165, 61.600393102085349 ], [ 25.558758483404791, 61.600285517500424 ], [ 25.556905344147243, 61.599776855637543 ], [ 25.555955292392817, 61.599392961659255 ], [ 25.555531913553398, 61.599349709042222 ], [ 25.554595790922843, 61.599405358883573 ], [ 25.554086686981346, 61.599439015329487 ], [ 25.553743254783395, 61.599558111990085 ], [ 25.553440014516408, 61.59963053007754 ], [ 25.552289033291267, 61.599549030809484 ], [ 25.551477291402207, 61.599623018032368 ], [ 25.550087252329039, 61.599786815376987 ], [ 25.549206764288236, 61.600101244547318 ], [ 25.548558134194792, 61.600219878858148 ] ] } },
{ "type": "Feature", "properties": { "seg_id": "F01-S39", "feeder_id": "F01", "ss_id": "SS-SYSMA", "parent_seg_id": "F01-S44", "from_node": "F01:423310_6820056", "to_node": "F01:423006_6820359", "downstream_tr": 7, "downstream_kp": 127 }, "geometry": { "type": "LineString", "coordinates": [ [ 25.558985869848122, 61.50652268109426 ], [ 25.558574618837888, 61.506937626394411 ], [ 25.557864985896696, 61.507391070896347 ], [ 25.557373600754975, 61.507961629794387 ], [ 25.555608152637305, 61.509070531565406 ], [ 25.555077389507559, 61.509241577626014 ], [ 25.553155622873142, 61.50918151482071 ] ] } },
{ "type": "Feature", "properties": { "seg_id": "F01-S40", "feeder_id": "F01", "ss_id": "SS-SYSMA", "parent_seg_id": "F01-S33", "from_node": "F01:427884_6826729", "to_node": "F01:426860_6827785", "downstream_tr": 1, "downstream_kp": 25 }, "geometry": { "type": "LineString", "coordinates": [ [ 25.642282630461306, 61.567294140631809 ], [ 25.641296245053688, 61.567629208014218 ], [ 25.640760015113912, 61.567929601655713 ], [ 25.639410517744505, 61.569360177162459 ], [ 25.639124969144369, 61.569633772131169 ], [ 25.638016758575567, 61.570410209569843 ], [ 25.63712319449996, 61.570834107875321 ], [ 25.636521274921925, 61.571482053598203 ], [ 25.636286622406708, 61.571927569873438 ], [ 25.635925804145295, 61.572156242580959 ], [ 25.634251961072614, 61.572480202132873 ], [ 25.63235829359375, 61.572607869951987 ], [ 25.631861037811145, 61.572704438767481 ], [ 25.630735608124585, 61.573088651288131 ], [ 25.628219264781251, 61.573453950410084 ], [ 25.627337971534768, 61.573539355096891 ], [ 25.625411673309177, 61.573152442495683 ], [ 25.624353415938202, 61.573154443092399 ], [ 25.623425420635478, 61.573320455650475 ], [ 25.622075868172328, 61.573426616772053 ], [ 25.62059804753763, 61.57331419740165 ], [ 25.620362726472411, 61.573653976537855 ], [ 25.620906481344324, 61.574399506260725 ], [ 25.621207816840379, 61.575383867446682 ], [ 25.621075587505398, 61.575620062668385 ], [ 25.622050545424326, 61.575923810730245 ], [ 25.62259125520422, 61.576575459256006 ] ] } },
{ "type": "Feature", "properties": { "seg_id": "F01-S41", "feeder_id": "F01", "ss_id": "SS-SYSMA", "parent_seg_id": "F01-S03", "from_node": "F01:419754_6822169", "to_node": "F01:419881_6821215", "downstream_tr": 2, "downstream_kp": 19 }, "geometry": { "type": "LineString", "coordinates": [ [ 25.491274886924391, 61.524763454164514 ], [ 25.491624094607559, 61.522917238004837 ], [ 25.492477148839004, 61.521777966152385 ], [ 25.493627310221701, 61.520255687958716 ], [ 25.495061993271666, 61.518380660099666 ], [ 25.495180219011665, 61.517975982860619 ], [ 25.494996294768853, 61.517608738319765 ], [ 25.494082969126652, 61.516232790061856 ] ] } },
{ "type": "Feature", "properties": { "seg_id": "F01-S42", "feeder_id": "F01", "ss_id": "SS-SYSMA", "parent_seg_id": "F01-S01", "from_node": "F01:429897_6819820", "to_node": "F01:428716_6821858", "downstream_tr": 11, "downstream_kp": 225 }, "geometry": { "type": "LineString", "coordinates": [ [ 25.68281365542785, 61.505654795181044 ], [ 25.680705354690001, 61.505787398451915 ], [ 25.679044754722199, 61.505911690255573 ], [ 25.678145371595431, 61.505981819033529 ], [ 25.676421285001531, 61.506134994269516 ], [ 25.676024956397367, 61.506175565249102 ], [ 25.674912363087699, 61.506274499464652 ], [ 25.67117621389955, 61.506619180675067 ], [ 25.670639565791152, 61.506631711924399 ], [ 25.670333930792026, 61.506501084407539 ], [ 25.669351882842726, 61.506758980063445 ], [ 25.668101453348314, 61.506896360413911 ], [ 25.666462726819915, 61.507139563359644 ], [ 25.664245629134616, 61.507988487175346 ], [ 25.663321128094619, 61.50825976974042 ], [ 25.662825511053185, 61.508376877645041 ], [ 25.662702452203458, 61.508415446462266 ], [ 25.661466406531321, 61.508967043820185 ], [ 25.660303183843229, 61.510012152681256 ], [ 25.658380098571619, 61.511459274715584 ], [ 25.657795453964557, 61.512082599626417 ], [ 25.657542824023484, 61.512596184171557 ], [ 25.657468594500582, 61.514289735006791 ], [ 25.658083322615674, 61.516166915236795 ], [ 25.658363543160188, 61.517668973334644 ], [ 25.658936880329055, 61.518937442180253 ], [ 25.65994675430796, 61.520562029906984 ], [ 25.660269481370296, 61.522070596090089 ], [ 25.660177376525407, 61.522873245870542 ], [ 25.659835996072065, 61.52373331594972 ] ] } },
{ "type": "Feature", "properties": { "seg_id": "F01-S43", "feeder_id": "F01", "ss_id": "SS-SYSMA", "parent_seg_id": "F01-S09", "from_node": "F01:430814_6823990", "to_node": "F01:430201_6824331", "downstream_tr": 1, "downstream_kp": 22 }, "geometry": { "type": "LineString", "coordinates": [ [ 25.698460415472585, 61.543247519480701 ], [ 25.697219648352078, 61.543573320745601 ], [ 25.696194601798368, 61.544578819470523 ], [ 25.695402556100927, 61.544973955512845 ], [ 25.694741335073484, 61.545087076572734 ], [ 25.692774720301237, 61.545182694085639 ], [ 25.691927184032796, 61.545034917438045 ], [ 25.690694620878912, 61.545154933721697 ], [ 25.689890942789301, 61.545142690749863 ], [ 25.68916839004125, 61.54528410714105 ], [ 25.688837771153224, 61.545451397834761 ], [ 25.687730499996476, 61.545637128708897 ], [ 25.686808308778073, 61.546194265249461 ] ] } },
{ "type": "Feature", "properties": { "seg_id": "F01-S44", "feeder_id": "F01", "ss_id": "SS-SYSMA", "parent_seg_id": "F01-S27", "from_node": "F01:424415_6819702", "to_node": "F01:423310_6820056", "downstream_tr": 8, "downstream_kp": 160 }, "geometry": { "type": "LineString", "coordinates": [ [ 25.579877143989613, 61.503561124316583 ], [ 25.579497022602524, 61.503714608579429 ], [ 25.576780174083193, 61.504669506656526 ], [ 25.575846404895003, 61.505115414492316 ], [ 25.575516871603458, 61.505247876037302 ], [ 25.572041136568874, 61.506405486137005 ], [ 25.56959985445312, 61.507240748017779 ], [ 25.568935123422786, 61.507380526168426 ], [ 25.565331649644339, 61.507335996486965 ], [ 25.563010409682914, 61.507100511191048 ], [ 25.561279048767158, 61.506464244742922 ], [ 25.560032345825572, 61.506273364793614 ], [ 25.559465299152972, 61.506340670899803 ], [ 25.558985869848122, 61.50652268109426 ] ] } },
{ "type": "Feature", "properties": { "seg_id": "F02-S01", "feeder_id": "F02", "ss_id": "SS-SYSMA", "parent_seg_id": "F02-S33", "from_node": "F02:428952_6839900", "to_node": "F02:429739_6840300", "downstream_tr": 1, "downstream_kp": 28 }, "geometry": { "type": "LineString", "coordinates": [ [ 25.657284185908598, 61.685694543511609 ], [ 25.659950959543682, 61.685839333280377 ], [ 25.661185029671493, 61.68602216818136 ], [ 25.662683653736078, 61.686396317457159 ], [ 25.667960817305868, 61.687774489243154 ], [ 25.668370683100953, 61.687890836862934 ], [ 25.669777704463318, 61.688175123279265 ], [ 25.672308188238631, 61.688395272370933 ], [ 25.671942905897343, 61.689034336685403 ], [ 25.671984232742219, 61.689433203941071 ] ] } },
{ "type": "Feature", "properties": { "seg_id": "F02-S02", "feeder_id": "F02", "ss_id": "SS-SYSMA", "parent_seg_id": "F02-S03", "from_node": "F02:434161_6835605", "to_node": "F02:434007_6836703", "downstream_tr": 2, "downstream_kp": 28 }, "geometry": { "type": "LineString", "coordinates": [ [ 25.757235983405387, 61.648077746924095 ], [ 25.756215768417292, 61.651014236779034 ], [ 25.753946008300804, 61.657902884845242 ] ] } },
{ "type": "Feature", "properties": { "seg_id": "F02-S03", "feeder_id": "F02", "ss_id": "SS-SYSMA", "parent_seg_id": "F02-S04", "from_node": "F02:436989_6831803", "to_node": "F02:434161_6835605", "downstream_tr": 7, "downstream_kp": 132 }, "geometry": { "type": "LineString", "coordinates": [ [ 25.811915040643907, 61.614430411625612 ], [ 25.811968181806559, 61.615965167213382 ], [ 25.811674506792372, 61.617639974504286 ], [ 25.812163559572387, 61.620199366101723 ], [ 25.812258015541506, 61.622993867067905 ], [ 25.812805109242472, 61.624238002626896 ], [ 25.814397139188909, 61.626489554444987 ], [ 25.814481727032124, 61.627157631555654 ], [ 25.814278977396764, 61.628995878069944 ], [ 25.814026538724217, 61.62952522266739 ], [ 25.81330672052875, 61.630268841821874 ], [ 25.811989358812134, 61.631404597750624 ], [ 25.811587103405135, 61.632298118525775 ], [ 25.811331753914811, 61.6339198084193 ], [ 25.810937981418785, 61.634781204539173 ], [ 25.810051074443482, 61.635515724593979 ], [ 25.805706351645636, 61.637428522419789 ], [ 25.804646678303975, 61.637997963809049 ], [ 25.80190387771389, 61.640095553854493 ], [ 25.801083381268214, 61.640634857684844 ], [ 25.800346338351815, 61.64094255133309 ], [ 25.799437498842863, 61.641210804100339 ], [ 25.798455628121783, 61.641354401911563 ], [ 25.796984874986702, 61.641413503162234 ], [ 25.791767814419014, 61.641317262424437 ], [ 25.790445842866053, 61.64145370578138 ], [ 25.789401601674665, 61.641760001117461 ], [ 25.788010579239181, 61.642408120757509 ], [ 25.786688494058929, 61.642884951892064 ], [ 25.782741886764065, 61.643912577983428 ], [ 25.781239397729223, 61.644184657554646 ], [ 25.780431144478925, 61.644243446829336 ], [ 25.779122978923599, 61.64422053433136 ], [ 25.77325027300758, 61.643465071078637 ], [ 25.771674336343846, 61.643314108745095 ], [ 25.770420622425245, 61.643345073756407 ], [ 25.769240509642287, 61.643504413809559 ], [ 25.766975220977127, 61.643971539293858 ], [ 25.76656361372639, 61.644057898508805 ], [ 25.764175796391491, 61.644645706968141 ], [ 25.76181548378354, 61.645772550550014 ], [ 25.760583416182545, 61.646402054830361 ], [ 25.757235983405387, 61.648077746924095 ] ] } },
{ "type": "Feature", "properties": { "seg_id": "F02-S04", "feeder_id": "F02", "ss_id": "SS-SYSMA", "parent_seg_id": "F02-S31", "from_node": "F02:431810_6820213", "to_node": "F02:436989_6831803", "downstream_tr": 8, "downstream_kp": 149 }, "geometry": { "type": "LineString", "coordinates": [ [ 25.718587601635591, 61.509527512716076 ], [ 25.721526988900138, 61.509587887788491 ], [ 25.721829593042852, 61.509589915015361 ], [ 25.723733418628957, 61.509669418726936 ], [ 25.725934537974339, 61.509954488054383 ], [ 25.727284526833049, 61.510256049909721 ], [ 25.728930310560408, 61.510777954549887 ], [ 25.731129721576668, 61.511785936899592 ], [ 25.73508008409841, 61.513294342238538 ], [ 25.736402086810912, 61.513960937274135 ], [ 25.739088791080981, 61.515591310027197 ], [ 25.741182021617522, 61.516790747780284 ], [ 25.74410175980865, 61.518311064148868 ], [ 25.74563657440503, 61.518891376981053 ], [ 25.747148407032089, 61.51931966180944 ], [ 25.749117564390886, 61.519740334627322 ], [ 25.756207135025495, 61.520988161897371 ], [ 25.758916053259796, 61.521614337598663 ], [ 25.762372161744082, 61.522540038825674 ], [ 25.764131273693337, 61.522922477196751 ], [ 25.766809258755643, 61.523249918279262 ], [ 25.772159891707187, 61.523372780101759 ], [ 25.77416750414665, 61.523600973913346 ], [ 25.777392562526437, 61.524235536589273 ], [ 25.780305768316566, 61.524593107861818 ], [ 25.784748324254974, 61.524820590511553 ], [ 25.787870604073792, 61.525243213531091 ], [ 25.791315652896575, 61.525974440200343 ], [ 25.791439562132492, 61.526003567686871 ], [ 25.80004319665175, 61.527649673097216 ], [ 25.802264942416265, 61.528189244802569 ], [ 25.807048260659148, 61.529391028488256 ], [ 25.808993580644326, 61.529834392829365 ], [ 25.809207962097588, 61.531373781582573 ], [ 25.808827182619755, 61.53298755889454 ], [ 25.808284956813505, 61.535055789349094 ], [ 25.808415671109024, 61.535986852788099 ], [ 25.808927456294469, 61.536966077589469 ], [ 25.810601242250339, 61.538068671955756 ], [ 25.810663479540455, 61.53833151356077 ], [ 25.810526491185083, 61.538680022730887 ], [ 25.809779104521137, 61.539713261692107 ], [ 25.809566116069579, 61.542258164118493 ], [ 25.809517591593938, 61.543180722131233 ], [ 25.809480467931291, 61.544123356010026 ], [ 25.809827788269804, 61.544822448679369 ], [ 25.810190644978679, 61.545326866810349 ], [ 25.811450232419258, 61.546554449024121 ], [ 25.813738278040109, 61.548620905994106 ], [ 25.813933834129994, 61.549015635413987 ], [ 25.813846141972181, 61.549747657573697 ], [ 25.813561961117237, 61.550723941911393 ], [ 25.812675571776463, 61.551742996071837 ], [ 25.812543603592239, 61.552194073704925 ], [ 25.811996312272488, 61.553205495314145 ], [ 25.811272309527475, 61.55490416901754 ], [ 25.810190340145482, 61.556168102020365 ], [ 25.81003789210272, 61.557141791753601 ], [ 25.80961459864956, 61.557873697012155 ], [ 25.808971474881684, 61.558761235920976 ], [ 25.806926001429023, 61.560034326485919 ], [ 25.806362614708448, 61.56053846072215 ], [ 25.806207882289581, 61.560933371375981 ], [ 25.806293060022671, 61.561285729919732 ], [ 25.806984097090293, 61.561768825776703 ], [ 25.807157902190681, 61.562060671457424 ], [ 25.807119094795482, 61.562386502329488 ], [ 25.806858114853153, 61.562672522662965 ], [ 25.806412958420182, 61.562927251362161 ], [ 25.805774989388688, 61.56311570472284 ], [ 25.802208547513761, 61.56356122204042 ], [ 25.801338175890358, 61.563754924297733 ], [ 25.800661189753733, 61.564071121138312 ], [ 25.800361254576018, 61.564471358617574 ], [ 25.800212708976431, 61.565421657447523 ], [ 25.800235136259527, 61.56559022223378 ], [ 25.802727732584131, 61.567518095323116 ], [ 25.803474779422984, 61.568142287872178 ], [ 25.804589408952065, 61.569488327261737 ], [ 25.804962101869943, 61.571356839438891 ], [ 25.804592818718525, 61.572189515553951 ], [ 25.804227397302832, 61.572635732222274 ], [ 25.804030613460576, 61.573167224994258 ], [ 25.804327086817118, 61.575165657867153 ], [ 25.80406970189139, 61.575452638371644 ], [ 25.803186905333593, 61.575917370209488 ], [ 25.802827564480783, 61.576230075803082 ], [ 25.802830753958254, 61.577058918184093 ], [ 25.802864687967752, 61.578191447446443 ], [ 25.802511742089905, 61.578631564191831 ], [ 25.802658428298098, 61.578647197617038 ], [ 25.802235670164837, 61.579499429250795 ], [ 25.80171142252274, 61.580220290346197 ], [ 25.801275587787462, 61.580523514578942 ], [ 25.800516810029361, 61.58083614865523 ], [ 25.801403353039412, 61.583766647172567 ], [ 25.801487916600493, 61.583876930942459 ], [ 25.802753916464297, 61.58513507146543 ], [ 25.803651071145033, 61.585999996184832 ], [ 25.804214105808647, 61.58686703663232 ], [ 25.806556122026009, 61.59116397010343 ], [ 25.807507508201724, 61.592022848393796 ], [ 25.809729396637273, 61.593231032199569 ], [ 25.81070620708288, 61.593940334525684 ], [ 25.814167943675386, 61.59702023615516 ], [ 25.814709360126553, 61.59784866072043 ], [ 25.814560022214284, 61.598439026711937 ], [ 25.813961826626159, 61.598949642819413 ], [ 25.810720082691574, 61.600758521856413 ], [ 25.810026764702339, 61.601437119205137 ], [ 25.809883805614927, 61.60177441545386 ], [ 25.809909122456936, 61.602581555546351 ], [ 25.810760706899963, 61.604608001992389 ], [ 25.810772545289844, 61.605475261380761 ], [ 25.810721081835069, 61.606361154631593 ], [ 25.810950860945731, 61.607056554861437 ], [ 25.812319932325657, 61.60895844308979 ], [ 25.812974046572258, 61.609741109759383 ], [ 25.81327339377907, 61.610507532834326 ], [ 25.813109192247712, 61.611101099533016 ], [ 25.811896700819997, 61.612909220516684 ], [ 25.811915040643907, 61.614430411625612 ] ] } },
{ "type": "Feature", "properties": { "seg_id": "F02-S05", "feeder_id": "F02", "ss_id": "SS-SYSMA", "parent_seg_id": "F02-S25", "from_node": "F02:426568_6836600", "to_node": "F02:426428_6837221", "downstream_tr": 7, "downstream_kp": 159 }, "geometry": { "type": "LineString", "coordinates": [ [ 25.613566753850876, 61.655634688347803 ], [ 25.610664572857395, 61.661175251362657 ] ] } },
{ "type": "Feature", "properties": { "seg_id": "F02-S06", "feeder_id": "F02", "ss_id": "SS-SYSMA", "parent_seg_id": "F02-S03", "from_node": "F02:434161_6835605", "to_node": "F02:431994_6836706", "downstream_tr": 5, "downstream_kp": 104 }, "geometry": { "type": "LineString", "coordinates": [ [ 25.757235983405387, 61.648077746924095 ], [ 25.754796601272226, 61.649304533712318 ], [ 25.751480650908672, 61.650960514995198 ], [ 25.750541419441703, 61.651270518418599 ], [ 25.748313218346869, 61.651811407599617 ], [ 25.746203820611012, 61.652320720596549 ], [ 25.74439900250001, 61.652574556940387 ], [ 25.738506358382409, 61.652707133363698 ], [ 25.734857922620513, 61.65242813851485 ], [ 25.733589318875346, 61.652452473806925 ], [ 25.732254780804908, 61.652705983065438 ], [ 25.730281297071134, 61.653493650382522 ], [ 25.725743588683471, 61.654417409262294 ], [ 25.725637566033452, 61.654436309102579 ], [ 25.723047527639039, 61.654876806118146 ], [ 25.721050896514885, 61.655368795698777 ], [ 25.715932007500633, 61.657580562237499 ] ] } },
{ "type": "Feature", "properties": { "seg_id": "F02-S07", "feeder_id": "F02", "ss_id": "SS-SYSMA", "parent_seg_id": "F02-S32", "from_node": "F02:430273_6838445", "to_node": "F02:430529_6842313", "downstream_tr": 1, "downstream_kp": 23 }, "geometry": { "type": "LineString", "coordinates": [ [ 25.682782234230153, 61.67288311171955 ], [ 25.68230546666809, 61.674146173250499 ], [ 25.681804007530793, 61.675698995019694 ], [ 25.681874828196534, 61.676137288604473 ], [ 25.682176698015475, 61.676659849348717 ], [ 25.683083124800945, 61.677759441754887 ], [ 25.685715541288634, 61.680963432850845 ], [ 25.68588453785312, 61.681435723677183 ], [ 25.685732357242845, 61.682125538593297 ], [ 25.686015825046251, 61.68226268127021 ], [ 25.686143301393972, 61.682485767669569 ], [ 25.686244969611732, 61.683791585378046 ], [ 25.687570477308856, 61.684894749357227 ], [ 25.68894851158332, 61.686833832791301 ], [ 25.689008808654844, 61.687124336626731 ], [ 25.68874637812954, 61.687922363748761 ], [ 25.688950130356854, 61.688206466315677 ], [ 25.689516105117342, 61.688527702636506 ], [ 25.689747308767764, 61.688691559131676 ], [ 25.689825239401113, 61.688991298274054 ], [ 25.689591505646341, 61.689484897236625 ], [ 25.689580463646198, 61.690866531778944 ], [ 25.689922835219868, 61.69151253323264 ], [ 25.690043694619046, 61.692191162705427 ], [ 25.690748909724128, 61.692693136394084 ], [ 25.691073991160803, 61.693124866201984 ], [ 25.69203930708321, 61.695161908164266 ], [ 25.692081638423268, 61.695546913435564 ], [ 25.691282468791982, 61.696346967455938 ], [ 25.690624432386102, 61.696519042963992 ], [ 25.688913782071243, 61.696702685800915 ], [ 25.688375242273782, 61.696832357461574 ], [ 25.687708695491587, 61.697181013052912 ], [ 25.687129645048053, 61.697784479511462 ], [ 25.686157405363286, 61.698143081367533 ], [ 25.684282987928466, 61.700530565073336 ], [ 25.68470955066914, 61.701880709191897 ], [ 25.684361924051036, 61.702341011164485 ], [ 25.683957246639146, 61.702568396786596 ], [ 25.683691706621207, 61.702890402076846 ], [ 25.683721355886401, 61.703291207713733 ], [ 25.684487870376064, 61.703719271954121 ], [ 25.684904342601392, 61.704207845390208 ], [ 25.685592921123177, 61.704591466060393 ], [ 25.686350809126818, 61.705967604484862 ], [ 25.686663345706577, 61.706606728838196 ], [ 25.685834693829442, 61.707012081052056 ], [ 25.685645755312994, 61.707235857126982 ], [ 25.68614586459644, 61.707637509623936 ] ] } },
{ "type": "Feature", "properties": { "seg_id": "F02-S08", "feeder_id": "F02", "ss_id": "SS-SYSMA", "parent_seg_id": "F02-S05", "from_node": "F02:426428_6837221", "to_node": "F02:427730_6837477", "downstream_tr": 1, "downstream_kp": 26 }, "geometry": { "type": "LineString", "coordinates": [ [ 25.610664572857395, 61.661175251362657 ], [ 25.613179765933058, 61.661854412759496 ], [ 25.615313604116444, 61.661591403924582 ], [ 25.615792796871386, 61.661399450784231 ], [ 25.616472992786289, 61.660768936272838 ], [ 25.617108834760799, 61.660400885945158 ], [ 25.617548047650327, 61.65990391066741 ], [ 25.617875193602195, 61.659817258678999 ], [ 25.619415793170745, 61.660043851456329 ], [ 25.620454962360991, 61.660305804733966 ], [ 25.622726361949145, 61.660380014382703 ], [ 25.624710884926721, 61.660313106587296 ], [ 25.625966834864983, 61.660583605803986 ], [ 25.626447311345714, 61.660876922676024 ], [ 25.626888639405909, 61.661130394764008 ], [ 25.627497510156047, 61.661455440494798 ], [ 25.628372631864927, 61.661655676205768 ], [ 25.631022094447747, 61.661940351864708 ], [ 25.631815150414464, 61.661933493050185 ], [ 25.632611366327978, 61.662342728799771 ], [ 25.633195886822456, 61.662839074998232 ], [ 25.633943684598286, 61.663151095600526 ], [ 25.634200822978318, 61.663439228791809 ], [ 25.635154748497389, 61.663719046017505 ] ] } },
{ "type": "Feature", "properties": { "seg_id": "F02-S09", "feeder_id": "F02", "ss_id": "SS-SYSMA", "parent_seg_id": "F02-S05", "from_node": "F02:426428_6837221", "to_node": "F02:426423_6837237", "downstream_tr": 6, "downstream_kp": 133 }, "geometry": { "type": "LineString", "coordinates": [ [ 25.610664572857395, 61.661175251362657 ], [ 25.610580083595913, 61.661321470328964 ] ] } },
{ "type": "Feature", "properties": { "seg_id": "F02-S10", "feeder_id": "F02", "ss_id": "SS-SYSMA", "parent_seg_id": "F02-S13", "from_node": "F02:428195_6840975", "to_node": "F02:424215_6840020", "downstream_tr": 1, "downstream_kp": 19 }, "geometry": { "type": "LineString", "coordinates": [ [ 25.642550694262866, 61.6952057348172 ], [ 25.640989407029103, 61.695803218857748 ], [ 25.639622146433531, 61.696012422747636 ], [ 25.634671729910547, 61.695833730722683 ], [ 25.63378306515812, 61.6958533428351 ], [ 25.631113576133174, 61.696174808434463 ], [ 25.627234078040324, 61.696704964188456 ], [ 25.625173206815333, 61.696648072938004 ], [ 25.618514676081912, 61.695360195866307 ], [ 25.617404839668669, 61.695243755870713 ], [ 25.615979715641796, 61.695272275241472 ], [ 25.615466507559631, 61.695325934687318 ], [ 25.614094520293055, 61.69559480315462 ], [ 25.609549387604957, 61.697197023636271 ], [ 25.602106477779881, 61.701114121624542 ], [ 25.600860239668933, 61.701571828242727 ], [ 25.596346828100444, 61.702791982328343 ], [ 25.593752079639362, 61.703103194052737 ], [ 25.588643540963698, 61.703643119502011 ], [ 25.587670875010605, 61.703636573111936 ], [ 25.585067174441228, 61.703445246292958 ], [ 25.582778791944754, 61.703280098107612 ], [ 25.580838249322792, 61.703308561900037 ], [ 25.574916017274273, 61.703622753545183 ], [ 25.573318296481727, 61.703840018962211 ], [ 25.572516143528052, 61.703627898290819 ], [ 25.570153522443483, 61.703389606129392 ], [ 25.567926820575366, 61.703617464432639 ], [ 25.56616468358979, 61.703790702533112 ], [ 25.565327610659086, 61.703746746624788 ], [ 25.565198256007587, 61.703292721373558 ], [ 25.565775042048312, 61.702912485466754 ], [ 25.565926749125715, 61.70226692843719 ], [ 25.565684383129, 61.701854774619186 ], [ 25.565274167026566, 61.701619013011872 ], [ 25.564801765094973, 61.70129481669322 ], [ 25.564531661055792, 61.701131703710267 ], [ 25.563814037363144, 61.700684424050657 ], [ 25.563636497069314, 61.700105944146664 ], [ 25.563099167111531, 61.699708038581804 ], [ 25.562860040152131, 61.699341299629175 ], [ 25.561880113892503, 61.698891230892286 ], [ 25.561163898234565, 61.698360021769922 ], [ 25.560996736914696, 61.697961126818363 ], [ 25.561072920066007, 61.697158932409565 ], [ 25.560204586983989, 61.6961400569906 ], [ 25.559864170237461, 61.695436000442925 ], [ 25.560408911305252, 61.69499431559516 ], [ 25.560805376242822, 61.693618137008471 ], [ 25.56178929477041, 61.692938702867679 ], [ 25.56271270332175, 61.692469567112575 ], [ 25.563062391781909, 61.691873208539882 ], [ 25.563194851139464, 61.691182163892478 ], [ 25.563518399278713, 61.690866621196001 ], [ 25.564566597563907, 61.690236343118428 ], [ 25.564280250092349, 61.690147857766881 ], [ 25.563596421091098, 61.690122265396425 ], [ 25.563437066858018, 61.690038790953572 ], [ 25.563923055886505, 61.688667224769702 ], [ 25.565449030274074, 61.687361259156141 ], [ 25.566068823696835, 61.687081520752599 ], [ 25.56773789354515, 61.685866616327587 ] ] } },
{ "type": "Feature", "properties": { "seg_id": "F02-S11", "feeder_id": "F02", "ss_id": "SS-SYSMA", "parent_seg_id": "F02-S02", "from_node": "F02:434007_6836703", "to_node": "F02:433640_6836836", "downstream_tr": 1, "downstream_kp": 18 }, "geometry": { "type": "LineString", "coordinates": [ [ 25.753946008300804, 61.657902884845242 ], [ 25.753045732370296, 61.658024583194376 ], [ 25.752334308036598, 61.658002363374841 ], [ 25.751347895851513, 61.658177862001388 ], [ 25.750281980372552, 61.658138525541659 ], [ 25.749139568913257, 61.658499134225998 ], [ 25.747284796272705, 61.65874484095886 ], [ 25.746961150480587, 61.659032000861089 ] ] } },
{ "type": "Feature", "properties": { "seg_id": "F02-S12", "feeder_id": "F02", "ss_id": "SS-SYSMA", "parent_seg_id": "F02-S06", "from_node": "F02:431994_6836706", "to_node": "F02:431752_6836292", "downstream_tr": 1, "downstream_kp": 17 }, "geometry": { "type": "LineString", "coordinates": [ [ 25.715932007500633, 61.657580562237499 ], [ 25.715587200036644, 61.657376241235418 ], [ 25.714041325483105, 61.656887360430368 ], [ 25.712886503506098, 61.655896708910987 ], [ 25.712842877141721, 61.655446522024235 ], [ 25.711946298605806, 61.655291007342399 ], [ 25.711588736842458, 61.65514982488974 ], [ 25.711438926664378, 61.654876390814344 ], [ 25.711520217467701, 61.653824462363254 ] ] } },
{ "type": "Feature", "properties": { "seg_id": "F02-S13", "feeder_id": "F02", "ss_id": "SS-SYSMA", "parent_seg_id": "F02-S33", "from_node": "F02:428952_6839900", "to_node": "F02:428195_6840975", "downstream_tr": 2, "downstream_kp": 31 }, "geometry": { "type": "LineString", "coordinates": [ [ 25.657284185908598, 61.685694543511609 ], [ 25.657014714541802, 61.686281474176894 ], [ 25.656358632590784, 61.686949925952582 ], [ 25.65554002281851, 61.687409791905182 ], [ 25.654472713193652, 61.687796711643635 ], [ 25.650735601778099, 61.688779455848611 ], [ 25.649388470325384, 61.689286791306735 ], [ 25.647777969946755, 61.690093565441423 ], [ 25.64656180724722, 61.69097649149802 ], [ 25.645396614487982, 61.692229057519491 ], [ 25.643177608081267, 61.694715996629299 ], [ 25.642550694262866, 61.6952057348172 ] ] } },
{ "type": "Feature", "properties": { "seg_id": "F02-S14", "feeder_id": "F02", "ss_id": "SS-SYSMA", "parent_seg_id": "F02-S22", "from_node": "F02:426061_6831356", "to_node": "F02:426379_6831575", "downstream_tr": 1, "downstream_kp": 21 }, "geometry": { "type": "LineString", "coordinates": [ [ 25.606113979410672, 61.608468620571273 ], [ 25.606652310154967, 61.608986055124781 ], [ 25.607968404652205, 61.60942706285703 ], [ 25.608121946682829, 61.609958181347693 ], [ 25.608622134064554, 61.610334892801362 ], [ 25.609305518124589, 61.610322172624173 ], [ 25.610113490131518, 61.610150978217419 ], [ 25.611449496326355, 61.610273308222816 ], [ 25.612017097136381, 61.610497141410697 ] ] } },
{ "type": "Feature", "properties": { "seg_id": "F02-S15", "feeder_id": "F02", "ss_id": "SS-SYSMA", "parent_seg_id": "F02-S35", "from_node": "F02:429078_6830404", "to_node": "F02:427966_6830650", "downstream_tr": 4, "downstream_kp": 97 }, "geometry": { "type": "LineString", "coordinates": [ [ 25.663340220046742, 61.600498584240128 ], [ 25.6609377623607, 61.600243915070244 ], [ 25.65943073778973, 61.600372216691568 ], [ 25.656320045335988, 61.601152828658137 ], [ 25.654029528586221, 61.601596837404756 ], [ 25.653439910000554, 61.6017073024789 ], [ 25.652051804591608, 61.601790320871963 ], [ 25.650466789023696, 61.60215666441843 ], [ 25.646001742344321, 61.602636752932177 ], [ 25.644842522264501, 61.60275612910285 ], [ 25.643076479253008, 61.602512795097951 ], [ 25.642290625923408, 61.602495009290735 ] ] } },
{ "type": "Feature", "properties": { "seg_id": "F02-S16", "feeder_id": "F02", "ss_id": "SS-SYSMA", "parent_seg_id": "F02-S35", "from_node": "F02:429078_6830404", "to_node": "F02:428210_6834297", "downstream_tr": 11, "downstream_kp": 234 }, "geometry": { "type": "LineString", "coordinates": [ [ 25.663340220046742, 61.600498584240128 ], [ 25.662787176232744, 61.601637684335429 ], [ 25.662760280952369, 61.602760005879183 ], [ 25.663202141034716, 61.604296640513894 ], [ 25.664213116390471, 61.605492159750973 ], [ 25.66480907056436, 61.606657555272058 ], [ 25.664767463654993, 61.60730559744654 ], [ 25.663976790236017, 61.608935315931326 ], [ 25.662256144783111, 61.610475515741754 ], [ 25.661855494085991, 61.610972385821178 ], [ 25.661678435645758, 61.611747117916444 ], [ 25.661985587012165, 61.612580511805227 ], [ 25.662708155863072, 61.613949229398223 ], [ 25.662768473720217, 61.614062588269427 ], [ 25.663542930382903, 61.615157070021965 ], [ 25.664154740436441, 61.616172132417837 ], [ 25.664227377564934, 61.616411821453021 ], [ 25.664298400816158, 61.616646186629062 ], [ 25.664312406273652, 61.618166405077439 ], [ 25.662186133787056, 61.622743626543091 ], [ 25.661923510362609, 61.623239134585191 ], [ 25.658664155054115, 61.627251021399182 ], [ 25.656575775540958, 61.628959727809125 ], [ 25.655516426750129, 61.63061442321181 ], [ 25.654598282713096, 61.631473251486888 ], [ 25.652458547563349, 61.633016045881305 ], [ 25.651391222721553, 61.633525426033735 ], [ 25.650668185987943, 61.633793126842484 ], [ 25.64545512522032, 61.635272563564321 ] ] } },
{ "type": "Feature", "properties": { "seg_id": "F02-S17", "feeder_id": "F02", "ss_id": "SS-SYSMA", "parent_seg_id": "F02-S16", "from_node": "F02:428210_6834297", "to_node": "F02:428146_6833262", "downstream_tr": 1, "downstream_kp": 17 }, "geometry": { "type": "LineString", "coordinates": [ [ 25.64545512522032, 61.635272563564321 ], [ 25.644251571599284, 61.634492806955926 ], [ 25.643718527209661, 61.633932539599847 ], [ 25.643410539629951, 61.632584883496257 ], [ 25.639915070776372, 61.630669633483834 ], [ 25.637924057831395, 61.629473036653458 ], [ 25.637936377600248, 61.628996673370253 ], [ 25.638632484695954, 61.628615785881976 ], [ 25.638827011378964, 61.628387757195497 ], [ 25.638774752157467, 61.628233184808032 ], [ 25.638251413077377, 61.627907893346581 ], [ 25.638729128487544, 61.627547557647318 ], [ 25.639501080507504, 61.62741774099802 ], [ 25.639824119768125, 61.62745533096119 ], [ 25.640721651641872, 61.62728677498486 ], [ 25.641584546370602, 61.627237641820059 ], [ 25.642516803855305, 61.627122652244211 ], [ 25.642835236880178, 61.627047044727071 ], [ 25.643557265663183, 61.62661890294671 ], [ 25.644315882907826, 61.626303468324799 ], [ 25.644858468670201, 61.626164901973546 ], [ 25.644923555493751, 61.625991382779851 ], [ 25.644667884269396, 61.625974628898078 ] ] } },
{ "type": "Feature", "properties": { "seg_id": "F02-S18", "feeder_id": "F02", "ss_id": "SS-SYSMA", "parent_seg_id": "F02-S37", "from_node": "F02:431461_6837152", "to_node": "F02:432333_6839054", "downstream_tr": 1, "downstream_kp": 16 }, "geometry": { "type": "LineString", "coordinates": [ [ 25.705721186431333, 61.661486771311345 ], [ 25.706466440346674, 61.662322402340259 ], [ 25.709024441807429, 61.663698549110805 ], [ 25.710319301027308, 61.664167934849772 ], [ 25.71083528772516, 61.664244450678318 ], [ 25.71214145394778, 61.663926602107558 ], [ 25.713289702683067, 61.663888386511537 ], [ 25.714340285230787, 61.664163275182105 ], [ 25.715405048294777, 61.664764855895754 ], [ 25.71556730210844, 61.66499621258847 ], [ 25.715219690187112, 61.665983630431825 ], [ 25.715299311435, 61.667332525932274 ], [ 25.715062557740954, 61.667971352033049 ], [ 25.715142930810927, 61.668392531980231 ], [ 25.714358895953659, 61.66913087018311 ], [ 25.714434091934464, 61.669529187266406 ], [ 25.714964070590671, 61.669959264262651 ], [ 25.716377419502251, 61.670652272693125 ], [ 25.716724867646398, 61.671110332337499 ], [ 25.71792507252469, 61.67211237700009 ], [ 25.71800727220122, 61.672674349794434 ], [ 25.717497054708993, 61.673163815961537 ], [ 25.717562843004028, 61.673375134438665 ], [ 25.717724491668321, 61.673648517469545 ], [ 25.718252968991145, 61.673897421608139 ], [ 25.718315229725196, 61.67409235636211 ], [ 25.718167020391387, 61.674280392192081 ], [ 25.717520681746866, 61.674480221993264 ], [ 25.717310964609982, 61.674874655500567 ], [ 25.717252157696951, 61.675962142185504 ], [ 25.717637756707319, 61.67632391331739 ], [ 25.717180722377751, 61.677473706316505 ], [ 25.717914168468514, 61.677866511881199 ], [ 25.719633205288975, 61.678242898641741 ], [ 25.720825872045847, 61.678361296944473 ], [ 25.721468418397524, 61.678712976490544 ] ] } },
{ "type": "Feature", "properties": { "seg_id": "F02-S19", "feeder_id": "F02", "ss_id": "SS-SYSMA", "parent_seg_id": "F02-S25", "from_node": "F02:426568_6836600", "to_node": "F02:425678_6836117", "downstream_tr": 1, "downstream_kp": 19 }, "geometry": { "type": "LineString", "coordinates": [ [ 25.613566753850876, 61.655634688347803 ], [ 25.613276978849942, 61.655573663235032 ], [ 25.612763663088213, 61.655281194790497 ], [ 25.612225328113279, 61.655146861854135 ], [ 25.610959309642404, 61.655043822869033 ], [ 25.610239011905492, 61.654835231124295 ], [ 25.608807282515503, 61.653882022391144 ], [ 25.605222171176155, 61.653403257971043 ], [ 25.602537368883301, 61.65282379458462 ], [ 25.60149262806571, 61.652567758646427 ], [ 25.60088712846968, 61.652100659025002 ], [ 25.600913252754772, 61.651454600081337 ], [ 25.599917290825623, 61.650998408355726 ], [ 25.598893312072708, 61.6508794596825 ], [ 25.598195730838139, 61.65104986706752 ], [ 25.596970459840414, 61.65112546366899 ] ] } },
{ "type": "Feature", "properties": { "seg_id": "F02-S20", "feeder_id": "F02", "ss_id": "SS-SYSMA", "parent_seg_id": "F02-S37", "from_node": "F02:431461_6837152", "to_node": "F02:430915_6837311", "downstream_tr": 3, "downstream_kp": 71 }, "geometry": { "type": "LineString", "coordinates": [ [ 25.705721186431333, 61.661486771311345 ], [ 25.705064427076351, 61.661588058861803 ], [ 25.702038537724981, 61.662066840255065 ], [ 25.698743861841351, 61.662275141580963 ], [ 25.696640464770187, 61.662487653771137 ], [ 25.695348502189088, 61.66281737690116 ] ] } },
{ "type": "Feature", "properties": { "seg_id": "F02-S21", "feeder_id": "F02", "ss_id": "SS-SYSMA", "parent_seg_id": "F02-S30", "from_node": "F02:425347_6831436", "to_node": "F02:425199_6832821", "downstream_tr": 1, "downstream_kp": 30 }, "geometry": { "type": "LineString", "coordinates": [ [ 25.592626534037507, 61.609051265427404 ], [ 25.592548964776022, 61.609129838561472 ], [ 25.592660454254784, 61.60975953951435 ], [ 25.592322478442497, 61.61053881395636 ], [ 25.591930937397159, 61.61105148104965 ], [ 25.591861576862968, 61.611571515333701 ], [ 25.59156908887137, 61.612099452211623 ], [ 25.591779444893621, 61.613242435559897 ], [ 25.592448994562293, 61.614077261806209 ], [ 25.592424549936986, 61.614488570013989 ], [ 25.592900391156387, 61.615153148487593 ], [ 25.592989954964938, 61.615581369105065 ], [ 25.592660556414028, 61.616550960449707 ], [ 25.592147645304362, 61.617089710923509 ], [ 25.592339326320619, 61.617706922435957 ], [ 25.592306196448774, 61.618630386298861 ], [ 25.592536184856161, 61.618905701695837 ], [ 25.591659845542331, 61.619583793418258 ], [ 25.591497948823086, 61.619712386430884 ], [ 25.591382335672026, 61.619772492459745 ], [ 25.591108045964091, 61.619958737963145 ], [ 25.589678947089038, 61.621027525320017 ], [ 25.58926611753532, 61.621452829688565 ] ] } },
{ "type": "Feature", "properties": { "seg_id": "F02-S22", "feeder_id": "F02", "ss_id": "SS-SYSMA", "parent_seg_id": "F02-S15", "from_node": "F02:427966_6830650", "to_node": "F02:426061_6831356", "downstream_tr": 3, "downstream_kp": 77 }, "geometry": { "type": "LineString", "coordinates": [ [ 25.642290625923408, 61.602495009290735 ], [ 25.639777110383111, 61.602731254588171 ], [ 25.637729356576298, 61.602469848497073 ], [ 25.63593754777235, 61.602642963907755 ], [ 25.631377497365488, 61.603332138981223 ], [ 25.627739668225843, 61.603554121421801 ], [ 25.625080593593999, 61.603959067966038 ], [ 25.623043370092109, 61.604401381012302 ], [ 25.619875185241355, 61.604727959090233 ], [ 25.61649056636703, 61.605593015484708 ], [ 25.615331854935448, 61.605930991830085 ], [ 25.613391847196144, 61.60613922385933 ], [ 25.612460066052172, 61.606272413372892 ], [ 25.609805820757941, 61.607062330286375 ], [ 25.60861822373381, 61.607642447696279 ], [ 25.606113979410672, 61.608468620571273 ] ] } },
{ "type": "Feature", "properties": { "seg_id": "F02-S23", "feeder_id": "F02", "ss_id": "SS-SYSMA", "parent_seg_id": "F02-S02", "from_node": "F02:434007_6836703", "to_node": "F02:432835_6842080", "downstream_tr": 1, "downstream_kp": 10 }, "geometry": { "type": "LineString", "coordinates": [ [ 25.753946008300804, 61.657902884845242 ], [ 25.75334112087425, 61.65964659082394 ], [ 25.75315430918771, 61.66018668774543 ], [ 25.752954555608142, 61.660626478854518 ], [ 25.752238206946842, 61.661103776156857 ], [ 25.749769580021749, 61.662573684175214 ], [ 25.74931285616946, 61.662838572365565 ], [ 25.744691442529419, 61.665570893183016 ], [ 25.743453920249959, 61.666401806267281 ], [ 25.739475864659671, 61.672889410257397 ], [ 25.738922384549792, 61.673797639560433 ], [ 25.73826975828182, 61.674926689838209 ], [ 25.73727716465206, 61.676643565549035 ], [ 25.737177774148989, 61.676825948164669 ], [ 25.736891766388446, 61.677386916597563 ], [ 25.737030556556174, 61.677897081094322 ], [ 25.737921261966605, 61.6795154152774 ], [ 25.739987057882612, 61.681639544175439 ], [ 25.743518412613085, 61.682831712874979 ], [ 25.745266578497237, 61.683085758152572 ], [ 25.7473409611937, 61.683810087611249 ], [ 25.747956831869878, 61.68415625146379 ], [ 25.74828265311023, 61.684481680284541 ], [ 25.74853222769584, 61.685083765412486 ], [ 25.748453395256909, 61.687951804151403 ], [ 25.748616575148198, 61.688715074447828 ], [ 25.749310394820661, 61.689499441176785 ], [ 25.751323331487271, 61.691118393563308 ], [ 25.749787803143413, 61.691454474373295 ], [ 25.748301304557149, 61.691318511108967 ], [ 25.747116921109935, 61.691333093371753 ], [ 25.74512640366251, 61.691814583740609 ], [ 25.742099959300148, 61.692682411175547 ], [ 25.741407701897028, 61.693796108872334 ], [ 25.741938833422566, 61.695050639899293 ], [ 25.741434805587659, 61.695755026310998 ], [ 25.741994437754794, 61.696699551635447 ], [ 25.742227775847898, 61.698003564140897 ], [ 25.74214558894878, 61.698231448631887 ], [ 25.741764058946892, 61.698405641667243 ], [ 25.73968343777338, 61.699097357479346 ], [ 25.738677676593348, 61.699336681955501 ], [ 25.735285097487555, 61.699781803040011 ], [ 25.735040677875926, 61.700176678752889 ], [ 25.735161909980143, 61.701929205928586 ], [ 25.733663469747881, 61.702576045387751 ], [ 25.732394535908178, 61.703294123893215 ], [ 25.730696199126083, 61.703897905829258 ], [ 25.730034949249145, 61.70431159144912 ], [ 25.7291602374296, 61.704538729237754 ], [ 25.729139335886327, 61.704821492773242 ], [ 25.72983542198325, 61.705958136642778 ] ] } },
{ "type": "Feature", "properties": { "seg_id": "F02-S24", "feeder_id": "F02", "ss_id": "SS-SYSMA", "parent_seg_id": "F02-S32", "from_node": "F02:430273_6838445", "to_node": "F02:429777_6838483", "downstream_tr": 1, "downstream_kp": 33 }, "geometry": { "type": "LineString", "coordinates": [ [ 25.682782234230153, 61.67288311171955 ], [ 25.682554997740283, 61.672850157116301 ], [ 25.681199405481717, 61.67302692056532 ], [ 25.680469314577415, 61.673228722445067 ], [ 25.680359211667298, 61.673730249821119 ], [ 25.680129802541241, 61.67404161663918 ], [ 25.680204662934091, 61.674174327470659 ], [ 25.679133466869526, 61.674256305970125 ], [ 25.6783718824814, 61.674196651498008 ], [ 25.67746484268887, 61.674426295478661 ], [ 25.676495825126711, 61.674622646295227 ], [ 25.67542087693127, 61.675190815956014 ], [ 25.674756347446682, 61.674736727581468 ], [ 25.673920389646039, 61.674334344052632 ], [ 25.673098833423008, 61.673730234038125 ], [ 25.673112188522239, 61.673497347866416 ], [ 25.673419113091253, 61.673131662069807 ] ] } },
{ "type": "Feature", "properties": { "seg_id": "F02-S25", "feeder_id": "F02", "ss_id": "SS-SYSMA", "parent_seg_id": "F02-S29", "from_node": "F02:426852_6835543", "to_node": "F02:426568_6836600", "downstream_tr": 8, "downstream_kp": 178 }, "geometry": { "type": "LineString", "coordinates": [ [ 25.619345053861029, 61.646201608749777 ], [ 25.618449159037993, 61.646697068392598 ], [ 25.617854036216624, 61.647285775925255 ], [ 25.617259083337043, 61.648759447301806 ], [ 25.616037698963243, 61.650507152552279 ], [ 25.615613463171723, 61.651692474662944 ], [ 25.615597466104994, 61.651795180175199 ], [ 25.615114271624439, 61.653502414964755 ], [ 25.613566753850876, 61.655634688347803 ] ] } },
{ "type": "Feature", "properties": { "seg_id": "F02-S26", "feeder_id": "F02", "ss_id": "SS-SYSMA", "parent_seg_id": "F02-S38", "from_node": "F02:427372_6838376", "to_node": "F02:428641_6839304", "downstream_tr": 4, "downstream_kp": 88 }, "geometry": { "type": "LineString", "coordinates": [ [ 25.628025955512832, 61.671720698091512 ], [ 25.631178878802793, 61.671562563840411 ], [ 25.637218970345067, 61.671227263574892 ], [ 25.639515624461346, 61.671137548141907 ], [ 25.640869227094594, 61.671226129105364 ], [ 25.641847655238095, 61.671365610572913 ], [ 25.643262974047037, 61.671721664452583 ], [ 25.644482842669525, 61.672171738032993 ], [ 25.647166794300961, 61.673922047676839 ], [ 25.648410070836817, 61.675029902884802 ], [ 25.649169366859386, 61.676308615315058 ], [ 25.650732033711861, 61.679203977379473 ], [ 25.651626003553073, 61.680292402316823 ] ] } },
{ "type": "Feature", "properties": { "seg_id": "F02-S27", "feeder_id": "F02", "ss_id": "SS-SYSMA", "parent_seg_id": "F02-S20", "from_node": "F02:430915_6837311", "to_node": "F02:429362_6836117", "downstream_tr": 1, "downstream_kp": 15 }, "geometry": { "type": "LineString", "coordinates": [ [ 25.695348502189088, 61.66281737690116 ], [ 25.694497927768296, 61.661824995404118 ], [ 25.694408840899708, 61.661436535358533 ], [ 25.692933125628169, 61.659619214784477 ], [ 25.691319434568122, 61.65835862293865 ], [ 25.68981952791215, 61.657358591429045 ], [ 25.689445267806949, 61.656917890418207 ], [ 25.689338920999703, 61.656395275741026 ], [ 25.689702395964279, 61.656022366134188 ], [ 25.689771749058224, 61.65569102148077 ], [ 25.689121591120287, 61.655125401590197 ], [ 25.688905281448079, 61.654228998974091 ], [ 25.688560419397671, 61.653804629833232 ], [ 25.686034998351644, 61.652830988338728 ], [ 25.684078106269695, 61.65283058593559 ], [ 25.683204814898151, 61.652063922817 ], [ 25.682229854160209, 61.651661548050647 ], [ 25.681826555356501, 61.651307473400806 ], [ 25.680706930025814, 61.650760141191171 ], [ 25.679705473052749, 61.649671367011869 ], [ 25.679018079166145, 61.649364436405939 ], [ 25.675194789619443, 61.648853370470931 ], [ 25.672158448154857, 61.648577849414394 ], [ 25.671143985757745, 61.650429774809389 ], [ 25.669624932837184, 61.650868660175909 ], [ 25.667621374382161, 61.651530593865218 ], [ 25.666493804292376, 61.651818360437652 ] ] } },
{ "type": "Feature", "properties": { "seg_id": "F02-S28", "feeder_id": "F02", "ss_id": "SS-SYSMA", "parent_seg_id": "F02-S15", "from_node": "F02:427966_6830650", "to_node": "F02:427888_6831013", "downstream_tr": 1, "downstream_kp": 20 }, "geometry": { "type": "LineString", "coordinates": [ [ 25.642290625923408, 61.602495009290735 ], [ 25.642172790651117, 61.603171571830416 ], [ 25.641848621076718, 61.603724721714066 ], [ 25.641563325963762, 61.604172076670253 ], [ 25.640938173246628, 61.604700676404498 ], [ 25.640684147308274, 61.605738210635316 ] ] } },
{ "type": "Feature", "properties": { "seg_id": "F02-S29", "feeder_id": "F02", "ss_id": "SS-SYSMA", "parent_seg_id": "F02-S39", "from_node": "F02:427760_6834999", "to_node": "F02:426852_6835543", "downstream_tr": 9, "downstream_kp": 198 }, "geometry": { "type": "LineString", "coordinates": [ [ 25.636699161441157, 61.641484440251233 ], [ 25.634156143918545, 61.643170383287725 ], [ 25.632965378676701, 61.643734910836834 ], [ 25.631063589107136, 61.644274143474973 ], [ 25.62769786010691, 61.644989086131659 ], [ 25.625784603978286, 61.645289888877763 ], [ 25.621676175607313, 61.645613618249506 ], [ 25.620297088498777, 61.645872794127527 ], [ 25.619345053861029, 61.646201608749777 ] ] } },
{ "type": "Feature", "properties": { "seg_id": "F02-S30", "feeder_id": "F02", "ss_id": "SS-SYSMA", "parent_seg_id": "F02-S22", "from_node": "F02:426061_6831356", "to_node": "F02:425347_6831436", "downstream_tr": 2, "downstream_kp": 56 }, "geometry": { "type": "LineString", "coordinates": [ [ 25.606113979410672, 61.608468620571273 ], [ 25.605370916604734, 61.608483606938307 ], [ 25.604436101754828, 61.608291383489941 ], [ 25.600325332297295, 61.607486295120701 ], [ 25.599303999795676, 61.607503283919804 ], [ 25.598115793853797, 61.607418963119045 ], [ 25.596888390175099, 61.607170228917198 ], [ 25.595342711056087, 61.607279880239133 ], [ 25.593263876344569, 61.607148744532743 ], [ 25.592789199983766, 61.607280299533947 ], [ 25.592278763878227, 61.607807044231478 ], [ 25.592589529668274, 61.608668944787645 ], [ 25.592626534037507, 61.609051265427404 ] ] } },
{ "type": "Feature", "properties": { "seg_id": "F02-S31", "feeder_id": "F02", "ss_id": "SS-SYSMA", "parent_seg_id": null, "from_node": "F02:431595_6819951", "to_node": "F02:431810_6820213", "downstream_tr": 23, "downstream_kp": 480 }, "geometry": { "type": "LineString", "coordinates": [ [ 25.714653245521564, 61.507132833528445 ], [ 25.715116576544329, 61.507207138494188 ], [ 25.715390515900577, 61.507386899159691 ], [ 25.715947684317932, 61.507841750573505 ], [ 25.716117950142277, 61.508211766030655 ], [ 25.71642702433622, 61.508842474832086 ], [ 25.717167778486033, 61.508809882081422 ], [ 25.7180456893323, 61.508833720722187 ], [ 25.718764694486158, 61.509155654428334 ], [ 25.718619221553297, 61.509433203766179 ], [ 25.718587601635591, 61.509527512716076 ] ] } },
{ "type": "Feature", "properties": { "seg_id": "F02-S32", "feeder_id": "F02", "ss_id": "SS-SYSMA", "parent_seg_id": "F02-S20", "from_node": "F02:430915_6837311", "to_node": "F02:430273_6838445", "downstream_tr": 2, "downstream_kp": 56 }, "geometry": { "type": "LineString", "coordinates": [ [ 25.695348502189088, 61.66281737690116 ], [ 25.693885913308339, 61.663458795135369 ], [ 25.693107512671354, 61.663993395609396 ], [ 25.688811461424265, 61.669082753275802 ], [ 25.687662276132457, 61.669850926954837 ], [ 25.687144584074019, 61.670079831548222 ], [ 25.685403000831137, 61.670789198283956 ], [ 25.684408680195311, 61.671467523530055 ], [ 25.683354349550942, 61.672259054182639 ], [ 25.682782234230153, 61.67288311171955 ] ] } },
{ "type": "Feature", "properties": { "seg_id": "F02-S33", "feeder_id": "F02", "ss_id": "SS-SYSMA", "parent_seg_id": "F02-S26", "from_node": "F02:428641_6839304", "to_node": "F02:428952_6839900", "downstream_tr": 3, "downstream_kp": 59 }, "geometry": { "type": "LineString", "coordinates": [ [ 25.651626003553073, 61.680292402316823 ], [ 25.654915035880347, 61.682861793141292 ], [ 25.656077423265206, 61.683768506509828 ], [ 25.657074501756384, 61.684717000084518 ], [ 25.657284185908598, 61.685694543511609 ] ] } },
{ "type": "Feature", "properties": { "seg_id": "F02-S34", "feeder_id": "F02", "ss_id": "SS-SYSMA", "parent_seg_id": "F02-S30", "from_node": "F02:425347_6831436", "to_node": "F02:424449_6831776", "downstream_tr": 1, "downstream_kp": 26 }, "geometry": { "type": "LineString", "coordinates": [ [ 25.592626534037507, 61.609051265427404 ], [ 25.589738284419582, 61.609059217794297 ], [ 25.588600646775074, 61.609168763594845 ], [ 25.587833118383813, 61.609345672329113 ], [ 25.587072736058225, 61.609392039108343 ], [ 25.585723971132786, 61.609824232945606 ], [ 25.583322241235347, 61.610302773409792 ], [ 25.581345226971926, 61.610872001160978 ], [ 25.579219013759118, 61.611227557237392 ], [ 25.575970455672692, 61.61190321096511 ], [ 25.575556054811162, 61.611924168813523 ] ] } },
{ "type": "Feature", "properties": { "seg_id": "F02-S35", "feeder_id": "F02", "ss_id": "SS-SYSMA", "parent_seg_id": "F02-S31", "from_node": "F02:431810_6820213", "to_node": "F02:429078_6830404", "downstream_tr": 15, "downstream_kp": 331 }, "geometry": { "type": "LineString", "coordinates": [ [ 25.718587601635591, 61.509527512716076 ], [ 25.717956743263692, 61.509497398098894 ], [ 25.715031629006713, 61.509257234746876 ], [ 25.711616337341116, 61.508841320750008 ], [ 25.709828822861443, 61.50863708382041 ], [ 25.70422795393841, 61.508102576931037 ], [ 25.701694387092708, 61.507898849222514 ], [ 25.701595109656267, 61.507891555724513 ], [ 25.699358561366768, 61.507730348783795 ], [ 25.697431085671912, 61.507613501966837 ], [ 25.693443584041454, 61.507282941852893 ], [ 25.690954971345537, 61.506864532935644 ], [ 25.690754446592067, 61.506822420856814 ], [ 25.688403980613263, 61.506158742453486 ], [ 25.686199806892645, 61.505255446557719 ], [ 25.685907260729554, 61.505310863489768 ], [ 25.684540918223696, 61.505431663399129 ], [ 25.682831122323641, 61.505552815158872 ], [ 25.68281365542785, 61.505654795181044 ], [ 25.680705354690001, 61.505787398451915 ], [ 25.679044754722199, 61.505911690255573 ], [ 25.678145371595431, 61.505981819033529 ], [ 25.676421285001531, 61.506134994269516 ], [ 25.676024956397367, 61.506175565249102 ], [ 25.674912363087699, 61.506274499464652 ], [ 25.67117621389955, 61.506619180675067 ], [ 25.670639565791152, 61.506631711924399 ], [ 25.670333930792026, 61.506501084407539 ], [ 25.669351882842726, 61.506758980063445 ], [ 25.668101453348314, 61.506896360413911 ], [ 25.666462726819915, 61.507139563359644 ], [ 25.664245629134616, 61.507988487175346 ], [ 25.663321128094619, 61.50825976974042 ], [ 25.662825511053185, 61.508376877645041 ], [ 25.662702452203458, 61.508415446462266 ], [ 25.661466406531321, 61.508967043820185 ], [ 25.660303183843229, 61.510012152681256 ], [ 25.658380098571619, 61.511459274715584 ], [ 25.657795453964557, 61.512082599626417 ], [ 25.657542824023484, 61.512596184171557 ], [ 25.657468594500582, 61.514289735006791 ], [ 25.658083322615674, 61.516166915236795 ], [ 25.658363543160188, 61.517668973334644 ], [ 25.658936880329055, 61.518937442180253 ], [ 25.65994675430796, 61.520562029906984 ], [ 25.660269481370296, 61.522070596090089 ], [ 25.660177376525407, 61.522873245870542 ], [ 25.659835996072065, 61.52373331594972 ], [ 25.6589997090433, 61.525030994129168 ], [ 25.659012101582029, 61.525911489326894 ], [ 25.659236248690394, 61.526976554581864 ], [ 25.658823478754694, 61.528323276177055 ], [ 25.658598585141494, 61.52901517037953 ], [ 25.658979650089474, 61.530232669125795 ], [ 25.658708785191671, 61.531396042664099 ], [ 25.658786299737574, 61.531912719284854 ], [ 25.659019183136184, 61.532329537476009 ], [ 25.659403902824728, 61.532676628724417 ], [ 25.661254487628081, 61.533759025306878 ], [ 25.661874975727414, 61.534319506484373 ], [ 25.662371739931004, 61.535772306434779 ], [ 25.662352701409066, 61.53688464100032 ], [ 25.662522216144094, 61.538070578254846 ], [ 25.66244284311469, 61.538570756443846 ], [ 25.662202723896712, 61.538993509826213 ], [ 25.661162169143001, 61.540091600449912 ], [ 25.660635218881904, 61.541469789920164 ], [ 25.659423662754499, 61.542590485258437 ], [ 25.658911782683802, 61.543581993744709 ], [ 25.658699739591235, 61.544349343422809 ], [ 25.658740803590149, 61.545579966041338 ], [ 25.658506518982502, 61.546353453645324 ], [ 25.658154357000488, 61.54689761135441 ], [ 25.656098033935677, 61.548495291517995 ], [ 25.655698151189956, 61.548993497310157 ], [ 25.655517789511265, 61.549495937552869 ], [ 25.65568133616955, 61.550425406179457 ], [ 25.655816290857814, 61.551325637260511 ], [ 25.655515290189442, 61.552157335373316 ], [ 25.654859901244908, 61.552821855238406 ], [ 25.653704641556203, 61.553595750773844 ], [ 25.650642078455505, 61.555238404487461 ], [ 25.650029230466707, 61.55572558344732 ], [ 25.649559920042794, 61.556294581826428 ], [ 25.649099930853964, 61.557062266008195 ], [ 25.648333531620256, 61.557893709734508 ], [ 25.648018363194225, 61.5593218124407 ], [ 25.647696598765386, 61.561887833016385 ], [ 25.647847919427512, 61.562829076221284 ], [ 25.64778284559851, 61.563591499564367 ], [ 25.646975191761463, 61.564649332542906 ], [ 25.646732568512896, 61.565273854455505 ], [ 25.646773578998349, 61.565915174485234 ], [ 25.647261654960683, 61.566958015116036 ], [ 25.648137323217124, 61.56783296745904 ], [ 25.650256304196034, 61.569022768285322 ], [ 25.651333738521551, 61.569926554921295 ], [ 25.651864323649395, 61.570831410956266 ], [ 25.65227998803509, 61.572149075870996 ], [ 25.653025142972673, 61.573055936198692 ], [ 25.654392459735043, 61.574437415982771 ], [ 25.655439139461823, 61.575062900311153 ], [ 25.658747020397836, 61.576588732026103 ], [ 25.65933333030155, 61.577064661245061 ], [ 25.65966056971472, 61.577641300203318 ], [ 25.659715585780102, 61.578932020352383 ], [ 25.659891896753596, 61.58073368365563 ], [ 25.660692957530149, 61.581737339555062 ], [ 25.661669087350948, 61.582773465101653 ], [ 25.661923777826917, 61.583393174056333 ], [ 25.661642520325625, 61.58497362904923 ], [ 25.661707161599438, 61.585507080168391 ], [ 25.661813323691284, 61.585997375142043 ], [ 25.662150689796448, 61.587656198054582 ], [ 25.661971463394064, 61.588912505654157 ], [ 25.662186697821102, 61.589933451398579 ], [ 25.662669009510108, 61.591334753366922 ], [ 25.66292854286824, 61.592991232485744 ], [ 25.663832398278906, 61.594715170441894 ], [ 25.664000010618608, 61.595063492682748 ], [ 25.664131202164548, 61.595287845274299 ], [ 25.664675664642733, 61.596547776275649 ], [ 25.664802572855312, 61.597271304882128 ], [ 25.664745554076749, 61.598380251163448 ], [ 25.664374053997093, 61.599342441431098 ], [ 25.663340220046742, 61.600498584240128 ] ] } },
{ "type": "Feature", "properties": { "seg_id": "F02-S36", "feeder_id": "F02", "ss_id": "SS-SYSMA", "parent_seg_id": "F02-S04", "from_node": "F02:436989_6831803", "to_node": "F02:430201_6833693", "downstream_tr": 1, "downstream_kp": 17 }, "geometry": { "type": "LineString", "coordinates": [ [ 25.811915040643907, 61.614430411625612 ], [ 25.807736446647734, 61.614959528480085 ], [ 25.805262665273002, 61.614770928033408 ], [ 25.803801488809892, 61.614411599677503 ], [ 25.802579126949134, 61.614337346398472 ], [ 25.79695659794324, 61.614228359992694 ], [ 25.795291108333693, 61.614447770086748 ], [ 25.793868117645481, 61.614517754422195 ], [ 25.79279537243691, 61.614832141430142 ], [ 25.791355371998801, 61.61503744923273 ], [ 25.790706635385849, 61.614996753493216 ], [ 25.789282508426371, 61.614689758994324 ], [ 25.788560914573342, 61.614625038688374 ], [ 25.787784001295002, 61.614661024582183 ], [ 25.786346906496505, 61.614877169175621 ], [ 25.784167686146677, 61.615730942625248 ], [ 25.783572333191348, 61.616783028622891 ], [ 25.783107863989766, 61.617102794185421 ], [ 25.781537816498563, 61.617350700977624 ], [ 25.779994770931818, 61.618172591520775 ], [ 25.777681944882758, 61.618649236398888 ], [ 25.776792548874667, 61.619111140670519 ], [ 25.776007675005129, 61.619700352771893 ], [ 25.775489064147475, 61.620356776067432 ], [ 25.774816784634591, 61.620699882393104 ], [ 25.771657419897906, 61.620992787135989 ], [ 25.767879384907246, 61.622173084911118 ], [ 25.766054694236647, 61.622476044778843 ], [ 25.764748826023684, 61.622364761755001 ], [ 25.763613610830145, 61.621656700880536 ], [ 25.76317258618365, 61.621557741208584 ], [ 25.762543605220092, 61.621587957217983 ], [ 25.761279879677787, 61.621945406288283 ], [ 25.760480649051996, 61.622697113815413 ], [ 25.759495642301854, 61.623028469288563 ], [ 25.756330977630085, 61.624026985891 ], [ 25.75512864045486, 61.624968299897155 ], [ 25.753920714994571, 61.625360899890488 ], [ 25.752619985648206, 61.625586223443719 ], [ 25.750998596141176, 61.625853057765575 ], [ 25.750254887549914, 61.626083722926836 ], [ 25.74985449492732, 61.626375628260377 ], [ 25.749065745003264, 61.627415424905941 ], [ 25.748505844312081, 61.627681519673999 ], [ 25.746298162084141, 61.628198446382157 ], [ 25.745519560352793, 61.628301760227309 ], [ 25.744547931736399, 61.628271685327036 ], [ 25.743429991214008, 61.628069349656805 ], [ 25.742885574928376, 61.627990878043832 ], [ 25.742378199355709, 61.62804008426312 ], [ 25.741254534600507, 61.628486313164885 ], [ 25.736653419877086, 61.629513444748845 ], [ 25.735723705722744, 61.629627930270701 ], [ 25.7342076108933, 61.629692803354324 ], [ 25.732964661960903, 61.630013089597306 ], [ 25.732189038613239, 61.630030756865914 ], [ 25.731384604156176, 61.629820829864727 ], [ 25.730001728337495, 61.629042834879392 ], [ 25.729327844283208, 61.628872994079515 ], [ 25.728801532281203, 61.62887748600982 ], [ 25.72755956451897, 61.629074056607209 ], [ 25.721786931735078, 61.629472246507831 ], [ 25.720545507400757, 61.629411360187419 ], [ 25.718554527672179, 61.628957987310947 ], [ 25.717995002080709, 61.62892659135408 ], [ 25.714977394037231, 61.629262323450725 ], [ 25.713426631775526, 61.629661064822542 ], [ 25.712025184363398, 61.63010999266924 ], [ 25.71084608080093, 61.630299524506412 ], [ 25.706177595058232, 61.630556110845909 ], [ 25.703223732664853, 61.631684140495544 ], [ 25.701881442137012, 61.631979430648961 ], [ 25.698952373885632, 61.632409422035082 ], [ 25.69691327436464, 61.633125665083931 ], [ 25.695957191122258, 61.633298671501038 ], [ 25.694865015697008, 61.633240591403442 ], [ 25.689915233033449, 61.632622567090188 ], [ 25.686498646524168, 61.632570747792911 ], [ 25.68522469671796, 61.632089033721854 ], [ 25.684392100505516, 61.631955170415971 ], [ 25.68467806816669, 61.631624365751314 ], [ 25.685227367375294, 61.631501496570486 ], [ 25.685273836169554, 61.630952458403115 ], [ 25.68504209989597, 61.630701081694909 ], [ 25.684384214139126, 61.630505852012838 ], [ 25.683506054444901, 61.630467201217243 ], [ 25.683274444925299, 61.63037041301601 ], [ 25.683255076903261, 61.630219729421832 ] ] } },
{ "type": "Feature", "properties": { "seg_id": "F02-S37", "feeder_id": "F02", "ss_id": "SS-SYSMA", "parent_seg_id": "F02-S06", "from_node": "F02:431994_6836706", "to_node": "F02:431461_6837152", "downstream_tr": 4, "downstream_kp": 87 }, "geometry": { "type": "LineString", "coordinates": [ [ 25.715932007500633, 61.657580562237499 ], [ 25.714638900725841, 61.658389318319692 ], [ 25.713170561066214, 61.659618897984807 ], [ 25.712044529255596, 61.660139382930332 ], [ 25.709867831519528, 61.660799082965006 ], [ 25.705721186431333, 61.661486771311345 ] ] } },
{ "type": "Feature", "properties": { "seg_id": "F02-S38", "feeder_id": "F02", "ss_id": "SS-SYSMA", "parent_seg_id": "F02-S09", "from_node": "F02:426423_6837237", "to_node": "F02:427372_6838376", "downstream_tr": 5, "downstream_kp": 112 }, "geometry": { "type": "LineString", "coordinates": [ [ 25.610580083595913, 61.661321470328964 ], [ 25.609637763751618, 61.663151449812005 ], [ 25.609652572096049, 61.66386466081287 ], [ 25.609980542449716, 61.664436239476444 ], [ 25.610928068124196, 61.665170014554896 ], [ 25.616673949208622, 61.668013961998774 ], [ 25.617898889685417, 61.668607237687603 ], [ 25.620283546718309, 61.669758215694422 ], [ 25.621854587506803, 61.670293322647815 ], [ 25.622213295305041, 61.670408488589395 ], [ 25.622594471549576, 61.670530867500844 ], [ 25.624450903986499, 61.67112696687667 ], [ 25.624796026675455, 61.671247530026349 ], [ 25.626486545182441, 61.671620087705463 ], [ 25.628025955512832, 61.671720698091512 ] ] } },
{ "type": "Feature", "properties": { "seg_id": "F02-S39", "feeder_id": "F02", "ss_id": "SS-SYSMA", "parent_seg_id": "F02-S16", "from_node": "F02:428210_6834297", "to_node": "F02:427760_6834999", "downstream_tr": 10, "downstream_kp": 217 }, "geometry": { "type": "LineString", "coordinates": [ [ 25.64545512522032, 61.635272563564321 ], [ 25.64435186324409, 61.635880718119047 ], [ 25.643960139817612, 61.636259884418898 ], [ 25.642680216754584, 61.638069079661093 ], [ 25.641561693856065, 61.638864144937131 ], [ 25.640107621001121, 61.639430383376308 ], [ 25.638806666264742, 61.640065763645183 ], [ 25.636699161441157, 61.641484440251233 ] ] } },
{ "type": "Feature", "properties": { "seg_id": "F02-S40", "feeder_id": "F02", "ss_id": "SS-SYSMA", "parent_seg_id": "F02-S38", "from_node": "F02:427372_6838376", "to_node": "F02:427292_6838678", "downstream_tr": 1, "downstream_kp": 24 }, "geometry": { "type": "LineString", "coordinates": [ [ 25.628025955512832, 61.671720698091512 ], [ 25.628327986765221, 61.67255986663119 ], [ 25.627767879300706, 61.672857330859308 ], [ 25.626454221565325, 61.674052881726098 ], [ 25.626402148090399, 61.674416201196635 ] ] } },
{ "type": "Feature", "properties": { "seg_id": "F02-S41", "feeder_id": "F02", "ss_id": "SS-SYSMA", "parent_seg_id": "F02-S26", "from_node": "F02:428641_6839304", "to_node": "F02:428342_6839460", "downstream_tr": 1, "downstream_kp": 29 }, "geometry": { "type": "LineString", "coordinates": [ [ 25.651626003553073, 61.680292402316823 ], [ 25.651475799457955, 61.680400450638963 ], [ 25.651981589959519, 61.680950910241286 ], [ 25.651941916636233, 61.681144362701041 ], [ 25.651718745991577, 61.681197338102017 ], [ 25.651042252924277, 61.681130683734061 ], [ 25.649876919092488, 61.681355090439652 ], [ 25.648447663578054, 61.681268907183586 ], [ 25.646678677313627, 61.681654793584975 ], [ 25.645921465049074, 61.681633986857953 ] ] } },
{ "type": "Feature", "properties": { "seg_id": "F02-S42", "feeder_id": "F02", "ss_id": "SS-SYSMA", "parent_seg_id": "F02-S39", "from_node": "F02:427760_6834999", "to_node": "F02:427862_6835162", "downstream_tr": 1, "downstream_kp": 19 }, "geometry": { "type": "LineString", "coordinates": [ [ 25.636699161441157, 61.641484440251233 ], [ 25.637411566038885, 61.642446258690299 ], [ 25.638552510329962, 61.642969421558384 ] ] } },
{ "type": "Feature", "properties": { "seg_id": "F02-S43", "feeder_id": "F02", "ss_id": "SS-SYSMA", "parent_seg_id": "F02-S09", "from_node": "F02:426423_6837237", "to_node": "F02:425587_6838063", "downstream_tr": 1, "downstream_kp": 21 }, "geometry": { "type": "LineString", "coordinates": [ [ 25.610580083595913, 61.661321470328964 ], [ 25.609241957098714, 61.660973039893534 ], [ 25.607490518100462, 61.660341189705782 ], [ 25.606844145737544, 61.660262739805553 ], [ 25.602915867802086, 61.660609950834122 ], [ 25.601753361174321, 61.66085699440908 ], [ 25.599796468674338, 61.661622917592247 ], [ 25.598060534864441, 61.662238226245492 ], [ 25.597286979016229, 61.662871789775629 ], [ 25.597007144277757, 61.664748634491346 ], [ 25.596758709110652, 61.664934753717127 ], [ 25.595872245314013, 61.665243513401052 ], [ 25.594907732026822, 61.666570786964321 ], [ 25.594311369712294, 61.667228590085664 ], [ 25.594319368039805, 61.667605859088162 ], [ 25.594022800433322, 61.668216279298072 ], [ 25.594052046893253, 61.668426066011499 ], [ 25.594448064879444, 61.668572836934956 ] ] } },
{ "type": "Feature", "properties": { "seg_id": "F02-S44", "feeder_id": "F02", "ss_id": "SS-SYSMA", "parent_seg_id": "F02-S29", "from_node": "F02:426852_6835543", "to_node": "F02:426160_6834726", "downstream_tr": 1, "downstream_kp": 20 }, "geometry": { "type": "LineString", "coordinates": [ [ 25.619345053861029, 61.646201608749777 ], [ 25.618936412891387, 61.646158375376757 ], [ 25.618404643836197, 61.646285539394405 ], [ 25.617581378124996, 61.646406255612597 ], [ 25.61557990118521, 61.646185839365579 ], [ 25.614625069041029, 61.645592019660491 ], [ 25.614321921353923, 61.645494424143912 ], [ 25.613165115488556, 61.645638276615756 ], [ 25.612054788782238, 61.645325729160184 ], [ 25.611094700267792, 61.645436076083179 ], [ 25.610227867027287, 61.645411563613671 ], [ 25.61001712109536, 61.645406757571827 ], [ 25.609416855325883, 61.64535503977033 ], [ 25.608858210251285, 61.645147111588642 ], [ 25.608491270623706, 61.644920857902868 ], [ 25.607055794385115, 61.644262783024104 ], [ 25.604815739798742, 61.644039258368075 ], [ 25.6048726922869, 61.643153112374726 ], [ 25.604511740382808, 61.642269528913403 ], [ 25.604750685544527, 61.640498530426086 ], [ 25.604639545186359, 61.64028689498484 ], [ 25.604166391017692, 61.639976674966007 ], [ 25.603165922184942, 61.639219523949002 ], [ 25.60294706567468, 61.638869156510495 ], [ 25.606618934162832, 61.638735179024245 ] ] } },
{ "type": "Feature", "properties": { "seg_id": "F02-S45", "feeder_id": "F02", "ss_id": "SS-SYSMA", "parent_seg_id": "F02-S13", "from_node": "F02:428195_6840975", "to_node": "F02:428664_6841835", "downstream_tr": 1, "downstream_kp": 12 }, "geometry": { "type": "LineString", "coordinates": [ [ 25.642550694262866, 61.6952057348172 ], [ 25.642844650183509, 61.695251445854943 ], [ 25.644204060829814, 61.694996658874196 ], [ 25.645340116333891, 61.695041832412407 ], [ 25.645796751276936, 61.695213820757928 ], [ 25.645918878583128, 61.695787811269412 ], [ 25.645332807850036, 61.696756627125602 ], [ 25.645723639336673, 61.698187961653872 ], [ 25.647047024694405, 61.699405399658239 ], [ 25.648724122682484, 61.701220814643712 ], [ 25.650066322040981, 61.702181275976109 ], [ 25.651077694365767, 61.703011345736712 ] ] } },
{ "type": "Feature", "properties": { "seg_id": "F03-S01", "feeder_id": "F03", "ss_id": "SS-SYSMA", "parent_seg_id": "F03-S23", "from_node": "F03:438581_6822628", "to_node": "F03:439236_6822820", "downstream_tr": 6, "downstream_kp": 92 }, "geometry": { "type": "LineString", "coordinates": [ [ 25.844992533536306, 61.532336672842909 ], [ 25.848206711934999, 61.532753295284145 ], [ 25.853376823188711, 61.533625245417362 ], [ 25.856843323699046, 61.534119090957304 ], [ 25.857237932997027, 61.534163533690638 ] ] } },
{ "type": "Feature", "properties": { "seg_id": "F03-S02", "feeder_id": "F03", "ss_id": "SS-SYSMA", "parent_seg_id": "F03-S19", "from_node": "F03:432162_6822952", "to_node": "F03:431664_6823082", "downstream_tr": 2, "downstream_kp": 30 }, "geometry": { "type": "LineString", "coordinates": [ [ 25.724200005597105, 61.534171754307138 ], [ 25.722069982541388, 61.534735390691054 ], [ 25.720320709043666, 61.534900296016886 ], [ 25.719053249379638, 61.534897872005935 ], [ 25.717296855468597, 61.535268565963875 ], [ 25.716382625763554, 61.535568937129149 ], [ 25.715221693352778, 61.53526228564985 ], [ 25.714784605818103, 61.535246454476791 ] ] } },
{ "type": "Feature", "properties": { "seg_id": "F03-S03", "feeder_id": "F03", "ss_id": "SS-SYSMA", "parent_seg_id": "F03-S24", "from_node": "F03:436717_6823870", "to_node": "F03:435823_6825953", "downstream_tr": 1, "downstream_kp": 10 }, "geometry": { "type": "LineString", "coordinates": [ [ 25.809517591593938, 61.543180722131233 ], [ 25.809480467931291, 61.544123356010026 ], [ 25.809827788269804, 61.544822448679369 ], [ 25.810190644978679, 61.545326866810349 ], [ 25.811450232419258, 61.546554449024121 ], [ 25.813738278040109, 61.548620905994106 ], [ 25.813933834129994, 61.549015635413987 ], [ 25.813846141972181, 61.549747657573697 ], [ 25.813561961117237, 61.550723941911393 ], [ 25.812675571776463, 61.551742996071837 ], [ 25.812543603592239, 61.552194073704925 ], [ 25.811996312272488, 61.553205495314145 ], [ 25.811272309527475, 61.55490416901754 ], [ 25.810190340145482, 61.556168102020365 ], [ 25.81003789210272, 61.557141791753601 ], [ 25.80961459864956, 61.557873697012155 ], [ 25.808971474881684, 61.558761235920976 ], [ 25.806926001429023, 61.560034326485919 ], [ 25.806362614708448, 61.56053846072215 ], [ 25.806207882289581, 61.560933371375981 ], [ 25.806293060022671, 61.561285729919732 ], [ 25.806984097090293, 61.561768825776703 ], [ 25.807157902190681, 61.562060671457424 ], [ 25.807119094795482, 61.562386502329488 ], [ 25.806858114853153, 61.562672522662965 ], [ 25.806412958420182, 61.562927251362161 ], [ 25.805774989388688, 61.56311570472284 ], [ 25.802208547513761, 61.56356122204042 ], [ 25.801338175890358, 61.563754924297733 ], [ 25.800661189753733, 61.564071121138312 ], [ 25.800318359078553, 61.56374952816747 ], [ 25.799536710969249, 61.563530181620258 ], [ 25.796961290929477, 61.563271936633718 ], [ 25.794211626059468, 61.562619798753367 ], [ 25.791980152234252, 61.561726086545292 ] ] } },
{ "type": "Feature", "properties": { "seg_id": "F03-S04", "feeder_id": "F03", "ss_id": "SS-SYSMA", "parent_seg_id": "F03-S22", "from_node": "F03:435755_6821700", "to_node": "F03:436357_6820518", "downstream_tr": 2, "downstream_kp": 37 }, "geometry": { "type": "LineString", "coordinates": [ [ 25.792183906183762, 61.52354388207241 ], [ 25.791861589917726, 61.522875998697955 ], [ 25.792040286865976, 61.522417486726155 ], [ 25.793451983455903, 61.521428355888091 ], [ 25.794326799235037, 61.521088161341069 ], [ 25.795757243662507, 61.52073441413166 ], [ 25.79627507288172, 61.520392546210857 ], [ 25.797471117905172, 61.520425401755446 ], [ 25.799047514703087, 61.519709042475398 ], [ 25.799571307831819, 61.519267196683124 ], [ 25.7997535244298, 61.518917200707968 ], [ 25.799928865131569, 61.517965761191348 ], [ 25.800864935669068, 61.51708994196597 ], [ 25.801625451301781, 61.516044493262896 ], [ 25.801349504781534, 61.514851485500628 ], [ 25.801454326463251, 61.514507900271973 ], [ 25.80177383603629, 61.514136877305063 ], [ 25.803902879168632, 61.513040580082325 ] ] } },
{ "type": "Feature", "properties": { "seg_id": "F03-S05", "feeder_id": "F03", "ss_id": "SS-SYSMA", "parent_seg_id": "F03-S12", "from_node": "F03:439336_6824528", "to_node": "F03:438864_6824568", "downstream_tr": 1, "downstream_kp": 13 }, "geometry": { "type": "LineString", "coordinates": [ [ 25.858573274012215, 61.549505409265244 ], [ 25.853089823253935, 61.550163012828513 ], [ 25.851976223785545, 61.550127843659517 ], [ 25.851488301393697, 61.549902321714796 ], [ 25.850850561251519, 61.549827034826606 ], [ 25.849671841038163, 61.549790563469251 ] ] } },
{ "type": "Feature", "properties": { "seg_id": "F03-S06", "feeder_id": "F03", "ss_id": "SS-SYSMA", "parent_seg_id": "F03-S02", "from_node": "F03:431664_6823082", "to_node": "F03:432240_6826083", "downstream_tr": 1, "downstream_kp": 9 }, "geometry": { "type": "LineString", "coordinates": [ [ 25.714784605818103, 61.535246454476791 ], [ 25.714310666127727, 61.535520637119184 ], [ 25.713667126494851, 61.535715386192038 ], [ 25.711634263690986, 61.536035393163488 ], [ 25.709218717547863, 61.536648095410158 ], [ 25.70848617846881, 61.537041497651487 ], [ 25.707997470705827, 61.537162015729699 ], [ 25.705978974152362, 61.537222499736927 ], [ 25.704821177602195, 61.536915546910556 ], [ 25.703848717397676, 61.53691916467217 ], [ 25.702901152071604, 61.536883310255519 ], [ 25.702125549779737, 61.537011540246908 ], [ 25.700537858611678, 61.537534389579513 ], [ 25.70014440998748, 61.537561629478638 ], [ 25.699568384809339, 61.537480931186948 ], [ 25.698098814533221, 61.537261820806989 ], [ 25.694571477222588, 61.537145668722253 ], [ 25.69253031281287, 61.537961231130758 ], [ 25.694593834025856, 61.538515052894248 ], [ 25.695385198532243, 61.538958495654349 ], [ 25.696136754605838, 61.539992586338407 ], [ 25.69617130209739, 61.540892933611261 ], [ 25.696762716153977, 61.541488931431971 ], [ 25.698099807201899, 61.542959088512241 ], [ 25.698460415472585, 61.543247519480701 ], [ 25.698774091474004, 61.543608732172572 ], [ 25.698360107539578, 61.544329606266224 ], [ 25.698591001531998, 61.545432690151898 ], [ 25.698744926940467, 61.546050446439544 ], [ 25.698751426761287, 61.546642331369249 ], [ 25.698669502784107, 61.547730653507941 ], [ 25.698583808860732, 61.548259798234021 ], [ 25.698666944675026, 61.54880951437125 ], [ 25.698925533238018, 61.549204686343529 ], [ 25.700523878925544, 61.54988337615729 ], [ 25.701484763821625, 61.550663961351582 ], [ 25.702130945748475, 61.551515899214202 ], [ 25.702235365504059, 61.552268808899633 ], [ 25.702051032156632, 61.553128222063201 ], [ 25.70172015012437, 61.553569123020502 ], [ 25.702059239859619, 61.554103904872711 ], [ 25.700628220594989, 61.555405996949091 ], [ 25.700468778211807, 61.55600844882526 ], [ 25.700655922372199, 61.557762800009378 ], [ 25.700712797561884, 61.557980412419568 ], [ 25.701133940927164, 61.558033503073098 ], [ 25.701554176479895, 61.558204308854265 ], [ 25.702167052616637, 61.558778917674694 ], [ 25.703051890771388, 61.559718968036805 ], [ 25.70428737582013, 61.560239894658601 ], [ 25.704851749131368, 61.56038697147202 ], [ 25.706337397310584, 61.560472383761791 ], [ 25.708466432224576, 61.560184132198486 ], [ 25.710887690485151, 61.56005324099435 ], [ 25.712555800043827, 61.560125906213216 ], [ 25.715101742390942, 61.560372876826939 ], [ 25.716135791834919, 61.56065445593628 ], [ 25.717117370572254, 61.561066134816571 ], [ 25.719000975457501, 61.561297714604137 ], [ 25.719911254640152, 61.561522303222532 ], [ 25.722250958461032, 61.562526211529203 ], [ 25.723139449068587, 61.562726297761195 ], [ 25.723817519781505, 61.562577990884598 ], [ 25.724515101124886, 61.56228580398237 ] ] } },
{ "type": "Feature", "properties": { "seg_id": "F03-S07", "feeder_id": "F03", "ss_id": "SS-SYSMA", "parent_seg_id": "F03-S28", "from_node": "F03:433028_6820999", "to_node": "F03:433350_6821274", "downstream_tr": 17, "downstream_kp": 311 }, "geometry": { "type": "LineString", "coordinates": [ [ 25.741182021617522, 61.516790747780284 ], [ 25.74410175980865, 61.518311064148868 ], [ 25.74563657440503, 61.518891376981053 ], [ 25.747148407032089, 61.51931966180944 ] ] } },
{ "type": "Feature", "properties": { "seg_id": "F03-S08", "feeder_id": "F03", "ss_id": "SS-SYSMA", "parent_seg_id": "F03-S23", "from_node": "F03:438581_6822628", "to_node": "F03:439358_6822464", "downstream_tr": 2, "downstream_kp": 51 }, "geometry": { "type": "LineString", "coordinates": [ [ 25.844992533536306, 61.532336672842909 ], [ 25.845197462704995, 61.531905208872942 ], [ 25.846373213080668, 61.531599674669096 ], [ 25.849172734148663, 61.531507630184656 ], [ 25.851431340052681, 61.531577945371566 ], [ 25.854024155712793, 61.531810777954881 ], [ 25.855987333341702, 61.531870125456578 ], [ 25.857389767653903, 61.53160734601969 ], [ 25.858735316784614, 61.531370481516959 ], [ 25.859655302212456, 61.530983848013925 ] ] } },
{ "type": "Feature", "properties": { "seg_id": "F03-S09", "feeder_id": "F03", "ss_id": "SS-SYSMA", "parent_seg_id": "F03-S04", "from_node": "F03:436357_6820518", "to_node": "F03:438468_6819261", "downstream_tr": 1, "downstream_kp": 25 }, "geometry": { "type": "LineString", "coordinates": [ [ 25.803902879168632, 61.513040580082325 ], [ 25.805022983725959, 61.511908265618175 ], [ 25.805383991313178, 61.511821501251617 ], [ 25.806577833700203, 61.511737199926856 ], [ 25.807786949621821, 61.511598892482333 ], [ 25.808907805244278, 61.511295770725617 ], [ 25.809811408727299, 61.511150728904191 ], [ 25.812364918420389, 61.509905067414678 ], [ 25.812646336023047, 61.509446024352528 ], [ 25.813469702195231, 61.508638454577138 ], [ 25.815425794395999, 61.50732092971348 ], [ 25.817226595361713, 61.506539409700885 ], [ 25.818786143231971, 61.505445783158265 ], [ 25.821010431933693, 61.504340038839679 ], [ 25.82199136640023, 61.503720814384799 ], [ 25.823722318593706, 61.503207720950172 ], [ 25.824354446932634, 61.502839262224832 ], [ 25.824840182110865, 61.503014006683927 ], [ 25.826717024790899, 61.503377126804907 ], [ 25.828366913906702, 61.503308177371473 ], [ 25.830474661044374, 61.503115346611153 ], [ 25.832510868824144, 61.502910522687785 ], [ 25.834176574947524, 61.502683981436022 ], [ 25.835326853001046, 61.502148163088258 ], [ 25.836238306591685, 61.5017346906752 ], [ 25.836805200825928, 61.501553173346728 ], [ 25.839001527160931, 61.500753427439264 ], [ 25.840961074028979, 61.500245133714166 ], [ 25.842432751096013, 61.499974959618754 ], [ 25.844110917640624, 61.499806331645466 ], [ 25.844534034861976, 61.50023499898149 ], [ 25.844401696887203, 61.501017480154019 ], [ 25.844828994572048, 61.501437823958199 ], [ 25.844811680024712, 61.501736015874442 ], [ 25.843997684123373, 61.502102426151332 ] ] } },
{ "type": "Feature", "properties": { "seg_id": "F03-S10", "feeder_id": "F03", "ss_id": "SS-SYSMA", "parent_seg_id": "F03-S21", "from_node": "F03:440023_6825669", "to_node": "F03:439608_6827182", "downstream_tr": 1, "downstream_kp": 13 }, "geometry": { "type": "LineString", "coordinates": [ [ 25.871115065626103, 61.559855786925027 ], [ 25.871807418510677, 61.560701032285273 ], [ 25.871832514384607, 61.562161987761783 ], [ 25.871751583017502, 61.565168966979932 ], [ 25.871269586386383, 61.566604892851693 ], [ 25.870364494687287, 61.569048847080552 ], [ 25.870219462123632, 61.56979674561024 ], [ 25.870272187949098, 61.571010679575657 ], [ 25.870689090850192, 61.571611806218193 ], [ 25.870220497710072, 61.571979832072763 ], [ 25.869767680456349, 61.572109115571081 ], [ 25.868669132544984, 61.572054873026389 ], [ 25.868039744644307, 61.571809199665466 ], [ 25.86659606342619, 61.572235434784517 ], [ 25.866092976806339, 61.57209521539945 ], [ 25.865672481261374, 61.572047930770715 ], [ 25.865326099610858, 61.572129125640274 ], [ 25.862815896121823, 61.573370883894874 ] ] } },
{ "type": "Feature", "properties": { "seg_id": "F03-S11", "feeder_id": "F03", "ss_id": "SS-SYSMA", "parent_seg_id": "F03-S07", "from_node": "F03:433350_6821274", "to_node": "F03:435714_6821971", "downstream_tr": 16, "downstream_kp": 283 }, "geometry": { "type": "LineString", "coordinates": [ [ 25.747148407032089, 61.51931966180944 ], [ 25.749117564390886, 61.519740334627322 ], [ 25.756207135025495, 61.520988161897371 ], [ 25.758916053259796, 61.521614337598663 ], [ 25.762372161744082, 61.522540038825674 ], [ 25.764131273693337, 61.522922477196751 ], [ 25.766809258755643, 61.523249918279262 ], [ 25.772159891707187, 61.523372780101759 ], [ 25.77416750414665, 61.523600973913346 ], [ 25.777392562526437, 61.524235536589273 ], [ 25.780305768316566, 61.524593107861818 ], [ 25.784748324254974, 61.524820590511553 ], [ 25.787870604073792, 61.525243213531091 ], [ 25.791315652896575, 61.525974440200343 ] ] } },
{ "type": "Feature", "properties": { "seg_id": "F03-S12", "feeder_id": "F03", "ss_id": "SS-SYSMA", "parent_seg_id": "F03-S01", "from_node": "F03:439236_6822820", "to_node": "F03:439336_6824528", "downstream_tr": 3, "downstream_kp": 35 }, "geometry": { "type": "LineString", "coordinates": [ [ 25.857237932997027, 61.534163533690638 ], [ 25.85727865007555, 61.534357631480155 ], [ 25.857806990213071, 61.534830740288633 ], [ 25.858442779175682, 61.535734908177993 ], [ 25.858896487884653, 61.537254483600094 ], [ 25.858763814892846, 61.537851957620504 ], [ 25.857905152143125, 61.539006721946208 ], [ 25.857414269177255, 61.539830553825524 ], [ 25.85741807030546, 61.54034153275478 ], [ 25.857651586423493, 61.540723864434518 ], [ 25.858792759162771, 61.541853863587818 ], [ 25.859060674812198, 61.542593056516552 ], [ 25.858872386498909, 61.543274648764296 ], [ 25.858584431458603, 61.543715403618137 ], [ 25.858089036580747, 61.544140013305686 ], [ 25.856886534878576, 61.54487588372141 ], [ 25.856427667656412, 61.545373804602754 ], [ 25.856169681915116, 61.545840257707461 ], [ 25.856167733366934, 61.546319261871744 ], [ 25.856393052278339, 61.546801444415635 ], [ 25.858573274012215, 61.549505409265244 ] ] } },
{ "type": "Feature", "properties": { "seg_id": "F03-S13", "feeder_id": "F03", "ss_id": "SS-SYSMA", "parent_seg_id": "F03-S19", "from_node": "F03:432162_6822952", "to_node": "F03:433114_6824361", "downstream_tr": 2, "downstream_kp": 53 }, "geometry": { "type": "LineString", "coordinates": [ [ 25.724200005597105, 61.534171754307138 ], [ 25.725307621650877, 61.534442205000992 ], [ 25.727797229309832, 61.534450274000257 ], [ 25.728272209951886, 61.53460044701233 ], [ 25.728337149289924, 61.535053328981128 ], [ 25.728665392418026, 61.535401902013305 ], [ 25.730838230067118, 61.535246978611923 ], [ 25.731992900879455, 61.535400375376057 ], [ 25.734380062154141, 61.535894135451962 ], [ 25.734224128922659, 61.536294518325818 ], [ 25.734415917620311, 61.53696235711994 ], [ 25.73436924649657, 61.537295740820845 ], [ 25.733138365539098, 61.538312690606602 ], [ 25.733144748136997, 61.53871848309759 ], [ 25.733638085738111, 61.539579167869604 ], [ 25.733474219267226, 61.542496186770641 ], [ 25.733887333197661, 61.543130777230431 ], [ 25.73491126052123, 61.543665521257459 ], [ 25.737233868008772, 61.544383571490783 ], [ 25.74019720352053, 61.545582819005681 ], [ 25.741373105484172, 61.546379170951873 ], [ 25.741582572861521, 61.546674999188753 ], [ 25.741594365288904, 61.546981943305084 ] ] } },
{ "type": "Feature", "properties": { "seg_id": "F03-S14", "feeder_id": "F03", "ss_id": "SS-SYSMA", "parent_seg_id": "F03-S31", "from_node": "F03:440109_6822935", "to_node": "F03:441055_6824440", "downstream_tr": 1, "downstream_kp": 17 }, "geometry": { "type": "LineString", "coordinates": [ [ 25.873622612130411, 61.53532861072253 ], [ 25.873609665004388, 61.535497094496769 ], [ 25.874509939279676, 61.535737152960195 ], [ 25.875130592713532, 61.536079781607263 ], [ 25.876239519987958, 61.537065000687257 ], [ 25.878207606531301, 61.537701412561127 ], [ 25.880442615953516, 61.538784591191416 ], [ 25.882361791300969, 61.539369394261428 ], [ 25.883616991856417, 61.53985126518112 ], [ 25.886129627438553, 61.540528420209775 ], [ 25.887550845597328, 61.541253972600792 ], [ 25.888933924088107, 61.542283800455991 ], [ 25.891504436005757, 61.544068756026896 ], [ 25.892356126006597, 61.544553203482224 ], [ 25.893275540988952, 61.544916459489926 ], [ 25.895101823350785, 61.545337094925195 ], [ 25.895485963652199, 61.545492632686639 ], [ 25.894942644051159, 61.545917578116409 ], [ 25.894394493161375, 61.546174779673287 ], [ 25.894403539614675, 61.546902967961721 ], [ 25.892984387865841, 61.547684101422597 ], [ 25.892114864086899, 61.547924001159949 ], [ 25.890920250001525, 61.548989108484065 ] ] } },
{ "type": "Feature", "properties": { "seg_id": "F03-S15", "feeder_id": "F03", "ss_id": "SS-SYSMA", "parent_seg_id": "F03-S07", "from_node": "F03:433350_6821274", "to_node": "F03:434171_6823052", "downstream_tr": 1, "downstream_kp": 28 }, "geometry": { "type": "LineString", "coordinates": [ [ 25.747148407032089, 61.51931966180944 ], [ 25.747021604675638, 61.519686772950138 ], [ 25.747167383264561, 61.519956547068794 ], [ 25.74855629565959, 61.52073888181976 ], [ 25.749577958268773, 61.521329668618918 ], [ 25.750173303053476, 61.522699305487969 ], [ 25.750826477387097, 61.523433790799224 ], [ 25.751543893971768, 61.524028079550661 ], [ 25.752901648422291, 61.524677867300099 ], [ 25.75307777862001, 61.525112206882604 ], [ 25.753027423843896, 61.525521878554343 ], [ 25.753540137424796, 61.525979233124445 ], [ 25.755389269696856, 61.527250797781363 ], [ 25.755509296345728, 61.527466582726596 ], [ 25.755376138783774, 61.527717292301098 ], [ 25.755608452988739, 61.528204260671799 ], [ 25.756520090006831, 61.529351167109375 ], [ 25.756983405723346, 61.529907278408928 ], [ 25.757531137599365, 61.530465303836287 ], [ 25.757951355252871, 61.531470115348696 ], [ 25.758020865962106, 61.53269773777447 ], [ 25.759099256802568, 61.5332578547713 ], [ 25.759628192528034, 61.53385384093172 ], [ 25.760095665121323, 61.534057200425252 ], [ 25.760452095172258, 61.534150706504064 ], [ 25.76148632380967, 61.534374926419815 ], [ 25.762042573839285, 61.534712485541768 ], [ 25.761942395833767, 61.535415774015348 ] ] } },
{ "type": "Feature", "properties": { "seg_id": "F03-S16", "feeder_id": "F03", "ss_id": "SS-SYSMA", "parent_seg_id": "F03-S30", "from_node": "F03:431810_6820213", "to_node": "F03:431328_6820165", "downstream_tr": 5, "downstream_kp": 117 }, "geometry": { "type": "LineString", "coordinates": [ [ 25.718587601635591, 61.509527512716076 ], [ 25.717956743263692, 61.509497398098894 ], [ 25.715031629006713, 61.509257234746876 ], [ 25.711616337341116, 61.508841320750008 ], [ 25.709828822861443, 61.50863708382041 ], [ 25.709559967454258, 61.509008593039887 ] ] } },
{ "type": "Feature", "properties": { "seg_id": "F03-S17", "feeder_id": "F03", "ss_id": "SS-SYSMA", "parent_seg_id": "F03-S25", "from_node": "F03:438221_6822549", "to_node": "F03:438318_6822476", "downstream_tr": 1, "downstream_kp": 26 }, "geometry": { "type": "LineString", "coordinates": [ [ 25.838256213165259, 61.531568903700233 ], [ 25.838290290277364, 61.531467667281127 ], [ 25.838994909926026, 61.531503264095683 ], [ 25.839326312707335, 61.531425655613269 ], [ 25.839574153225772, 61.531186831772921 ], [ 25.840092381335538, 61.530929844905877 ] ] } },
{ "type": "Feature", "properties": { "seg_id": "F03-S18", "feeder_id": "F03", "ss_id": "SS-SYSMA", "parent_seg_id": "F03-S13", "from_node": "F03:433114_6824361", "to_node": "F03:433519_6826447", "downstream_tr": 1, "downstream_kp": 18 }, "geometry": { "type": "LineString", "coordinates": [ [ 25.741594365288904, 61.546981943305084 ], [ 25.741314094837467, 61.547362287160567 ], [ 25.740560087811474, 61.547730262224668 ], [ 25.740375599898748, 61.547940467807329 ], [ 25.740478845186086, 61.548353401178453 ], [ 25.741262395876152, 61.548906914288445 ], [ 25.740781834897096, 61.549329422637989 ], [ 25.740502290149045, 61.549562885657316 ], [ 25.740558852917957, 61.54976268109197 ], [ 25.741102492680572, 61.550187460752618 ], [ 25.742134234144991, 61.550746640914895 ], [ 25.742948474291612, 61.551831090795119 ], [ 25.74339681431384, 61.552061562030772 ], [ 25.7447473533508, 61.552466766098675 ], [ 25.745371574615572, 61.552799557267861 ], [ 25.745902959124891, 61.553240407493611 ], [ 25.746480906084713, 61.553388522985244 ], [ 25.748084237648225, 61.553518547680376 ], [ 25.749635724854897, 61.553999652484123 ], [ 25.750415880159352, 61.554425130234598 ], [ 25.75111979912549, 61.555453321046969 ], [ 25.751003905742742, 61.555798788008289 ], [ 25.750524756432405, 61.556386257856317 ], [ 25.749394432164944, 61.557118968353322 ], [ 25.749103117462674, 61.557417442873671 ], [ 25.748551145823164, 61.559742549995839 ], [ 25.746980471786042, 61.561145047851809 ], [ 25.746758478471602, 61.562248279736927 ], [ 25.746596497832524, 61.562612956771083 ], [ 25.745475168376846, 61.563643647655859 ], [ 25.74522685540127, 61.564316231313022 ], [ 25.745025929427857, 61.564988083583543 ], [ 25.744602105684237, 61.565474792263338 ], [ 25.744726389856645, 61.566083641586317 ], [ 25.74495607543026, 61.566085760900307 ], [ 25.745440105003421, 61.566272431010788 ], [ 25.745823204151055, 61.566272572816551 ], [ 25.746458382885809, 61.565888331265135 ], [ 25.747857438984511, 61.565411142150971 ], [ 25.748134382756238, 61.565450931399155 ], [ 25.748442522657498, 61.565776292108012 ] ] } },
{ "type": "Feature", "properties": { "seg_id": "F03-S19", "feeder_id": "F03", "ss_id": "SS-SYSMA", "parent_seg_id": "F03-S16", "from_node": "F03:431328_6820165", "to_node": "F03:432162_6822952", "downstream_tr": 4, "downstream_kp": 83 }, "geometry": { "type": "LineString", "coordinates": [ [ 25.709559967454258, 61.509008593039887 ], [ 25.708027560863069, 61.509126217185802 ], [ 25.706716414991082, 61.509594519989513 ], [ 25.707491657063379, 61.51069542633229 ], [ 25.707675249405888, 61.511343166316124 ], [ 25.707538608841098, 61.511790157970196 ], [ 25.707637335894923, 61.512111256354402 ], [ 25.709049344050321, 61.513336232388333 ], [ 25.710297375244156, 61.514167210720139 ], [ 25.710601748647843, 61.514708058668987 ], [ 25.710473339064865, 61.515034127960483 ], [ 25.710205449962956, 61.515660168915169 ], [ 25.710215588584955, 61.516564225773166 ], [ 25.710134476813447, 61.516858194886908 ], [ 25.709717198827516, 61.517344427844854 ], [ 25.709810051609608, 61.517556030183876 ], [ 25.710384159626834, 61.517872111688213 ], [ 25.711838246026236, 61.519115786155616 ], [ 25.71260794854155, 61.520114261546347 ], [ 25.713093896772147, 61.520409576149142 ], [ 25.713806480587056, 61.52066509582594 ], [ 25.715878970624395, 61.520826023665059 ], [ 25.716739668777489, 61.521035237829587 ], [ 25.717342653119587, 61.521592721370844 ], [ 25.718561995932365, 61.522398587319337 ], [ 25.718953770698302, 61.522955498496941 ], [ 25.719312423995142, 61.524401671535863 ], [ 25.718852213536092, 61.525195517645727 ], [ 25.718355098816335, 61.525724742820408 ], [ 25.718488633856339, 61.525992889525313 ], [ 25.720752007656927, 61.52692155322346 ], [ 25.721451899337787, 61.527351957498972 ], [ 25.721844525601899, 61.527933458209226 ], [ 25.721682290504003, 61.528630307359585 ], [ 25.721666994109466, 61.528707396470622 ], [ 25.721660682275058, 61.529142513288406 ], [ 25.722208962613539, 61.530621668989006 ], [ 25.722090105591633, 61.531108874412183 ], [ 25.722168842354765, 61.531630081312365 ], [ 25.721892053512175, 61.532091754823334 ], [ 25.721891300612217, 61.532370096604815 ], [ 25.722461155654038, 61.533095158668267 ], [ 25.723433475414424, 61.533498435089314 ], [ 25.724200005597105, 61.534171754307138 ] ] } },
{ "type": "Feature", "properties": { "seg_id": "F03-S20", "feeder_id": "F03", "ss_id": "SS-SYSMA", "parent_seg_id": "F03-S08", "from_node": "F03:439358_6822464", "to_node": "F03:439229_6820733", "downstream_tr": 1, "downstream_kp": 21 }, "geometry": { "type": "LineString", "coordinates": [ [ 25.859655302212456, 61.530983848013925 ], [ 25.859411271520141, 61.529791843484276 ], [ 25.860049124515506, 61.528174986191722 ], [ 25.85964300354005, 61.527440438402067 ], [ 25.85992706127864, 61.526764788691018 ], [ 25.860638183190851, 61.526255865289357 ], [ 25.860738279248427, 61.525956740067549 ], [ 25.860752792672947, 61.525792963763784 ], [ 25.860723489470129, 61.525155826391504 ], [ 25.860684739362302, 61.524378737306364 ], [ 25.860182633592657, 61.522973213187583 ], [ 25.859497276922863, 61.522202691307598 ], [ 25.859243654644274, 61.521684693431851 ], [ 25.859277886503861, 61.520864041592418 ], [ 25.859521528483686, 61.520546006610807 ], [ 25.859962903416079, 61.520270400266597 ], [ 25.859987848598479, 61.519965036237579 ], [ 25.86041655494731, 61.519236140842786 ], [ 25.86041287790005, 61.518605886620747 ], [ 25.859776098662437, 61.517534911804518 ], [ 25.859823458351975, 61.517231369005508 ], [ 25.860070181407387, 61.517012028185384 ], [ 25.85975738072942, 61.51666593635629 ], [ 25.859039621400068, 61.516240430197328 ], [ 25.858872262278496, 61.515996089954427 ], [ 25.858161278385019, 61.51581093779599 ], [ 25.857796618572745, 61.515433459431861 ] ] } },
{ "type": "Feature", "properties": { "seg_id": "F03-S21", "feeder_id": "F03", "ss_id": "SS-SYSMA", "parent_seg_id": "F03-S12", "from_node": "F03:439336_6824528", "to_node": "F03:440023_6825669", "downstream_tr": 2, "downstream_kp": 22 }, "geometry": { "type": "LineString", "coordinates": [ [ 25.858573274012215, 61.549505409265244 ], [ 25.859427082499646, 61.550624450290883 ], [ 25.859922839640873, 61.551692635311888 ], [ 25.859871942754722, 61.553810431130451 ], [ 25.85984912004794, 61.55397948750025 ], [ 25.859904460254352, 61.554109638688445 ], [ 25.860373040248689, 61.554882051062961 ], [ 25.860954506025191, 61.555323885457462 ], [ 25.865275578857997, 61.556827562152151 ], [ 25.86549868662555, 61.556893097360486 ], [ 25.868623167364639, 61.557945815677094 ], [ 25.86925336140375, 61.558315930931577 ], [ 25.871115065626103, 61.559855786925027 ] ] } },
{ "type": "Feature", "properties": { "seg_id": "F03-S22", "feeder_id": "F03", "ss_id": "SS-SYSMA", "parent_seg_id": "F03-S11", "from_node": "F03:435714_6821971", "to_node": "F03:435755_6821700", "downstream_tr": 3, "downstream_kp": 60 }, "geometry": { "type": "LineString", "coordinates": [ [ 25.791315652896575, 61.525974440200343 ], [ 25.792215206648521, 61.524297339298798 ], [ 25.792377115424969, 61.52387277975108 ], [ 25.792183906183762, 61.52354388207241 ] ] } },
{ "type": "Feature", "properties": { "seg_id": "F03-S23", "feeder_id": "F03", "ss_id": "SS-SYSMA", "parent_seg_id": "F03-S25", "from_node": "F03:438221_6822549", "to_node": "F03:438581_6822628", "downstream_tr": 8, "downstream_kp": 143 }, "geometry": { "type": "LineString", "coordinates": [ [ 25.838256213165259, 61.531568903700233 ], [ 25.840990010691556, 61.531899968318363 ], [ 25.844992533536306, 61.532336672842909 ] ] } },
{ "type": "Feature", "properties": { "seg_id": "F03-S24", "feeder_id": "F03", "ss_id": "SS-SYSMA", "parent_seg_id": "F03-S27", "from_node": "F03:436676_6822555", "to_node": "F03:436717_6823870", "downstream_tr": 2, "downstream_kp": 28 }, "geometry": { "type": "LineString", "coordinates": [ [ 25.809207962097588, 61.531373781582573 ], [ 25.808827182619755, 61.53298755889454 ], [ 25.808284956813505, 61.535055789349094 ], [ 25.808415671109024, 61.535986852788099 ], [ 25.808927456294469, 61.536966077589469 ], [ 25.810601242250339, 61.538068671955756 ], [ 25.810663479540455, 61.53833151356077 ], [ 25.810526491185083, 61.538680022730887 ], [ 25.809779104521137, 61.539713261692107 ], [ 25.809566116069579, 61.542258164118493 ], [ 25.809517591593938, 61.543180722131233 ] ] } },
{ "type": "Feature", "properties": { "seg_id": "F03-S25", "feeder_id": "F03", "ss_id": "SS-SYSMA", "parent_seg_id": "F03-S32", "from_node": "F03:437562_6822558", "to_node": "F03:438221_6822549", "downstream_tr": 9, "downstream_kp": 169 }, "geometry": { "type": "LineString", "coordinates": [ [ 25.825852803727415, 61.531540744997805 ], [ 25.829099287421677, 61.531308199867098 ], [ 25.831216596989982, 61.531239632754399 ], [ 25.834325859501181, 61.531273466036538 ], [ 25.838256213165259, 61.531568903700233 ] ] } },
{ "type": "Feature", "properties": { "seg_id": "F03-S26", "feeder_id": "F03", "ss_id": "SS-SYSMA", "parent_seg_id": "F03-S21", "from_node": "F03:440023_6825669", "to_node": "F03:442018_6827399", "downstream_tr": 1, "downstream_kp": 9 }, "geometry": { "type": "LineString", "coordinates": [ [ 25.871115065626103, 61.559855786925027 ], [ 25.872178093134167, 61.559413867039083 ], [ 25.872708786488527, 61.559465311097277 ], [ 25.876830758367216, 61.560797231408785 ], [ 25.878514739617231, 61.561462716747535 ], [ 25.880626054027346, 61.562075973302818 ], [ 25.881068737484, 61.562315275061536 ], [ 25.88119544706505, 61.562625293037797 ], [ 25.881201520161895, 61.563679999132688 ], [ 25.881904060320707, 61.564370842104566 ], [ 25.882688721932841, 61.564720162110788 ], [ 25.883075058181543, 61.565716602839188 ], [ 25.883710423487269, 61.566117999720539 ], [ 25.885157380679203, 61.566656657136406 ], [ 25.886178316733304, 61.567408001324033 ], [ 25.890425485110306, 61.568711791271248 ], [ 25.889973524239043, 61.571420062878808 ], [ 25.890188787956109, 61.572403535135805 ], [ 25.890073287758078, 61.572851733574709 ], [ 25.890198676252176, 61.573050628603212 ], [ 25.891002597591168, 61.573531125780306 ], [ 25.891111953308268, 61.573702506687432 ], [ 25.890953811925883, 61.573924867600553 ], [ 25.890216905084959, 61.574329127083722 ], [ 25.890224683902154, 61.575147523487288 ], [ 25.892962559026671, 61.575383427140373 ], [ 25.894430985985064, 61.575419646455551 ], [ 25.895164931235815, 61.575320135534511 ], [ 25.896725979590727, 61.574906192401606 ], [ 25.899329576535191, 61.575022258053984 ], [ 25.900652921312993, 61.574806979757916 ], [ 25.902078676051943, 61.574868144714522 ], [ 25.902927641586917, 61.574735750035892 ], [ 25.903345549069641, 61.574571960537391 ], [ 25.904425752026672, 61.574067118770081 ], [ 25.90637347345216, 61.573438547601079 ], [ 25.906754335153423, 61.573978428070944 ], [ 25.907611498169992, 61.574403003559986 ], [ 25.908184229257525, 61.574897054430728 ], [ 25.908115455518828, 61.575688133803489 ] ] } },
{ "type": "Feature", "properties": { "seg_id": "F03-S27", "feeder_id": "F03", "ss_id": "SS-SYSMA", "parent_seg_id": "F03-S35", "from_node": "F03:436662_6822384", "to_node": "F03:436676_6822555", "downstream_tr": 3, "downstream_kp": 41 }, "geometry": { "type": "LineString", "coordinates": [ [ 25.808993580644326, 61.529834392829365 ], [ 25.809207962097588, 61.531373781582573 ] ] } },
{ "type": "Feature", "properties": { "seg_id": "F03-S28", "feeder_id": "F03", "ss_id": "SS-SYSMA", "parent_seg_id": "F03-S30", "from_node": "F03:431810_6820213", "to_node": "F03:433028_6820999", "downstream_tr": 18, "downstream_kp": 333 }, "geometry": { "type": "LineString", "coordinates": [ [ 25.718587601635591, 61.509527512716076 ], [ 25.721526988900138, 61.509587887788491 ], [ 25.721829593042852, 61.509589915015361 ], [ 25.723733418628957, 61.509669418726936 ], [ 25.725934537974339, 61.509954488054383 ], [ 25.727284526833049, 61.510256049909721 ], [ 25.728930310560408, 61.510777954549887 ], [ 25.731129721576668, 61.511785936899592 ], [ 25.73508008409841, 61.513294342238538 ], [ 25.736402086810912, 61.513960937274135 ], [ 25.739088791080981, 61.515591310027197 ], [ 25.741182021617522, 61.516790747780284 ] ] } },
{ "type": "Feature", "properties": { "seg_id": "F03-S29", "feeder_id": "F03", "ss_id": "SS-SYSMA", "parent_seg_id": "F03-S32", "from_node": "F03:437562_6822558", "to_node": "F03:438977_6826025", "downstream_tr": 1, "downstream_kp": 13 }, "geometry": { "type": "LineString", "coordinates": [ [ 25.825852803727415, 61.531540744997805 ], [ 25.826288095591131, 61.532491350007426 ], [ 25.826283197071206, 61.53276325829021 ], [ 25.825843614516266, 61.533108721935456 ], [ 25.824693554843872, 61.533550160498883 ], [ 25.824453357093947, 61.533727523013482 ], [ 25.823406484245012, 61.53574943264578 ], [ 25.823280269406283, 61.536287101125787 ], [ 25.824234726052769, 61.537848988007902 ], [ 25.828495808552798, 61.541278205333754 ], [ 25.828737420717658, 61.542504762108337 ], [ 25.829143711847195, 61.543369983937211 ], [ 25.82973784692771, 61.54409568689713 ], [ 25.830012576020803, 61.544903492799584 ], [ 25.828455519781528, 61.545428224112293 ], [ 25.828207935422789, 61.545742294068589 ], [ 25.828675036234447, 61.547423851792061 ], [ 25.828350077435886, 61.548453611853105 ], [ 25.829557444017585, 61.549820480532098 ], [ 25.829769475073306, 61.550392933798719 ], [ 25.829133479892825, 61.551031793636007 ], [ 25.827354867748308, 61.551750169210599 ], [ 25.826925106997045, 61.552431899143542 ], [ 25.826121216411853, 61.552935744362301 ], [ 25.825783211323916, 61.553308181242727 ], [ 25.825111183609838, 61.55421790053159 ], [ 25.825396991039522, 61.554973709571961 ], [ 25.825389424311389, 61.555785973762831 ], [ 25.826833998949191, 61.555428263662108 ], [ 25.827673601264721, 61.555463475956074 ], [ 25.829117342996614, 61.55586864749494 ], [ 25.830090708459984, 61.556572179450264 ], [ 25.831884170233703, 61.557138430136824 ], [ 25.833891174147411, 61.558405020099521 ], [ 25.833980477989972, 61.558651074382269 ], [ 25.833843788216203, 61.558956530151285 ], [ 25.83296858689074, 61.560522166619045 ], [ 25.833162732170354, 61.560743836313492 ], [ 25.834410137726763, 61.561469525080213 ], [ 25.835726804138652, 61.561826378381795 ], [ 25.836289199988911, 61.562090477263254 ], [ 25.837421657045216, 61.563780033697618 ], [ 25.837909615598708, 61.56413754905887 ], [ 25.83863921466434, 61.564496711282743 ], [ 25.840166989010264, 61.564971537374191 ], [ 25.841075141115272, 61.565040690312934 ], [ 25.842703616332354, 61.564970971089238 ], [ 25.845741526893569, 61.564039235249041 ], [ 25.84663736561043, 61.563893984644835 ], [ 25.847209552984182, 61.563920999418045 ], [ 25.848384476308247, 61.564125600380549 ], [ 25.848907296082931, 61.563086854986459 ], [ 25.84868099603807, 61.562551402659913 ], [ 25.849328774852694, 61.562443350085019 ], [ 25.850328156450445, 61.562702721858713 ], [ 25.850554878218148, 61.562834723102448 ], [ 25.851319064319817, 61.562889786703316 ] ] } },
{ "type": "Feature", "properties": { "seg_id": "F03-S30", "feeder_id": "F03", "ss_id": "SS-SYSMA", "parent_seg_id": null, "from_node": "F03:431595_6819951", "to_node": "F03:431810_6820213", "downstream_tr": 23, "downstream_kp": 450 }, "geometry": { "type": "LineString", "coordinates": [ [ 25.714653245521564, 61.507132833528445 ], [ 25.715116576544329, 61.507207138494188 ], [ 25.715390515900577, 61.507386899159691 ], [ 25.715947684317932, 61.507841750573505 ], [ 25.716117950142277, 61.508211766030655 ], [ 25.71642702433622, 61.508842474832086 ], [ 25.717167778486033, 61.508809882081422 ], [ 25.7180456893323, 61.508833720722187 ], [ 25.718764694486158, 61.509155654428334 ], [ 25.718619221553297, 61.509433203766179 ], [ 25.718587601635591, 61.509527512716076 ] ] } },
{ "type": "Feature", "properties": { "seg_id": "F03-S31", "feeder_id": "F03", "ss_id": "SS-SYSMA", "parent_seg_id": "F03-S01", "from_node": "F03:439236_6822820", "to_node": "F03:440109_6822935", "downstream_tr": 3, "downstream_kp": 57 }, "geometry": { "type": "LineString", "coordinates": [ [ 25.857237932997027, 61.534163533690638 ], [ 25.860824695796058, 61.534553696524533 ], [ 25.864061102166072, 61.534777224634787 ], [ 25.865439699036514, 61.534851834040069 ], [ 25.867730245642694, 61.534943158465786 ], [ 25.871392607725046, 61.535067360497372 ], [ 25.873622612130411, 61.53532861072253 ] ] } },
{ "type": "Feature", "properties": { "seg_id": "F03-S32", "feeder_id": "F03", "ss_id": "SS-SYSMA", "parent_seg_id": "F03-S35", "from_node": "F03:436662_6822384", "to_node": "F03:437562_6822558", "downstream_tr": 10, "downstream_kp": 182 }, "geometry": { "type": "LineString", "coordinates": [ [ 25.808993580644326, 61.529834392829365 ], [ 25.811498074867263, 61.530337945376203 ], [ 25.811562155558441, 61.530350438100555 ], [ 25.812263005509383, 61.530487060469859 ], [ 25.817219292976645, 61.531333333336477 ], [ 25.820608678530263, 61.531665773914611 ], [ 25.823129616290462, 61.531695719511887 ], [ 25.825852803727415, 61.531540744997805 ] ] } },
{ "type": "Feature", "properties": { "seg_id": "F03-S33", "feeder_id": "F03", "ss_id": "SS-SYSMA", "parent_seg_id": "F03-S28", "from_node": "F03:433028_6820999", "to_node": "F03:432966_6821665", "downstream_tr": 1, "downstream_kp": 22 }, "geometry": { "type": "LineString", "coordinates": [ [ 25.741182021617522, 61.516790747780284 ], [ 25.740801321808185, 61.517043758881123 ], [ 25.740127032047234, 61.517241864497976 ], [ 25.73997284633921, 61.517583316961996 ], [ 25.739076600138329, 61.517970456012804 ], [ 25.738953696516173, 61.51815466142088 ], [ 25.739015016138346, 61.518492987414341 ], [ 25.738522907473772, 61.518911267042689 ], [ 25.739520654937916, 61.520845509915979 ], [ 25.739357941635191, 61.521499464865144 ], [ 25.739790649545743, 61.522758856296718 ] ] } },
{ "type": "Feature", "properties": { "seg_id": "F03-S34", "feeder_id": "F03", "ss_id": "SS-SYSMA", "parent_seg_id": "F03-S31", "from_node": "F03:440109_6822935", "to_node": "F03:442907_6823793", "downstream_tr": 2, "downstream_kp": 40 }, "geometry": { "type": "LineString", "coordinates": [ [ 25.873622612130411, 61.53532861072253 ], [ 25.87565643498295, 61.535774261716178 ], [ 25.877736836131696, 61.536428790119153 ], [ 25.884090490123413, 61.539226757652912 ], [ 25.889024123395551, 61.540914844504861 ], [ 25.892741824136841, 61.54199032861559 ], [ 25.898980644052202, 61.543572881125961 ], [ 25.901793376721777, 61.544425501365239 ], [ 25.907904465046311, 61.546527520386974 ], [ 25.912611690903177, 61.547831790962732 ], [ 25.916199025918761, 61.548538942217633 ], [ 25.921148921508436, 61.549249999893028 ], [ 25.92259429637356, 61.547141937403438 ], [ 25.922554834164192, 61.546463963278804 ], [ 25.922294762552241, 61.545659794462736 ], [ 25.922444713160523, 61.545345480323633 ], [ 25.924028021414156, 61.544631902935905 ], [ 25.925589197883571, 61.543777562363609 ], [ 25.925966134536125, 61.543459141676031 ] ] } },
{ "type": "Feature", "properties": { "seg_id": "F03-S35", "feeder_id": "F03", "ss_id": "SS-SYSMA", "parent_seg_id": "F03-S11", "from_node": "F03:435714_6821971", "to_node": "F03:436662_6822384", "downstream_tr": 13, "downstream_kp": 223 }, "geometry": { "type": "LineString", "coordinates": [ [ 25.791315652896575, 61.525974440200343 ], [ 25.791439562132492, 61.526003567686871 ], [ 25.80004319665175, 61.527649673097216 ], [ 25.802264942416265, 61.528189244802569 ], [ 25.807048260659148, 61.529391028488256 ], [ 25.808993580644326, 61.529834392829365 ] ] } },
{ "type": "Feature", "properties": { "seg_id": "F03-S36", "feeder_id": "F03", "ss_id": "SS-SYSMA", "parent_seg_id": "F03-S34", "from_node": "F03:442907_6823793", "to_node": "F03:443179_6823858", "downstream_tr": 1, "downstream_kp": 20 }, "geometry": { "type": "LineString", "coordinates": [ [ 25.925966134536125, 61.543459141676031 ], [ 25.926912917596532, 61.543856824240144 ], [ 25.927582784313142, 61.544035309240897 ], [ 25.928558765656252, 61.544244096975319 ], [ 25.929628364605325, 61.544304586017105 ], [ 25.931072283944882, 61.544077771724346 ] ] } },
{ "type": "Feature", "properties": { "seg_id": "F03-S37", "feeder_id": "F03", "ss_id": "SS-SYSMA", "parent_seg_id": "F03-S34", "from_node": "F03:442907_6823793", "to_node": "F03:441259_6821641", "downstream_tr": 1, "downstream_kp": 20 }, "geometry": { "type": "LineString", "coordinates": [ [ 25.925966134536125, 61.543459141676031 ], [ 25.926240453438023, 61.54303840639286 ], [ 25.926467710134553, 61.541994358115751 ], [ 25.927657839825262, 61.541291966897212 ], [ 25.92814567974056, 61.541046575945899 ], [ 25.929192438535335, 61.540959146202852 ], [ 25.930700805142081, 61.540734495749334 ], [ 25.933944035020119, 61.540134249556317 ], [ 25.935044816579104, 61.539949353489931 ], [ 25.937983375823567, 61.539424448883437 ], [ 25.939832541868117, 61.538654058865525 ], [ 25.94042240047278, 61.538515789415051 ], [ 25.941681870107914, 61.538361007948239 ], [ 25.943653838721982, 61.538238601625267 ], [ 25.944159462430196, 61.538106917732598 ], [ 25.944581097069882, 61.537856576541373 ], [ 25.94760529188731, 61.535216232488551 ], [ 25.947954817128885, 61.535022060038479 ], [ 25.948735619758487, 61.534707609880307 ], [ 25.950285113412679, 61.533910182845119 ], [ 25.9511069286349, 61.533220407091306 ], [ 25.952502468281878, 61.532367697860707 ], [ 25.955359767479834, 61.531120084265581 ], [ 25.956396767515244, 61.530453399389785 ], [ 25.958007007457134, 61.530014645249757 ], [ 25.962013831849685, 61.528921584050089 ], [ 25.961736201062266, 61.527347163347443 ], [ 25.961047465030621, 61.526709889730277 ], [ 25.951160120570481, 61.522803149095481 ], [ 25.95057383864085, 61.522580791320301 ], [ 25.949173520727118, 61.522300774562787 ], [ 25.948397650407365, 61.52192163728904 ], [ 25.947252426306687, 61.521245369263852 ], [ 25.946452118223974, 61.520531840729561 ], [ 25.94431925387148, 61.5193699130499 ], [ 25.944294383164472, 61.518167111477403 ], [ 25.944598726522546, 61.517501570734758 ], [ 25.943911211077765, 61.516747438625401 ], [ 25.944289274269167, 61.516700328398663 ], [ 25.945344340414579, 61.516843651118563 ], [ 25.946289143578589, 61.516725661186399 ], [ 25.94754979988215, 61.515191553105453 ], [ 25.948643820564943, 61.514633650658517 ], [ 25.948954233605821, 61.51439605885686 ], [ 25.949817203467873, 61.514095950388032 ], [ 25.950893441293502, 61.514597482686717 ], [ 25.952430568526513, 61.514767278402168 ], [ 25.953038306032408, 61.514922782625618 ], [ 25.953879485219918, 61.515535035852672 ], [ 25.955420271733381, 61.515572399608743 ], [ 25.957291411131614, 61.516510900366704 ], [ 25.958389718081396, 61.516656633094598 ], [ 25.960754122730751, 61.516789399135803 ], [ 25.960557093913025, 61.516446528037939 ], [ 25.960305345175698, 61.513687018764998 ], [ 25.961573035648922, 61.513548354986405 ], [ 25.963310471722284, 61.512817611210686 ], [ 25.964892534693163, 61.512576324942167 ], [ 25.965832883128655, 61.512342906200637 ], [ 25.966613409304887, 61.512075564704467 ], [ 25.967932030701895, 61.511430536543415 ], [ 25.969970243247573, 61.51090837952917 ], [ 25.970637427646306, 61.510537091152891 ], [ 25.969920605799814, 61.510242096373609 ], [ 25.96946173821178, 61.509348828097416 ], [ 25.968900155329397, 61.508736693437577 ], [ 25.968542898337446, 61.508143257254929 ], [ 25.968213951807773, 61.507043960022671 ], [ 25.967594528229654, 61.505927113243246 ], [ 25.966523177311245, 61.505145067930179 ], [ 25.965386075718577, 61.503680930888088 ], [ 25.964231769597845, 61.502555457880291 ], [ 25.961225818698679, 61.503018151261614 ], [ 25.959037987120013, 61.503306269943238 ], [ 25.957514045080718, 61.503657166372932 ], [ 25.956110327431801, 61.503822249518741 ], [ 25.953761214001144, 61.503758555818841 ], [ 25.952484191034493, 61.503840781202555 ], [ 25.952274626807277, 61.503867856781234 ], [ 25.951751844560988, 61.503947472260336 ], [ 25.951245347393989, 61.504038880616541 ], [ 25.948986119216112, 61.504493209178428 ], [ 25.94704527939647, 61.504801652539818 ], [ 25.945865790090959, 61.504675083040226 ], [ 25.944058626930577, 61.50431732830684 ], [ 25.941921599736585, 61.504160452368069 ], [ 25.940879689063127, 61.503954401921376 ], [ 25.940034113508865, 61.503844603871258 ], [ 25.936938926804647, 61.503794645041367 ], [ 25.933114884132738, 61.504253614226556 ], [ 25.931917830339412, 61.504446917857692 ], [ 25.930246722161339, 61.504826050758147 ], [ 25.929342188373301, 61.505152149742877 ], [ 25.928678553795805, 61.505463237990092 ], [ 25.927286045872322, 61.50626095144974 ], [ 25.926452918017656, 61.506464431611157 ], [ 25.923828529057015, 61.506701176162068 ], [ 25.921394769342456, 61.507019397647724 ], [ 25.91995144956104, 61.50681587493473 ], [ 25.916729315330389, 61.506645530039442 ], [ 25.915977089041025, 61.506532850397164 ], [ 25.913231052525926, 61.505751751729846 ], [ 25.908831873015099, 61.505080770846156 ], [ 25.907944330070052, 61.504799818452653 ], [ 25.906648154050924, 61.505400756969962 ], [ 25.906218894435966, 61.505783761450068 ], [ 25.906076578507328, 61.506533191440447 ], [ 25.905657067656804, 61.507542415595999 ], [ 25.906110634194288, 61.508560113691864 ], [ 25.905463053838293, 61.509607084829021 ], [ 25.905479784117986, 61.509904232280128 ], [ 25.905761909630691, 61.510006224142046 ], [ 25.905902220163945, 61.510139893306302 ], [ 25.905905075554589, 61.510822971381991 ], [ 25.903816575623726, 61.511779499318514 ], [ 25.902818553019713, 61.51246592722547 ], [ 25.903255084651001, 61.513073384882823 ], [ 25.903248807725642, 61.513466611922745 ], [ 25.903136477863441, 61.513693646359776 ], [ 25.902581469350935, 61.514050480346093 ], [ 25.902350710733241, 61.515256604010013 ], [ 25.902665575216439, 61.51555977671817 ], [ 25.904791312015195, 61.516622059374612 ], [ 25.905522914990208, 61.517188683923038 ], [ 25.905844227775031, 61.518046793524483 ], [ 25.905792166347322, 61.518637485721776 ], [ 25.903999189383729, 61.520569184437107 ], [ 25.903210462549524, 61.521114902881699 ], [ 25.901414029334472, 61.522082847688715 ], [ 25.899341786679589, 61.523151271997989 ], [ 25.898871400540951, 61.523791730010025 ], [ 25.898848331693113, 61.52414030672422 ], [ 25.898278245984873, 61.524343271954066 ], [ 25.896751726774081, 61.524660140749781 ], [ 25.896604809920881, 61.524079954465719 ], [ 25.895655168797013, 61.523890080892691 ] ] } },
{ "type": "Feature", "properties": { "seg_id": "F03-S38", "feeder_id": "F03", "ss_id": "SS-SYSMA", "parent_seg_id": "F03-S13", "from_node": "F03:433114_6824361", "to_node": "F03:433975_6824417", "downstream_tr": 1, "downstream_kp": 35 }, "geometry": { "type": "LineString", "coordinates": [ [ 25.741594365288904, 61.546981943305084 ], [ 25.742384795532296, 61.547093365382395 ], [ 25.745092495307023, 61.546951251918905 ], [ 25.745717954522664, 61.546029202536374 ], [ 25.74602071972825, 61.545865282249167 ], [ 25.748268461328973, 61.545749075935561 ], [ 25.749157270552868, 61.545808056242208 ], [ 25.750270129085319, 61.545802121021623 ], [ 25.751388897431678, 61.545511725947065 ], [ 25.752723437823953, 61.546249775840529 ], [ 25.753299456280345, 61.546781400232753 ], [ 25.753744196946641, 61.547379170463856 ], [ 25.755045698043428, 61.547527514164763 ], [ 25.755659599572237, 61.547819400955269 ], [ 25.756193460891023, 61.54769048849731 ], [ 25.757117763236803, 61.547748706397776 ], [ 25.757751748104848, 61.547633214060404 ] ] } },
{ "type": "Feature", "properties": { "seg_id": "F03-S39", "feeder_id": "F03", "ss_id": "SS-SYSMA", "parent_seg_id": "F03-S04", "from_node": "F03:436357_6820518", "to_node": "F03:436414_6820550", "downstream_tr": 1, "downstream_kp": 12 }, "geometry": { "type": "LineString", "coordinates": [ [ 25.803902879168632, 61.513040580082325 ], [ 25.804964721583445, 61.513333731760852 ] ] } },
{ "type": "Feature", "properties": { "seg_id": "F03-S40", "feeder_id": "F03", "ss_id": "SS-SYSMA", "parent_seg_id": "F03-S08", "from_node": "F03:439358_6822464", "to_node": "F03:439732_6822416", "downstream_tr": 1, "downstream_kp": 30 }, "geometry": { "type": "LineString", "coordinates": [ [ 25.859655302212456, 61.530983848013925 ], [ 25.862611488860985, 61.530653048352271 ], [ 25.864603843716356, 61.530592998111416 ], [ 25.865683626282763, 61.530427349120934 ], [ 25.866699182068217, 61.530619333924321 ] ] } },
{ "type": "Feature", "properties": { "seg_id": "F03-S41", "feeder_id": "F03", "ss_id": "SS-SYSMA", "parent_seg_id": "F03-S24", "from_node": "F03:436717_6823870", "to_node": "F03:436330_6824476", "downstream_tr": 1, "downstream_kp": 18 }, "geometry": { "type": "LineString", "coordinates": [ [ 25.809517591593938, 61.543180722131233 ], [ 25.808578851609631, 61.543077786720538 ], [ 25.807022649612403, 61.542684454871306 ], [ 25.805413323741181, 61.542428672729208 ], [ 25.804978738666261, 61.542444477391648 ], [ 25.803938781284028, 61.542717261532296 ], [ 25.802102135063347, 61.542679469808178 ], [ 25.801742720617966, 61.542597171856414 ], [ 25.800692100010799, 61.542123601107697 ], [ 25.800230577322445, 61.54204478445677 ], [ 25.799806472050516, 61.542062569913504 ], [ 25.798936135782938, 61.542319289585812 ], [ 25.798205910971511, 61.542357279587861 ], [ 25.795913251642659, 61.541767885334508 ], [ 25.794913585478838, 61.541898031379823 ], [ 25.79459795555745, 61.542073966620734 ], [ 25.794885351733676, 61.542631450277881 ], [ 25.795266851261911, 61.544015737002546 ], [ 25.796047589694862, 61.545058607083405 ], [ 25.797670429259107, 61.546484593773776 ], [ 25.798519785924377, 61.546928439892561 ], [ 25.799815111065801, 61.547984836644332 ], [ 25.800295689240183, 61.54812212716152 ], [ 25.800757033908734, 61.548383019396795 ], [ 25.802041841842566, 61.548559021390531 ] ] } },
{ "type": "Feature", "properties": { "seg_id": "F03-S42", "feeder_id": "F03", "ss_id": "SS-SYSMA", "parent_seg_id": "F03-S16", "from_node": "F03:431328_6820165", "to_node": "F03:431583_6820393", "downstream_tr": 1, "downstream_kp": 34 }, "geometry": { "type": "LineString", "coordinates": [ [ 25.709559967454258, 61.509008593039887 ], [ 25.710358677991984, 61.509125628806018 ], [ 25.712963647249996, 61.510957494161353 ], [ 25.713195477029654, 61.510918792067876 ], [ 25.714267001459454, 61.511099349975602 ] ] } },
{ "type": "Feature", "properties": { "seg_id": "F04-S01", "feeder_id": "F04", "ss_id": "SS-SYSMA", "parent_seg_id": "F04-S14", "from_node": "F04:421114_6813540", "to_node": "F04:420723_6813139", "downstream_tr": 1, "downstream_kp": 24 }, "geometry": { "type": "LineString", "coordinates": [ [ 25.520518811255066, 61.447603047586846 ], [ 25.518571933847916, 61.447851573094361 ], [ 25.515722905749943, 61.447688338478322 ], [ 25.513607679074362, 61.447815423227652 ], [ 25.513448634094861, 61.44746452252501 ], [ 25.513499941893588, 61.446481932175587 ], [ 25.513805342178156, 61.445946284802218 ], [ 25.513945594353856, 61.445051922884659 ], [ 25.51334833401717, 61.443922084219032 ] ] } },
{ "type": "Feature", "properties": { "seg_id": "F04-S02", "feeder_id": "F04", "ss_id": "SS-SYSMA", "parent_seg_id": "F04-S07", "from_node": "F04:428602_6818302", "to_node": "F04:428559_6818567", "downstream_tr": 1, "downstream_kp": 35 }, "geometry": { "type": "LineString", "coordinates": [ [ 25.65906548852681, 61.491791841748693 ], [ 25.658966926446396, 61.491861857305736 ], [ 25.65854197529071, 61.492288678053171 ], [ 25.658160294163554, 61.494164428186686 ] ] } },
{ "type": "Feature", "properties": { "seg_id": "F04-S03", "feeder_id": "F04", "ss_id": "SS-SYSMA", "parent_seg_id": "F04-S09", "from_node": "F04:430323_6819941", "to_node": "F04:430077_6819772", "downstream_tr": 8, "downstream_kp": 175 }, "geometry": { "type": "LineString", "coordinates": [ [ 25.690754446592067, 61.506822420856814 ], [ 25.688403980613263, 61.506158742453486 ], [ 25.686199806892645, 61.505255446557719 ] ] } },
{ "type": "Feature", "properties": { "seg_id": "F04-S04", "feeder_id": "F04", "ss_id": "SS-SYSMA", "parent_seg_id": "F04-S33", "from_node": "F04:428549_6818260", "to_node": "F04:427705_6818425", "downstream_tr": 4, "downstream_kp": 99 }, "geometry": { "type": "LineString", "coordinates": [ [ 25.65808295696268, 61.491413103309256 ], [ 25.656216795816242, 61.491084696632377 ], [ 25.654194311204158, 61.491057659465433 ], [ 25.652793321635851, 61.491259223128651 ], [ 25.650119469662446, 61.491813922713696 ], [ 25.647966927057531, 61.492079034807603 ], [ 25.64476872815737, 61.492279047145651 ], [ 25.642176453291103, 61.492732657412454 ] ] } },
{ "type": "Feature", "properties": { "seg_id": "F04-S05", "feeder_id": "F04", "ss_id": "SS-SYSMA", "parent_seg_id": "F04-S26", "from_node": "F04:431667_6817999", "to_node": "F04:432431_6817275", "downstream_tr": 2, "downstream_kp": 59 }, "geometry": { "type": "LineString", "coordinates": [ [ 25.71673307307945, 61.489633248738308 ], [ 25.716939598936541, 61.489644071737608 ], [ 25.7187319543272, 61.489338784865218 ], [ 25.719694170396203, 61.489150061265079 ], [ 25.720170812290224, 61.488978665073397 ], [ 25.720823950540161, 61.488660877823726 ], [ 25.72150579951294, 61.488074135432988 ], [ 25.722841737495905, 61.487108288050301 ], [ 25.723640812513672, 61.486678805616485 ], [ 25.726908686005139, 61.485270645022005 ], [ 25.727583624037425, 61.485072577973675 ], [ 25.728751206123967, 61.484703266349918 ], [ 25.729668493830697, 61.483729167502936 ], [ 25.729750725452501, 61.483452588010294 ], [ 25.731331888533351, 61.483264575310052 ] ] } },
{ "type": "Feature", "properties": { "seg_id": "F04-S06", "feeder_id": "F04", "ss_id": "SS-SYSMA", "parent_seg_id": "F04-S15", "from_node": "F04:427041_6814249", "to_node": "F04:425569_6815621", "downstream_tr": 1, "downstream_kp": 34 }, "geometry": { "type": "LineString", "coordinates": [ [ 25.631347712699007, 61.455132667866927 ], [ 25.630779474254979, 61.455358986423398 ], [ 25.629128351876084, 61.455462115096836 ], [ 25.627828737384366, 61.455648702256703 ], [ 25.626047787624252, 61.456072517304825 ], [ 25.624624320622644, 61.456514508481959 ], [ 25.624170657116448, 61.456734127825712 ], [ 25.62370991170345, 61.457074615514657 ], [ 25.623132698798862, 61.457876041787848 ], [ 25.621823811396336, 61.457993738805307 ], [ 25.619973361641602, 61.458482235813598 ], [ 25.618527204960721, 61.459006736441808 ], [ 25.616316957041064, 61.459965839035334 ], [ 25.614546913462796, 61.460458123835188 ], [ 25.613849556694458, 61.460600053077265 ], [ 25.612581212101514, 61.460633465521127 ], [ 25.611833217160328, 61.460519766384927 ], [ 25.609372250396284, 61.460558576446068 ], [ 25.607616733189396, 61.460535372415926 ], [ 25.607044715055903, 61.460677971204241 ], [ 25.606344211613084, 61.461280986033572 ], [ 25.605241083150851, 61.461516067938071 ], [ 25.60451646412141, 61.46154523012023 ], [ 25.603912774016688, 61.461701687940611 ], [ 25.603382234813335, 61.462544580264037 ], [ 25.602859885075734, 61.46299778034053 ], [ 25.602997087056153, 61.463217279494984 ], [ 25.603871271189206, 61.463629338025207 ], [ 25.604069362978482, 61.463837052041264 ], [ 25.604255675071503, 61.464571544197923 ], [ 25.603982353656445, 61.465168354587661 ], [ 25.603194998731034, 61.465949140301703 ], [ 25.603005727066243, 61.466488914424644 ], [ 25.603201636065766, 61.467159335175062 ] ] } },
{ "type": "Feature", "properties": { "seg_id": "F04-S07", "feeder_id": "F04", "ss_id": "SS-SYSMA", "parent_seg_id": "F04-S37", "from_node": "F04:429353_6819243", "to_node": "F04:428602_6818302", "downstream_tr": 6, "downstream_kp": 148 }, "geometry": { "type": "LineString", "coordinates": [ [ 25.672814051788851, 61.500382247986003 ], [ 25.671150127378489, 61.498350389219581 ], [ 25.669914039311475, 61.49753117738517 ], [ 25.667409898957974, 61.496517673558621 ], [ 25.66621696309976, 61.496041263250021 ], [ 25.66614761654213, 61.496009096331406 ], [ 25.665530003169103, 61.495665526071328 ], [ 25.66506444578102, 61.495200818241045 ], [ 25.664674825461383, 61.494787499445877 ], [ 25.664216790688752, 61.494516853235751 ], [ 25.663007070975265, 61.493954558809769 ], [ 25.661651217570256, 61.492964562044321 ], [ 25.65906548852681, 61.491791841748693 ] ] } },
{ "type": "Feature", "properties": { "seg_id": "F04-S08", "feeder_id": "F04", "ss_id": "SS-SYSMA", "parent_seg_id": "F04-S16", "from_node": "F04:429295_6813937", "to_node": "F04:428035_6814536", "downstream_tr": 9, "downstream_kp": 180 }, "geometry": { "type": "LineString", "coordinates": [ [ 25.673749583771766, 61.45275074830279 ], [ 25.671328403307239, 61.45298157792363 ], [ 25.670116083273207, 61.453120313184094 ], [ 25.669424384086966, 61.453286937384945 ], [ 25.667251061194253, 61.45453169140373 ], [ 25.666327818735105, 61.454785013406514 ], [ 25.66415299985259, 61.454915789616145 ], [ 25.660833498614483, 61.455747614846736 ], [ 25.66056190550119, 61.455826589906884 ], [ 25.660084895760328, 61.455952339951033 ], [ 25.658558070040826, 61.456388485173996 ], [ 25.657543837730877, 61.456559785491919 ], [ 25.655839076199157, 61.456533892664275 ], [ 25.654395638164353, 61.456538717193915 ], [ 25.653620295428457, 61.456616849526355 ], [ 25.651054073961376, 61.457779605241541 ], [ 25.650447852182445, 61.457931987092515 ], [ 25.650221809029205, 61.457932647485464 ], [ 25.649881347508476, 61.457895667638276 ] ] } },
{ "type": "Feature", "properties": { "seg_id": "F04-S09", "feeder_id": "F04", "ss_id": "SS-SYSMA", "parent_seg_id": null, "from_node": "F04:431595_6819951", "to_node": "F04:430323_6819941", "downstream_tr": 27, "downstream_kp": 639 }, "geometry": { "type": "LineString", "coordinates": [ [ 25.714653245521564, 61.507132833528445 ], [ 25.715116576544329, 61.507207138494188 ], [ 25.715390515900577, 61.507386899159691 ], [ 25.715947684317932, 61.507841750573505 ], [ 25.716117950142277, 61.508211766030655 ], [ 25.71642702433622, 61.508842474832086 ], [ 25.717167778486033, 61.508809882081422 ], [ 25.7180456893323, 61.508833720722187 ], [ 25.718764694486158, 61.509155654428334 ], [ 25.718619221553297, 61.509433203766179 ], [ 25.718587601635591, 61.509527512716076 ], [ 25.717956743263692, 61.509497398098894 ], [ 25.715031629006713, 61.509257234746876 ], [ 25.711616337341116, 61.508841320750008 ], [ 25.709828822861443, 61.50863708382041 ], [ 25.70422795393841, 61.508102576931037 ], [ 25.701694387092708, 61.507898849222514 ], [ 25.701595109656267, 61.507891555724513 ], [ 25.699358561366768, 61.507730348783795 ], [ 25.697431085671912, 61.507613501966837 ], [ 25.693443584041454, 61.507282941852893 ], [ 25.690954971345537, 61.506864532935644 ], [ 25.690754446592067, 61.506822420856814 ] ] } },
{ "type": "Feature", "properties": { "seg_id": "F04-S10", "feeder_id": "F04", "ss_id": "SS-SYSMA", "parent_seg_id": "F04-S09", "from_node": "F04:430323_6819941", "to_node": "F04:431292_6818466", "downstream_tr": 19, "downstream_kp": 464 }, "geometry": { "type": "LineString", "coordinates": [ [ 25.690754446592067, 61.506822420856814 ], [ 25.691376853086837, 61.505887310469362 ], [ 25.691134825201409, 61.505019765643148 ], [ 25.691006171667951, 61.504672652091806 ], [ 25.690774775847228, 61.504127492016543 ], [ 25.690611711073878, 61.50374048930837 ], [ 25.690270604853634, 61.502931500041797 ], [ 25.68954274486574, 61.50168300633166 ], [ 25.690536033546138, 61.501434519769212 ], [ 25.691439790725664, 61.501113744035948 ], [ 25.692456661922993, 61.500606557479479 ], [ 25.693337182929465, 61.5000888822916 ], [ 25.694802334424949, 61.499087548257002 ], [ 25.696760947698497, 61.497867178502425 ], [ 25.697108000088278, 61.497703431931662 ], [ 25.697190361264543, 61.497666553816487 ], [ 25.698075939669454, 61.497304017956502 ], [ 25.700227197376297, 61.496477242387797 ], [ 25.700527809719919, 61.496347413543987 ], [ 25.701025323340044, 61.49612985403477 ], [ 25.702915316856544, 61.495196865628735 ], [ 25.704610109703072, 61.494565076785968 ], [ 25.706840202781169, 61.494094298559695 ], [ 25.709516925238596, 61.493750547610269 ] ] } },
{ "type": "Feature", "properties": { "seg_id": "F04-S11", "feeder_id": "F04", "ss_id": "SS-SYSMA", "parent_seg_id": "F04-S24", "from_node": "F04:424977_6818579", "to_node": "F04:424791_6818365", "downstream_tr": 1, "downstream_kp": 32 }, "geometry": { "type": "LineString", "coordinates": [ [ 25.590903379580713, 61.493591480063898 ], [ 25.590554220620326, 61.493479256347229 ], [ 25.58884647208577, 61.492495286379409 ], [ 25.587498341269061, 61.491640139888212 ] ] } },
{ "type": "Feature", "properties": { "seg_id": "F04-S12", "feeder_id": "F04", "ss_id": "SS-SYSMA", "parent_seg_id": "F04-S43", "from_node": "F04:431649_6816922", "to_node": "F04:431985_6813252", "downstream_tr": 14, "downstream_kp": 294 }, "geometry": { "type": "LineString", "coordinates": [ [ 25.716788077697537, 61.479956844264926 ], [ 25.715566932235969, 61.478843863946508 ], [ 25.714534092478598, 61.477481608761671 ], [ 25.71419183082552, 61.476777070590764 ], [ 25.713583507698822, 61.47465097764934 ], [ 25.71270579884829, 61.470811016253123 ], [ 25.71264195111868, 61.469134582195579 ], [ 25.712814945498756, 61.467682792200705 ], [ 25.713694135002488, 61.464953489282792 ], [ 25.714770938216734, 61.463066316827437 ], [ 25.715556951850584, 61.461990477969991 ], [ 25.717569485779197, 61.459762306232918 ], [ 25.719613746875915, 61.457905683581849 ], [ 25.720416173316664, 61.456973161424038 ], [ 25.722569639303082, 61.452784895780553 ], [ 25.72291983500298, 61.452059599004606 ], [ 25.723455065168697, 61.450943502496493 ], [ 25.723580594723078, 61.45070403638195 ], [ 25.724195140561417, 61.449383674562021 ], [ 25.724247594942874, 61.449242538631324 ], [ 25.724483899159971, 61.448361476148349 ], [ 25.724429250933241, 61.447080543582814 ] ] } },
{ "type": "Feature", "properties": { "seg_id": "F04-S13", "feeder_id": "F04", "ss_id": "SS-SYSMA", "parent_seg_id": "F04-S03", "from_node": "F04:430077_6819772", "to_node": "F04:430032_6820375", "downstream_tr": 1, "downstream_kp": 14 }, "geometry": { "type": "LineString", "coordinates": [ [ 25.686199806892645, 61.505255446557719 ], [ 25.685907260729554, 61.505310863489768 ], [ 25.684540918223696, 61.505431663399129 ], [ 25.682831122323641, 61.505552815158872 ], [ 25.68281365542785, 61.505654795181044 ], [ 25.682077351927386, 61.508048389508964 ], [ 25.682985967909154, 61.508178382118558 ], [ 25.683777831858691, 61.508455533288249 ], [ 25.683957994921684, 61.50849877813355 ], [ 25.68479965625783, 61.508700336709957 ], [ 25.685021138247414, 61.508822587151322 ], [ 25.684831211939155, 61.509086968510147 ], [ 25.684623030808535, 61.509267782055716 ], [ 25.684397317856622, 61.509864832759838 ], [ 25.685128431967335, 61.510664646844518 ] ] } },
{ "type": "Feature", "properties": { "seg_id": "F04-S14", "feeder_id": "F04", "ss_id": "SS-SYSMA", "parent_seg_id": "F04-S47", "from_node": "F04:422229_6813899", "to_node": "F04:421114_6813540", "downstream_tr": 2, "downstream_kp": 33 }, "geometry": { "type": "LineString", "coordinates": [ [ 25.541260547202818, 61.451053276470702 ], [ 25.539907022698351, 61.452248915424185 ], [ 25.539078724906414, 61.45319200509536 ], [ 25.538794912370104, 61.453348839748685 ], [ 25.538031820907236, 61.453440050259196 ], [ 25.536820317047795, 61.453272241355087 ], [ 25.533402964519372, 61.452789346568181 ], [ 25.530818159774086, 61.452305675888184 ], [ 25.528296787214138, 61.452372976186119 ], [ 25.526683416590039, 61.452673976755761 ], [ 25.520816915196281, 61.447942716316405 ], [ 25.520518811255066, 61.447603047586846 ] ] } },
{ "type": "Feature", "properties": { "seg_id": "F04-S15", "feeder_id": "F04", "ss_id": "SS-SYSMA", "parent_seg_id": "F04-S08", "from_node": "F04:428035_6814536", "to_node": "F04:427041_6814249", "downstream_tr": 8, "downstream_kp": 148 }, "geometry": { "type": "LineString", "coordinates": [ [ 25.649881347508476, 61.457895667638276 ], [ 25.649762212478723, 61.457877715114279 ], [ 25.646313138664134, 61.457247978501016 ], [ 25.645059206292025, 61.457116952009329 ], [ 25.64211813460879, 61.456707519628949 ], [ 25.638930314246245, 61.456428749330087 ], [ 25.63669299125986, 61.456419303939917 ], [ 25.635694324640404, 61.456305056414095 ], [ 25.632915077684792, 61.455681869856775 ], [ 25.632005102501367, 61.455426200424775 ], [ 25.631347712699007, 61.455132667866927 ] ] } },
{ "type": "Feature", "properties": { "seg_id": "F04-S16", "feeder_id": "F04", "ss_id": "SS-SYSMA", "parent_seg_id": "F04-S40", "from_node": "F04:430651_6812639", "to_node": "F04:429295_6813937", "downstream_tr": 10, "downstream_kp": 208 }, "geometry": { "type": "LineString", "coordinates": [ [ 25.699649024512855, 61.4413428637164 ], [ 25.698551385961103, 61.442452027430654 ], [ 25.69702804452599, 61.443231476636257 ], [ 25.696092843021152, 61.443999811883202 ], [ 25.695885800721982, 61.444896900619426 ], [ 25.695544257784306, 61.445354401296306 ], [ 25.694762063308243, 61.446012176999055 ], [ 25.694393891662685, 61.446169733762844 ], [ 25.69120838100973, 61.446442725117876 ], [ 25.68972322569088, 61.446837262346854 ], [ 25.688086652095773, 61.447043894215376 ], [ 25.687967513041869, 61.447059994769056 ], [ 25.685786859665033, 61.447366398896847 ], [ 25.685106356928596, 61.447535454062368 ], [ 25.684227911268849, 61.448472626380379 ], [ 25.683466604395488, 61.448956229475101 ], [ 25.682831590595196, 61.44924367479949 ], [ 25.682219488494688, 61.449310679062322 ], [ 25.680095444162667, 61.449276156618588 ], [ 25.67774870838857, 61.449412332900117 ], [ 25.676782548120176, 61.449608032356338 ], [ 25.675061337904115, 61.450308112312058 ], [ 25.674397708385122, 61.451027048993836 ], [ 25.674172864489027, 61.452513747179232 ], [ 25.673749583771766, 61.45275074830279 ] ] } },
{ "type": "Feature", "properties": { "seg_id": "F04-S17", "feeder_id": "F04", "ss_id": "SS-SYSMA", "parent_seg_id": "F04-S46", "from_node": "F04:425450_6812858", "to_node": "F04:424017_6813234", "downstream_tr": 4, "downstream_kp": 69 }, "geometry": { "type": "LineString", "coordinates": [ [ 25.602079397715105, 61.442339629756312 ], [ 25.600344278422188, 61.442373350622049 ], [ 25.599219776030672, 61.442513937039926 ], [ 25.597442653972049, 61.442476669797479 ], [ 25.59491402765747, 61.442661047503563 ], [ 25.593864318046201, 61.443166827266822 ], [ 25.593653495474936, 61.443392290000254 ], [ 25.593581291837712, 61.443775765533751 ], [ 25.593086004933614, 61.444058025179572 ], [ 25.5926160607589, 61.444367015256383 ], [ 25.592325693254114, 61.444441214671038 ], [ 25.587485389115681, 61.444389730063591 ], [ 25.586673043832619, 61.44445108768425 ], [ 25.585881835433117, 61.44459104480476 ], [ 25.583861649958912, 61.445217969259765 ], [ 25.579991671981141, 61.445816624573922 ], [ 25.579435314345407, 61.445806926466332 ], [ 25.577630947122916, 61.445567714979326 ], [ 25.575060547566629, 61.445438548422061 ] ] } },
{ "type": "Feature", "properties": { "seg_id": "F04-S18", "feeder_id": "F04", "ss_id": "SS-SYSMA", "parent_seg_id": "F04-S05", "from_node": "F04:432431_6817275", "to_node": "F04:432554_6817471", "downstream_tr": 1, "downstream_kp": 29 }, "geometry": { "type": "LineString", "coordinates": [ [ 25.731331888533351, 61.483264575310052 ], [ 25.732267639292036, 61.483660510588933 ], [ 25.732727199083119, 61.484474567414544 ], [ 25.732929340711703, 61.48458236478168 ], [ 25.733575507102643, 61.485042623546896 ] ] } },
{ "type": "Feature", "properties": { "seg_id": "F04-S19", "feeder_id": "F04", "ss_id": "SS-SYSMA", "parent_seg_id": "F04-S05", "from_node": "F04:432431_6817275", "to_node": "F04:433712_6816097", "downstream_tr": 1, "downstream_kp": 30 }, "geometry": { "type": "LineString", "coordinates": [ [ 25.731331888533351, 61.483264575310052 ], [ 25.736411803202639, 61.482732510548409 ], [ 25.744318425736989, 61.481968449427519 ], [ 25.747536870244808, 61.481395329350924 ], [ 25.750306241121756, 61.480728530693888 ], [ 25.752043325720418, 61.480178532129621 ], [ 25.754725049841813, 61.479176646977749 ], [ 25.757259383869073, 61.477868730718349 ], [ 25.759856299870179, 61.476018448040044 ], [ 25.760758689541973, 61.475167051445155 ], [ 25.758078468163976, 61.474965956149077 ], [ 25.75682995877683, 61.475059929420439 ], [ 25.756030011681332, 61.473841407879739 ], [ 25.755802847354719, 61.472915606485373 ] ] } },
{ "type": "Feature", "properties": { "seg_id": "F04-S20", "feeder_id": "F04", "ss_id": "SS-SYSMA", "parent_seg_id": "F04-S15", "from_node": "F04:427041_6814249", "to_node": "F04:426100_6813538", "downstream_tr": 7, "downstream_kp": 114 }, "geometry": { "type": "LineString", "coordinates": [ [ 25.631347712699007, 61.455132667866927 ], [ 25.629747418479205, 61.454318162176669 ], [ 25.62823653773383, 61.454294268513991 ], [ 25.627311394920461, 61.454121620040439 ], [ 25.626451044936353, 61.454003885649556 ], [ 25.624585827515872, 61.453973354062242 ], [ 25.623501729692489, 61.453866854234029 ], [ 25.622427199772108, 61.453791114632125 ], [ 25.621246790940042, 61.453904383513866 ], [ 25.620499311592038, 61.45379131795552 ], [ 25.619931708985391, 61.453576456780013 ], [ 25.616880390920485, 61.451792070363631 ], [ 25.615830816523747, 61.451009987311529 ], [ 25.615343262430365, 61.450312215673328 ], [ 25.614338396980859, 61.449262711282572 ], [ 25.614002489536851, 61.448571470494436 ] ] } },
{ "type": "Feature", "properties": { "seg_id": "F04-S21", "feeder_id": "F04", "ss_id": "SS-SYSMA", "parent_seg_id": "F04-S42", "from_node": "F04:430296_6812053", "to_node": "F04:428293_6812185", "downstream_tr": 1, "downstream_kp": 25 }, "geometry": { "type": "LineString", "coordinates": [ [ 25.693228289855373, 61.436017722952876 ], [ 25.693005980441082, 61.436146299324569 ], [ 25.691143798633647, 61.436679964389995 ], [ 25.68925735256143, 61.437448482652002 ], [ 25.688749382623886, 61.437525523170464 ], [ 25.688086264029351, 61.437433984795831 ], [ 25.687376745747294, 61.43700464302524 ], [ 25.686633858031694, 61.437090204716228 ], [ 25.685728136827365, 61.436470949214019 ], [ 25.685556395602077, 61.436159405217865 ], [ 25.685239324387037, 61.436034243957295 ], [ 25.684087265854068, 61.435390422655551 ], [ 25.683489405877271, 61.434707003232596 ], [ 25.683146729745303, 61.434562240505272 ], [ 25.681873239109219, 61.434165089209053 ], [ 25.680176277239401, 61.434355989625494 ], [ 25.678105555605967, 61.434502299447672 ], [ 25.676152574864485, 61.434180095316563 ], [ 25.67563230570865, 61.434144842145237 ], [ 25.67399477542963, 61.434435970237935 ], [ 25.672251266351104, 61.434519337817136 ], [ 25.671727131149989, 61.434594801475548 ], [ 25.670424589698602, 61.435023975896101 ], [ 25.669154360221448, 61.435180619885635 ], [ 25.668339835160054, 61.435366174283651 ], [ 25.667400913289253, 61.435712258869849 ], [ 25.665487169543809, 61.436957499156925 ], [ 25.664903622846904, 61.437113018964446 ], [ 25.663514825932172, 61.437309732660573 ], [ 25.660928647313938, 61.437481674730172 ], [ 25.659026513275517, 61.436694953848786 ], [ 25.657246811379878, 61.436467848684906 ], [ 25.656780799279641, 61.436502454587732 ], [ 25.655635913326154, 61.436843311313666 ] ] } },
{ "type": "Feature", "properties": { "seg_id": "F04-S22", "feeder_id": "F04", "ss_id": "SS-SYSMA", "parent_seg_id": "F04-S46", "from_node": "F04:425450_6812858", "to_node": "F04:425203_6811294", "downstream_tr": 1, "downstream_kp": 9 }, "geometry": { "type": "LineString", "coordinates": [ [ 25.602079397715105, 61.442339629756312 ], [ 25.601734973657294, 61.441908642562574 ], [ 25.601857485278568, 61.441240667590492 ], [ 25.60173747708944, 61.440718622254479 ], [ 25.599674357146267, 61.439150592942873 ], [ 25.598435678555102, 61.43774141927706 ], [ 25.597006373790034, 61.436869279670418 ], [ 25.596749379294515, 61.436514685367158 ], [ 25.597047838964844, 61.43567614256267 ], [ 25.597686491923586, 61.43455215597114 ], [ 25.597674753258481, 61.433995098970122 ], [ 25.598916098225246, 61.432880121585086 ], [ 25.598799550153373, 61.432219592328991 ], [ 25.59829547502023, 61.431639143179908 ], [ 25.59820943053354, 61.431269302063605 ], [ 25.598376857551877, 61.431014859596957 ], [ 25.599016869211471, 61.43067499862682 ], [ 25.599108471177487, 61.430397258233825 ], [ 25.598890771022671, 61.42956919361486 ], [ 25.59849931912224, 61.429000499288485 ], [ 25.598415196774091, 61.42850809855328 ], [ 25.598086892277397, 61.428257057090534 ] ] } },
{ "type": "Feature", "properties": { "seg_id": "F04-S23", "feeder_id": "F04", "ss_id": "SS-SYSMA", "parent_seg_id": "F04-S20", "from_node": "F04:426100_6813538", "to_node": "F04:426197_6812752", "downstream_tr": 6, "downstream_kp": 86 }, "geometry": { "type": "LineString", "coordinates": [ [ 25.614002489536851, 61.448571470494436 ], [ 25.613462910152688, 61.447892637817262 ], [ 25.613721259167299, 61.447018421458452 ], [ 25.613250861736674, 61.446712514102934 ], [ 25.612926148526778, 61.446473345005664 ], [ 25.612194387374313, 61.445537059694757 ], [ 25.611859020263946, 61.445016575878988 ], [ 25.613040694627948, 61.443671545928481 ], [ 25.614465339132636, 61.44282204618974 ], [ 25.616126276052011, 61.441530646808452 ] ] } },
{ "type": "Feature", "properties": { "seg_id": "F04-S24", "feeder_id": "F04", "ss_id": "SS-SYSMA", "parent_seg_id": "F04-S45", "from_node": "F04:426912_6818634", "to_node": "F04:424977_6818579", "downstream_tr": 2, "downstream_kp": 49 }, "geometry": { "type": "LineString", "coordinates": [ [ 25.627199537066215, 61.494463296220445 ], [ 25.625516401338782, 61.494483866341959 ], [ 25.623900561144193, 61.494667929852653 ], [ 25.622843824537252, 61.494642726844354 ], [ 25.6212507017486, 61.494312422303778 ], [ 25.619428797375235, 61.493447114765146 ], [ 25.617835684156404, 61.493177619026014 ], [ 25.616144220233704, 61.493209838674225 ], [ 25.614701403830388, 61.493172601004368 ], [ 25.613094067260718, 61.493002720083638 ], [ 25.612068579289229, 61.493003133626104 ], [ 25.605857337499735, 61.493707214352838 ], [ 25.604612704225545, 61.4939983244345 ], [ 25.603559801207535, 61.49435483011267 ], [ 25.602470891832425, 61.49455447806529 ], [ 25.601115154327506, 61.494572354428065 ], [ 25.599170629237946, 61.494334329397098 ], [ 25.597962681889001, 61.494231896099414 ], [ 25.596376910677289, 61.494282431108836 ], [ 25.594418176051118, 61.494502546230272 ], [ 25.594143145839222, 61.494314382585969 ], [ 25.593338796420909, 61.494092699533425 ], [ 25.592463625168214, 61.493885913582282 ], [ 25.590903379580713, 61.493591480063898 ] ] } },
{ "type": "Feature", "properties": { "seg_id": "F04-S25", "feeder_id": "F04", "ss_id": "SS-SYSMA", "parent_seg_id": "F04-S33", "from_node": "F04:428549_6818260", "to_node": "F04:429222_6816790", "downstream_tr": 1, "downstream_kp": 14 }, "geometry": { "type": "LineString", "coordinates": [ [ 25.65808295696268, 61.491413103309256 ], [ 25.658205192184898, 61.491099094648398 ], [ 25.657224100794242, 61.489682483306495 ], [ 25.656456834178204, 61.488407219990648 ], [ 25.656069715023886, 61.488195695298749 ], [ 25.654883474633593, 61.487937356076941 ], [ 25.654216366675936, 61.487545036062748 ], [ 25.653051003372926, 61.487065267690404 ], [ 25.652551964975039, 61.486626366193782 ], [ 25.651726606598878, 61.486132770258543 ], [ 25.650781164939939, 61.485287688440749 ], [ 25.649758595280542, 61.484836644479259 ], [ 25.649648993818914, 61.484495252475696 ], [ 25.649776978278727, 61.484127435900376 ], [ 25.6505206636804, 61.483595532718418 ], [ 25.652734726355622, 61.48280897201461 ], [ 25.652924807113578, 61.482859706320653 ], [ 25.655086367092608, 61.482803703120126 ], [ 25.655758919910685, 61.482721483164923 ], [ 25.656188432333689, 61.482525134987497 ], [ 25.656682210239069, 61.481797679597996 ], [ 25.658010641987541, 61.481636737199779 ], [ 25.661006869851917, 61.481063479933241 ], [ 25.661602399220335, 61.481039976204841 ], [ 25.664113097240751, 61.481267372735722 ], [ 25.665828810769334, 61.481452942153688 ], [ 25.667202670349983, 61.480804558428105 ], [ 25.667915270537019, 61.480772447752095 ], [ 25.668873390903396, 61.48092627981962 ], [ 25.669463697069286, 61.480620620582542 ], [ 25.671285658070424, 61.478338651193113 ] ] } },
{ "type": "Feature", "properties": { "seg_id": "F04-S26", "feeder_id": "F04", "ss_id": "SS-SYSMA", "parent_seg_id": "F04-S10", "from_node": "F04:431292_6818466", "to_node": "F04:431667_6817999", "downstream_tr": 18, "downstream_kp": 406 }, "geometry": { "type": "LineString", "coordinates": [ [ 25.709516925238596, 61.493750547610269 ], [ 25.711282057895279, 61.493360736449659 ], [ 25.71251324286353, 61.492925047799289 ], [ 25.713320164268691, 61.492516914489983 ], [ 25.714166268144169, 61.491962114358699 ], [ 25.715314564833442, 61.490931351820052 ], [ 25.716096902214549, 61.490208275266347 ], [ 25.71673307307945, 61.489633248738308 ] ] } },
{ "type": "Feature", "properties": { "seg_id": "F04-S27", "feeder_id": "F04", "ss_id": "SS-SYSMA", "parent_seg_id": "F04-S23", "from_node": "F04:426197_6812752", "to_node": "F04:427525_6810858", "downstream_tr": 1, "downstream_kp": 8 }, "geometry": { "type": "LineString", "coordinates": [ [ 25.616126276052011, 61.441530646808452 ], [ 25.619058959037108, 61.441095777663406 ], [ 25.619839895086884, 61.44086238900546 ], [ 25.620924682053609, 61.440500345594351 ], [ 25.62145509700235, 61.440004028118878 ], [ 25.623101083671273, 61.439888886605324 ], [ 25.624619247654557, 61.439235506993747 ], [ 25.625414197133821, 61.43912988792124 ], [ 25.628061581169931, 61.438401656930751 ], [ 25.631894659526324, 61.438264596398035 ], [ 25.633373651674546, 61.437486049111619 ], [ 25.634483865678842, 61.437250167159469 ], [ 25.636197719741087, 61.436979484848536 ], [ 25.63823261223866, 61.436789806093437 ], [ 25.641214482477423, 61.435836302423901 ], [ 25.642666833804782, 61.435269683722161 ], [ 25.643564438742384, 61.435224474706132 ], [ 25.64460233208429, 61.43558342376069 ], [ 25.645509030009798, 61.43567541577211 ], [ 25.646032874793875, 61.435619415702291 ], [ 25.646834934652734, 61.435397281779181 ], [ 25.647657566221497, 61.435316392692663 ], [ 25.648741854797475, 61.434773493026093 ], [ 25.648682559826959, 61.434326511630246 ], [ 25.648996762646288, 61.433653803372238 ], [ 25.650109373463998, 61.433303937488816 ], [ 25.650574583608716, 61.432792658762573 ], [ 25.650869885565598, 61.432664810800837 ], [ 25.651692090820848, 61.432432027408524 ], [ 25.652054209107014, 61.432192738716225 ], [ 25.653174674200777, 61.431196435333405 ], [ 25.653138713096578, 61.430995665748625 ], [ 25.652579016906763, 61.430682780171814 ], [ 25.652449228255289, 61.430451328447596 ], [ 25.652552927531485, 61.429904645210044 ], [ 25.653041452277321, 61.429701802035417 ], [ 25.653680435593454, 61.429444273182852 ], [ 25.654079023218458, 61.429156162779066 ], [ 25.654797569594553, 61.428995495943752 ], [ 25.654950511608721, 61.428857038052136 ], [ 25.654902238380942, 61.428668610620875 ], [ 25.6539869076231, 61.428185887311955 ], [ 25.653706206080024, 61.427494609388411 ], [ 25.654130308005879, 61.424512995019775 ], [ 25.653996567367244, 61.423775735245862 ], [ 25.654692194956052, 61.422921212906537 ], [ 25.654914130042862, 61.422272038784925 ], [ 25.655677493368664, 61.421280042826368 ], [ 25.655712995213023, 61.420993184092339 ], [ 25.655495127731143, 61.42060134807523 ], [ 25.655786601486582, 61.420375898959065 ], [ 25.654016514404276, 61.42052156358794 ], [ 25.650722672768016, 61.421565057365619 ], [ 25.648148325477358, 61.423100522547252 ], [ 25.645989127426756, 61.424205760595207 ], [ 25.644259999825817, 61.424686398445246 ], [ 25.641750812393241, 61.424785369794201 ] ] } },
{ "type": "Feature", "properties": { "seg_id": "F04-S28", "feeder_id": "F04", "ss_id": "SS-SYSMA", "parent_seg_id": "F04-S04", "from_node": "F04:427705_6818425", "to_node": "F04:426754_6817148", "downstream_tr": 1, "downstream_kp": 23 }, "geometry": { "type": "LineString", "coordinates": [ [ 25.642176453291103, 61.492732657412454 ], [ 25.641777973191171, 61.492380686981591 ], [ 25.641648450994406, 61.491729415554339 ], [ 25.639094094577715, 61.488533325037736 ], [ 25.635918437025644, 61.487421060716784 ], [ 25.634126039390583, 61.487180044273245 ], [ 25.632804486819854, 61.487178364776589 ], [ 25.631244228119591, 61.486100492737144 ], [ 25.630468049103111, 61.485072509467507 ], [ 25.630270733539611, 61.484663632773604 ], [ 25.630217485528256, 61.484007053479267 ], [ 25.630486894179334, 61.483350654495005 ], [ 25.630336650177725, 61.482799795132301 ], [ 25.629996361248544, 61.48271946514641 ], [ 25.628516523947816, 61.482811873721147 ], [ 25.628334410539161, 61.482306338789684 ], [ 25.627891512099016, 61.481716240044207 ], [ 25.627336615599031, 61.481502108044346 ], [ 25.626804858903395, 61.481160960216954 ], [ 25.625553154476549, 61.481038564478432 ], [ 25.624823931708178, 61.481089519626437 ] ] } },
{ "type": "Feature", "properties": { "seg_id": "F04-S29", "feeder_id": "F04", "ss_id": "SS-SYSMA", "parent_seg_id": "F04-S17", "from_node": "F04:424017_6813234", "to_node": "F04:423833_6813684", "downstream_tr": 1, "downstream_kp": 22 }, "geometry": { "type": "LineString", "coordinates": [ [ 25.575060547566629, 61.445438548422061 ], [ 25.574908666433405, 61.445738495369596 ], [ 25.574600288708393, 61.445979591755922 ], [ 25.572177061706903, 61.44719638195766 ], [ 25.571238816884264, 61.448304310176006 ], [ 25.571182332098452, 61.448762635353859 ], [ 25.571426080375428, 61.44944109838822 ] ] } },
{ "type": "Feature", "properties": { "seg_id": "F04-S30", "feeder_id": "F04", "ss_id": "SS-SYSMA", "parent_seg_id": "F04-S14", "from_node": "F04:421114_6813540", "to_node": "F04:421240_6811157", "downstream_tr": 1, "downstream_kp": 9 }, "geometry": { "type": "LineString", "coordinates": [ [ 25.520518811255066, 61.447603047586846 ], [ 25.520762103639459, 61.447276961755719 ], [ 25.521655968105367, 61.446880269150597 ], [ 25.522000131021834, 61.446271352974748 ], [ 25.522574186599421, 61.445645446051728 ], [ 25.522863436452255, 61.445535285697289 ], [ 25.523649647550286, 61.445315375537255 ], [ 25.523813217950892, 61.44518004885223 ], [ 25.523544382484939, 61.444063074464744 ], [ 25.523672973665189, 61.443145465434114 ], [ 25.523407351501255, 61.442907230580964 ], [ 25.5222835555732, 61.442527401555409 ], [ 25.52213703351422, 61.441881878482256 ], [ 25.522571630032299, 61.440986068344166 ], [ 25.522525562008781, 61.440297835830663 ], [ 25.524116559638614, 61.439521535602658 ], [ 25.524408243514809, 61.438746976278267 ], [ 25.523272192637673, 61.438151760268887 ], [ 25.522900963385371, 61.438055628000903 ], [ 25.522212641875392, 61.43801522678779 ], [ 25.522049694004107, 61.43759640477176 ], [ 25.521125942596001, 61.437093577390989 ], [ 25.521028892138002, 61.436716162049478 ], [ 25.520706018663166, 61.436061938692909 ], [ 25.520674793885199, 61.436032017500537 ], [ 25.520490215269767, 61.435211150321784 ], [ 25.520822584494102, 61.434019132524611 ], [ 25.52081039393461, 61.433298646709446 ], [ 25.521272836817577, 61.432929245523297 ], [ 25.521478850606599, 61.432519492091537 ], [ 25.521689238233797, 61.431723646042784 ], [ 25.521138466637225, 61.430340959112556 ], [ 25.521644076000509, 61.429570164476715 ], [ 25.52235195985191, 61.429200946976493 ], [ 25.522395365643785, 61.428593139657067 ], [ 25.522463989028797, 61.428222612594816 ], [ 25.522269521088568, 61.427479972051636 ], [ 25.523163578225951, 61.426505183900858 ], [ 25.523892408206496, 61.426244211869026 ] ] } },
{ "type": "Feature", "properties": { "seg_id": "F04-S31", "feeder_id": "F04", "ss_id": "SS-SYSMA", "parent_seg_id": "F04-S32", "from_node": "F04:431525_6816826", "to_node": "F04:430376_6815701", "downstream_tr": 1, "downstream_kp": 28 }, "geometry": { "type": "LineString", "coordinates": [ [ 25.714484453815558, 61.479079052884508 ], [ 25.713277657848298, 61.478317676767119 ], [ 25.712189568008316, 61.477132314648728 ], [ 25.710733537242273, 61.476248724209924 ], [ 25.710501691528787, 61.475876778526505 ], [ 25.710502461534535, 61.475451393959467 ], [ 25.71050816817872, 61.475353795881787 ], [ 25.710275099887301, 61.474614923251892 ], [ 25.709569179509536, 61.473864633541687 ], [ 25.708447796433031, 61.472168099959838 ], [ 25.708342370315759, 61.471918118679454 ], [ 25.708321486119392, 61.471665937799408 ], [ 25.708279906117941, 61.471177444618867 ], [ 25.708023519415043, 61.470783282035988 ], [ 25.706454259867016, 61.469616581480544 ], [ 25.705113053944565, 61.46957360642935 ], [ 25.704578470692464, 61.469365100487224 ], [ 25.703830360755092, 61.468084707378907 ], [ 25.70268149368524, 61.467597089139275 ], [ 25.701950687106724, 61.466241986248676 ], [ 25.701179649358441, 61.46584930993329 ], [ 25.699662512880607, 61.465325625182352 ], [ 25.699619402001368, 61.464958323684002 ], [ 25.698894766294263, 61.464488977019435 ], [ 25.69721558234426, 61.464888194238668 ], [ 25.696576457213947, 61.464968367386831 ], [ 25.695865382745396, 61.465095543182571 ], [ 25.694878525418979, 61.46545146099907 ], [ 25.695375374062905, 61.467081496835242 ], [ 25.69518087614324, 61.467254825353493 ], [ 25.69359884499276, 61.468013899736206 ], [ 25.693394060156866, 61.468250964688067 ], [ 25.693361546315412, 61.468776238495558 ] ] } },
{ "type": "Feature", "properties": { "seg_id": "F04-S32", "feeder_id": "F04", "ss_id": "SS-SYSMA", "parent_seg_id": "F04-S43", "from_node": "F04:431649_6816922", "to_node": "F04:431525_6816826", "downstream_tr": 2, "downstream_kp": 53 }, "geometry": { "type": "LineString", "coordinates": [ [ 25.716788077697537, 61.479956844264926 ], [ 25.716242094655335, 61.480101565380942 ], [ 25.715334220640969, 61.479420649600826 ], [ 25.714484453815558, 61.479079052884508 ] ] } },
{ "type": "Feature", "properties": { "seg_id": "F04-S33", "feeder_id": "F04", "ss_id": "SS-SYSMA", "parent_seg_id": "F04-S07", "from_node": "F04:428602_6818302", "to_node": "F04:428549_6818260", "downstream_tr": 5, "downstream_kp": 113 }, "geometry": { "type": "LineString", "coordinates": [ [ 25.65906548852681, 61.491791841748693 ], [ 25.65808295696268, 61.491413103309256 ] ] } },
{ "type": "Feature", "properties": { "seg_id": "F04-S34", "feeder_id": "F04", "ss_id": "SS-SYSMA", "parent_seg_id": "F04-S24", "from_node": "F04:424977_6818579", "to_node": "F04:425329_6817141", "downstream_tr": 1, "downstream_kp": 17 }, "geometry": { "type": "LineString", "coordinates": [ [ 25.590903379580713, 61.493591480063898 ], [ 25.590626433956373, 61.492947123270682 ], [ 25.590708355487859, 61.490466303986672 ], [ 25.590576565802721, 61.489662566618797 ], [ 25.590265178043971, 61.488756625181068 ], [ 25.589737833651252, 61.48817014142346 ], [ 25.588581770185066, 61.487268827377463 ], [ 25.58663419995198, 61.485915991676691 ], [ 25.58641200451806, 61.485788310946496 ], [ 25.586192179540422, 61.485579843010555 ], [ 25.58670026679733, 61.48499033126447 ], [ 25.587622837795905, 61.484346983392342 ], [ 25.58830570187266, 61.484177568973521 ], [ 25.58891387796664, 61.483913945457211 ], [ 25.589989415163956, 61.483314957727629 ], [ 25.59087175387808, 61.483496282727444 ], [ 25.59187182436979, 61.48300542158259 ], [ 25.592297279910962, 61.482667285061851 ], [ 25.593893689447956, 61.48232384550483 ], [ 25.594928638683555, 61.48203500246214 ], [ 25.59554560642356, 61.481764509915223 ], [ 25.596318654870096, 61.481665874522669 ], [ 25.597086246571941, 61.480979889878597 ], [ 25.598088538834265, 61.480757955912637 ] ] } },
{ "type": "Feature", "properties": { "seg_id": "F04-S35", "feeder_id": "F04", "ss_id": "SS-SYSMA", "parent_seg_id": "F04-S42", "from_node": "F04:430296_6812053", "to_node": "F04:429645_6810761", "downstream_tr": 1, "downstream_kp": 26 }, "geometry": { "type": "LineString", "coordinates": [ [ 25.693228289855373, 61.436017722952876 ], [ 25.690213653299661, 61.434518852213401 ], [ 25.689741914467621, 61.43427863553466 ], [ 25.688506948018404, 61.433558364390187 ], [ 25.687319593023709, 61.432579498692469 ], [ 25.686750518954433, 61.431824981060494 ], [ 25.686401585394396, 61.431077298988797 ], [ 25.68604859200412, 61.429320918331925 ], [ 25.685765933206202, 61.428688753097369 ], [ 25.685001513450668, 61.427817199826571 ], [ 25.68311106095647, 61.426105500509337 ], [ 25.682022040556692, 61.424842393128806 ], [ 25.681502961355182, 61.424309837608071 ] ] } },
{ "type": "Feature", "properties": { "seg_id": "F04-S36", "feeder_id": "F04", "ss_id": "SS-SYSMA", "parent_seg_id": "F04-S37", "from_node": "F04:429353_6819243", "to_node": "F04:427968_6819354", "downstream_tr": 1, "downstream_kp": 13 }, "geometry": { "type": "LineString", "coordinates": [ [ 25.672814051788851, 61.500382247986003 ], [ 25.671417120742962, 61.500738584011934 ], [ 25.670542714056189, 61.500961738032196 ], [ 25.669810150215881, 61.501151854120913 ], [ 25.668300278978268, 61.501590512948439 ], [ 25.667750441726128, 61.501865085492369 ], [ 25.667314069965023, 61.502235219810373 ], [ 25.664316347724675, 61.501264496866305 ], [ 25.662050342462873, 61.500359839226576 ], [ 25.660379998630102, 61.499691924293828 ], [ 25.659636602475295, 61.499584580945424 ], [ 25.658819244250182, 61.499717689774236 ], [ 25.657337713001201, 61.500001113363695 ], [ 25.656664102650243, 61.499899316988305 ], [ 25.655656233670722, 61.499696724779085 ], [ 25.65509265764576, 61.499642756505615 ], [ 25.649377144049009, 61.499755473964228 ], [ 25.64864699967524, 61.499855366708871 ], [ 25.648092163084744, 61.500090709726472 ], [ 25.646747162729739, 61.501122688190776 ] ] } },
{ "type": "Feature", "properties": { "seg_id": "F04-S37", "feeder_id": "F04", "ss_id": "SS-SYSMA", "parent_seg_id": "F04-S03", "from_node": "F04:430077_6819772", "to_node": "F04:429353_6819243", "downstream_tr": 7, "downstream_kp": 161 }, "geometry": { "type": "LineString", "coordinates": [ [ 25.686199806892645, 61.505255446557719 ], [ 25.68517341376845, 61.504764037949371 ], [ 25.684221146402074, 61.504296217228088 ], [ 25.683658454049255, 61.503959086044802 ], [ 25.683093453977278, 61.503782412341415 ], [ 25.681758090596809, 61.503645565864709 ], [ 25.679077952706315, 61.503311560094296 ], [ 25.67817903263316, 61.503101139862842 ], [ 25.677640460036301, 61.502863987337889 ], [ 25.676686599422567, 61.502256945163701 ], [ 25.673801696351639, 61.501050134361208 ], [ 25.672814051788851, 61.500382247986003 ] ] } },
{ "type": "Feature", "properties": { "seg_id": "F04-S38", "feeder_id": "F04", "ss_id": "SS-SYSMA", "parent_seg_id": "F04-S40", "from_node": "F04:430651_6812639", "to_node": "F04:430686_6812668", "downstream_tr": 1, "downstream_kp": 10 }, "geometry": { "type": "LineString", "coordinates": [ [ 25.699649024512855, 61.4413428637164 ], [ 25.700295589895735, 61.441610507303608 ] ] } },
{ "type": "Feature", "properties": { "seg_id": "F04-S39", "feeder_id": "F04", "ss_id": "SS-SYSMA", "parent_seg_id": "F04-S16", "from_node": "F04:429295_6813937", "to_node": "F04:429621_6814216", "downstream_tr": 1, "downstream_kp": 28 }, "geometry": { "type": "LineString", "coordinates": [ [ 25.673749583771766, 61.45275074830279 ], [ 25.673832727335775, 61.453003254892892 ], [ 25.674233162290545, 61.453545320446054 ], [ 25.674375831686049, 61.454139835245769 ], [ 25.676010324823618, 61.455419510025422 ], [ 25.67710026772642, 61.456276741910919 ], [ 25.677718260136533, 61.456252670807231 ], [ 25.679755776476963, 61.455312499607032 ] ] } },
{ "type": "Feature", "properties": { "seg_id": "F04-S40", "feeder_id": "F04", "ss_id": "SS-SYSMA", "parent_seg_id": "F04-S41", "from_node": "F04:431413_6812525", "to_node": "F04:430651_6812639", "downstream_tr": 11, "downstream_kp": 218 }, "geometry": { "type": "LineString", "coordinates": [ [ 25.713979723214194, 61.440459888479403 ], [ 25.713699556553316, 61.440677837078276 ], [ 25.711867062397701, 61.440803576818631 ], [ 25.709681783286978, 61.440591749224453 ], [ 25.708826841687248, 61.440567307199778 ], [ 25.707186628291623, 61.440797834558175 ], [ 25.70495157675364, 61.440921006229715 ], [ 25.703159375924432, 61.440878070613053 ], [ 25.702362444147088, 61.440685881924999 ], [ 25.701352404703051, 61.439999057583655 ], [ 25.699649024512855, 61.4413428637164 ] ] } },
{ "type": "Feature", "properties": { "seg_id": "F04-S41", "feeder_id": "F04", "ss_id": "SS-SYSMA", "parent_seg_id": "F04-S12", "from_node": "F04:431985_6813252", "to_node": "F04:431413_6812525", "downstream_tr": 13, "downstream_kp": 269 }, "geometry": { "type": "LineString", "coordinates": [ [ 25.724429250933241, 61.447080543582814 ], [ 25.7239917336614, 61.445931917830904 ], [ 25.723863477396623, 61.445709584513587 ], [ 25.722716896093765, 61.444389124228771 ], [ 25.722042881948504, 61.443866474973909 ], [ 25.72037476477751, 61.443010641287074 ], [ 25.713979723214194, 61.440459888479403 ] ] } },
{ "type": "Feature", "properties": { "seg_id": "F04-S42", "feeder_id": "F04", "ss_id": "SS-SYSMA", "parent_seg_id": "F04-S41", "from_node": "F04:431413_6812525", "to_node": "F04:430296_6812053", "downstream_tr": 2, "downstream_kp": 51 }, "geometry": { "type": "LineString", "coordinates": [ [ 25.713979723214194, 61.440459888479403 ], [ 25.711520940584549, 61.439717696583912 ], [ 25.709333592521794, 61.439234314674778 ], [ 25.706997434982711, 61.438864472197345 ], [ 25.702409058648559, 61.438368966167964 ], [ 25.69898243370919, 61.437881511382649 ], [ 25.696013053001245, 61.437133549614067 ], [ 25.694607538445251, 61.436636032960315 ], [ 25.693228289855373, 61.436017722952876 ] ] } },
{ "type": "Feature", "properties": { "seg_id": "F04-S43", "feeder_id": "F04", "ss_id": "SS-SYSMA", "parent_seg_id": "F04-S26", "from_node": "F04:431667_6817999", "to_node": "F04:431649_6816922", "downstream_tr": 16, "downstream_kp": 347 }, "geometry": { "type": "LineString", "coordinates": [ [ 25.71673307307945, 61.489633248738308 ], [ 25.717827429662535, 61.488591946326601 ], [ 25.718644396412689, 61.487643570109974 ], [ 25.719272864091302, 61.48653373758966 ], [ 25.719666345977959, 61.484915003715692 ], [ 25.719666801308257, 61.484839911990768 ], [ 25.719636125197415, 61.484179095150125 ], [ 25.719299784400082, 61.482934193625624 ], [ 25.718727419059292, 61.48193440522369 ], [ 25.717869953638381, 61.480904053344702 ], [ 25.716788077697537, 61.479956844264926 ] ] } },
{ "type": "Feature", "properties": { "seg_id": "F04-S44", "feeder_id": "F04", "ss_id": "SS-SYSMA", "parent_seg_id": "F04-S08", "from_node": "F04:428035_6814536", "to_node": "F04:427962_6814756", "downstream_tr": 1, "downstream_kp": 32 }, "geometry": { "type": "LineString", "coordinates": [ [ 25.649881347508476, 61.457895667638276 ], [ 25.64876999385509, 61.458743810319532 ], [ 25.648730028019024, 61.458961765834246 ], [ 25.648997165099168, 61.459167512439677 ], [ 25.648435763197863, 61.459849835932665 ] ] } },
{ "type": "Feature", "properties": { "seg_id": "F04-S45", "feeder_id": "F04", "ss_id": "SS-SYSMA", "parent_seg_id": "F04-S04", "from_node": "F04:427705_6818425", "to_node": "F04:426912_6818634", "downstream_tr": 3, "downstream_kp": 76 }, "geometry": { "type": "LineString", "coordinates": [ [ 25.642176453291103, 61.492732657412454 ], [ 25.636512093381953, 61.493530414301894 ], [ 25.635151678755438, 61.493708662798596 ], [ 25.634528333913348, 61.493780877557541 ], [ 25.629991441453608, 61.494416130346814 ], [ 25.628765313209978, 61.494491583166599 ], [ 25.627199537066215, 61.494463296220445 ] ] } },
{ "type": "Feature", "properties": { "seg_id": "F04-S46", "feeder_id": "F04", "ss_id": "SS-SYSMA", "parent_seg_id": "F04-S23", "from_node": "F04:426197_6812752", "to_node": "F04:425450_6812858", "downstream_tr": 5, "downstream_kp": 78 }, "geometry": { "type": "LineString", "coordinates": [ [ 25.616126276052011, 61.441530646808452 ], [ 25.615873043996931, 61.440150393995118 ], [ 25.615424162645258, 61.439902409294668 ], [ 25.614382521755559, 61.439909774724399 ], [ 25.612895809740682, 61.44045904714131 ], [ 25.610153164898655, 61.441043243847702 ], [ 25.609769108286592, 61.441045403295639 ], [ 25.609203448645051, 61.440920876860105 ], [ 25.608011214233859, 61.440771988079895 ], [ 25.606245031986607, 61.440917295567502 ], [ 25.605713643720211, 61.44108856747016 ], [ 25.604922050710734, 61.441533604508052 ], [ 25.60370943185637, 61.441649261179286 ], [ 25.602546949902276, 61.442222082424713 ], [ 25.602079397715105, 61.442339629756312 ] ] } },
{ "type": "Feature", "properties": { "seg_id": "F04-S47", "feeder_id": "F04", "ss_id": "SS-SYSMA", "parent_seg_id": "F04-S17", "from_node": "F04:424017_6813234", "to_node": "F04:422229_6813899", "downstream_tr": 3, "downstream_kp": 47 }, "geometry": { "type": "LineString", "coordinates": [ [ 25.575060547566629, 61.445438548422061 ], [ 25.573517171256714, 61.445342700919497 ], [ 25.572542846227499, 61.445179458996456 ], [ 25.568941492797048, 61.444331972406005 ], [ 25.567812540082663, 61.443847210557351 ], [ 25.56701882070135, 61.443455116848838 ], [ 25.566344463672262, 61.44332256894215 ], [ 25.564611885244013, 61.443477768711638 ], [ 25.563218778620492, 61.443499750940198 ], [ 25.558092412751531, 61.443860749192332 ], [ 25.554217279344432, 61.444656353651034 ], [ 25.551713484387808, 61.445221446936372 ], [ 25.551108456761515, 61.445599255064629 ], [ 25.550662143207152, 61.44614558564232 ], [ 25.550240693428741, 61.446611755686234 ], [ 25.549700451292349, 61.446988174022614 ], [ 25.547783925310121, 61.447692333967034 ], [ 25.546995678739268, 61.44849562859369 ], [ 25.546531412377544, 61.449394858963728 ], [ 25.545932977328317, 61.449930851264199 ], [ 25.544916355764911, 61.450466019948784 ], [ 25.544151668851537, 61.450594968238697 ], [ 25.542330835804268, 61.450731606092717 ], [ 25.541260547202818, 61.451053276470702 ] ] } },
{ "type": "Feature", "properties": { "seg_id": "F05-S01", "feeder_id": "F05", "ss_id": "SS-SYSMA", "parent_seg_id": "F05-S09", "from_node": "F05:434138_6830364", "to_node": "F05:434101_6830191", "downstream_tr": 3, "downstream_kp": 68 }, "geometry": { "type": "LineString", "coordinates": [ [ 25.758691842892208, 61.60103088583412 ], [ 25.758050007392413, 61.599479143982173 ] ] } },
{ "type": "Feature", "properties": { "seg_id": "F05-S02", "feeder_id": "F05", "ss_id": "SS-SYSMA", "parent_seg_id": "F05-S15", "from_node": "F05:436999_6831193", "to_node": "F05:436989_6831803", "downstream_tr": 6, "downstream_kp": 76 }, "geometry": { "type": "LineString", "coordinates": [ [ 25.812319932325657, 61.60895844308979 ], [ 25.812974046572258, 61.609741109759383 ], [ 25.81327339377907, 61.610507532834326 ], [ 25.813109192247712, 61.611101099533016 ], [ 25.811896700819997, 61.612909220516684 ], [ 25.811915040643907, 61.614430411625612 ] ] } },
{ "type": "Feature", "properties": { "seg_id": "F05-S03", "feeder_id": "F05", "ss_id": "SS-SYSMA", "parent_seg_id": "F05-S25", "from_node": "F05:433119_6827620", "to_node": "F05:433609_6828354", "downstream_tr": 1, "downstream_kp": 24 }, "geometry": { "type": "LineString", "coordinates": [ [ 25.740497595842449, 61.576229907935868 ], [ 25.742015417477372, 61.577897616031962 ], [ 25.742372772087624, 61.57825512792548 ], [ 25.742667912448578, 61.578901732036456 ], [ 25.742724001324795, 61.579025063402177 ], [ 25.742972135111859, 61.579390832415982 ], [ 25.744054069241162, 61.580249985434655 ], [ 25.744911822383482, 61.581254736907482 ], [ 25.745567227734387, 61.581583866091933 ], [ 25.74706218365257, 61.58208512955283 ], [ 25.749456276636501, 61.582904555842575 ] ] } },
{ "type": "Feature", "properties": { "seg_id": "F05-S04", "feeder_id": "F05", "ss_id": "SS-SYSMA", "parent_seg_id": "F05-S11", "from_node": "F05:433868_6833105", "to_node": "F05:432860_6832815", "downstream_tr": 1, "downstream_kp": 11 }, "geometry": { "type": "LineString", "coordinates": [ [ 25.752619985648206, 61.625586223443719 ], [ 25.750998596141176, 61.625853057765575 ], [ 25.750254887549914, 61.626083722926836 ], [ 25.74985449492732, 61.626375628260377 ], [ 25.749065745003264, 61.627415424905941 ], [ 25.748505844312081, 61.627681519673999 ], [ 25.746298162084141, 61.628198446382157 ], [ 25.745519560352793, 61.628301760227309 ], [ 25.744547931736399, 61.628271685327036 ], [ 25.743429991214008, 61.628069349656805 ], [ 25.741740942472575, 61.625176220322842 ], [ 25.738107646063312, 61.62369820288481 ], [ 25.73660227257432, 61.622759617195172 ], [ 25.736521548390563, 61.622604033174383 ], [ 25.736663000315588, 61.622338728943774 ], [ 25.736748533152966, 61.621808068820364 ], [ 25.73658587137286, 61.621656790004309 ], [ 25.733461894248833, 61.621071875317291 ], [ 25.732965242833128, 61.621090896596364 ], [ 25.731865663444623, 61.621585133480707 ], [ 25.731828920235927, 61.622041984979788 ], [ 25.732068415377586, 61.622240919378008 ], [ 25.733143684995429, 61.622546330651254 ], [ 25.733716045313798, 61.622810008227077 ] ] } },
{ "type": "Feature", "properties": { "seg_id": "F05-S05", "feeder_id": "F05", "ss_id": "SS-SYSMA", "parent_seg_id": "F05-S01", "from_node": "F05:434101_6830191", "to_node": "F05:434050_6829583", "downstream_tr": 1, "downstream_kp": 13 }, "geometry": { "type": "LineString", "coordinates": [ [ 25.758050007392413, 61.599479143982173 ], [ 25.759330098399452, 61.599086340931237 ], [ 25.760129247723487, 61.598481848171119 ], [ 25.760284025629293, 61.598251549856563 ], [ 25.759437692381017, 61.597397249378268 ], [ 25.759184726431712, 61.596405029109945 ], [ 25.758505467117885, 61.59541824596284 ], [ 25.758549852614365, 61.594960775399883 ], [ 25.75730992705542, 61.594013102700266 ] ] } },
{ "type": "Feature", "properties": { "seg_id": "F05-S06", "feeder_id": "F05", "ss_id": "SS-SYSMA", "parent_seg_id": "F05-S38", "from_node": "F05:436373_6828410", "to_node": "F05:437969_6828630", "downstream_tr": 2, "downstream_kp": 28 }, "geometry": { "type": "LineString", "coordinates": [ [ 25.801487916600493, 61.583876930942459 ], [ 25.809502477511852, 61.583199797272634 ], [ 25.815040618253597, 61.582557164816571 ], [ 25.81797991861373, 61.582917037870502 ], [ 25.821409215944033, 61.582591164418353 ], [ 25.824255314536057, 61.582194792221841 ], [ 25.825102518915074, 61.582142750619703 ], [ 25.826298376934481, 61.582694992935068 ], [ 25.827500433419878, 61.583010416806566 ], [ 25.828543585608443, 61.583499432458893 ], [ 25.829601457656139, 61.584246940149939 ], [ 25.83011118889376, 61.584612172219394 ], [ 25.831469321875776, 61.586109665483086 ] ] } },
{ "type": "Feature", "properties": { "seg_id": "F05-S07", "feeder_id": "F05", "ss_id": "SS-SYSMA", "parent_seg_id": "F05-S18", "from_node": "F05:429091_6829760", "to_node": "F05:429486_6831040", "downstream_tr": 1, "downstream_kp": 22 }, "geometry": { "type": "LineString", "coordinates": [ [ 25.663832398278906, 61.594715170441894 ], [ 25.664000010618608, 61.595063492682748 ], [ 25.664131202164548, 61.595287845274299 ], [ 25.664675664642733, 61.596547776275649 ], [ 25.664802572855312, 61.597271304882128 ], [ 25.664745554076749, 61.598380251163448 ], [ 25.664374053997093, 61.599342441431098 ], [ 25.663340220046742, 61.600498584240128 ], [ 25.662787176232744, 61.601637684335429 ], [ 25.662760280952369, 61.602760005879183 ], [ 25.663202141034716, 61.604296640513894 ], [ 25.664213116390471, 61.605492159750973 ], [ 25.668385628259429, 61.605458078171232 ], [ 25.669095414377832, 61.605644799877275 ], [ 25.669817249792413, 61.605966589751411 ], [ 25.67054447781646, 61.606089924187508 ], [ 25.670785727539652, 61.60627556414665 ] ] } },
{ "type": "Feature", "properties": { "seg_id": "F05-S08", "feeder_id": "F05", "ss_id": "SS-SYSMA", "parent_seg_id": "F05-S22", "from_node": "F05:431810_6820213", "to_node": "F05:431342_6820123", "downstream_tr": 5, "downstream_kp": 98 }, "geometry": { "type": "LineString", "coordinates": [ [ 25.718587601635591, 61.509527512716076 ], [ 25.717956743263692, 61.509497398098894 ], [ 25.715031629006713, 61.509257234746876 ], [ 25.711616337341116, 61.508841320750008 ], [ 25.709828822861443, 61.50863708382041 ] ] } },
{ "type": "Feature", "properties": { "seg_id": "F05-S09", "feeder_id": "F05", "ss_id": "SS-SYSMA", "parent_seg_id": "F05-S10", "from_node": "F05:436657_6829217", "to_node": "F05:434138_6830364", "downstream_tr": 4, "downstream_kp": 84 }, "geometry": { "type": "LineString", "coordinates": [ [ 25.806556122026009, 61.59116397010343 ], [ 25.806023873742252, 61.591327160192762 ], [ 25.805483777352837, 61.591231977241399 ], [ 25.804934685429316, 61.590286164849772 ], [ 25.804320846473207, 61.58988574730612 ], [ 25.803980304214964, 61.590079273600132 ], [ 25.803576520533905, 61.590179536728428 ], [ 25.802273665992406, 61.590260862359472 ], [ 25.800388789681076, 61.590096587843824 ], [ 25.799304076635995, 61.590340213885085 ], [ 25.799095557340177, 61.590511471835818 ], [ 25.799149422462499, 61.590779414579984 ], [ 25.800086316254355, 61.591575766267759 ], [ 25.80017645045471, 61.591901577106036 ], [ 25.799659706414165, 61.59265310319455 ], [ 25.799077819286577, 61.593116690024296 ], [ 25.794951096534263, 61.59463604398492 ], [ 25.793455183917722, 61.594636640379022 ], [ 25.792152985463268, 61.594741057440771 ], [ 25.791582514408084, 61.594869369045576 ], [ 25.79122773795083, 61.595084735942798 ], [ 25.790716099249099, 61.59685007492282 ], [ 25.79073438277101, 61.597587392198761 ], [ 25.791060016443815, 61.597986301679029 ], [ 25.79145166324334, 61.598226930876301 ], [ 25.792392381093077, 61.598492372189035 ], [ 25.793577529614105, 61.59904800893878 ], [ 25.79471187797321, 61.600093388615534 ], [ 25.796486179048909, 61.600295739479947 ], [ 25.79763609224965, 61.600543006156762 ], [ 25.797611686790798, 61.60081378916459 ], [ 25.796026375789115, 61.603949781716999 ], [ 25.795254618401461, 61.603731071643388 ], [ 25.794211923004617, 61.603568074895762 ], [ 25.792216808787067, 61.603623781663295 ], [ 25.791446090461655, 61.603784218131992 ], [ 25.789731545813332, 61.60478140714477 ], [ 25.789186919417737, 61.604978109109105 ], [ 25.788587133688164, 61.605011043626256 ], [ 25.786737029412439, 61.60484844854949 ], [ 25.78539687364729, 61.604643095223935 ], [ 25.783826724158978, 61.604290993006032 ], [ 25.781600651592129, 61.604285925884398 ], [ 25.78105254260602, 61.604214701480984 ], [ 25.779443282421269, 61.603757448217515 ], [ 25.778293973933206, 61.603198185273058 ], [ 25.776531077703659, 61.602895531595998 ], [ 25.775133559507243, 61.602050556873621 ], [ 25.773810066011787, 61.60151204859919 ], [ 25.77220592530302, 61.601221635455722 ], [ 25.770854721234201, 61.601403665944247 ], [ 25.769434314463968, 61.601560308224791 ], [ 25.767085525483122, 61.601451232727669 ], [ 25.76292630327297, 61.601256067400101 ], [ 25.758691842892208, 61.60103088583412 ] ] } },
{ "type": "Feature", "properties": { "seg_id": "F05-S10", "feeder_id": "F05", "ss_id": "SS-SYSMA", "parent_seg_id": "F05-S38", "from_node": "F05:436373_6828410", "to_node": "F05:436657_6829217", "downstream_tr": 12, "downstream_kp": 183 }, "geometry": { "type": "LineString", "coordinates": [ [ 25.801487916600493, 61.583876930942459 ], [ 25.802753916464297, 61.58513507146543 ], [ 25.803651071145033, 61.585999996184832 ], [ 25.804214105808647, 61.58686703663232 ], [ 25.806556122026009, 61.59116397010343 ] ] } },
{ "type": "Feature", "properties": { "seg_id": "F05-S11", "feeder_id": "F05", "ss_id": "SS-SYSMA", "parent_seg_id": "F05-S35", "from_node": "F05:435136_6832359", "to_node": "F05:433868_6833105", "downstream_tr": 2, "downstream_kp": 26 }, "geometry": { "type": "LineString", "coordinates": [ [ 25.776792548874667, 61.619111140670519 ], [ 25.776007675005129, 61.619700352771893 ], [ 25.775489064147475, 61.620356776067432 ], [ 25.774816784634591, 61.620699882393104 ], [ 25.771657419897906, 61.620992787135989 ], [ 25.767879384907246, 61.622173084911118 ], [ 25.766054694236647, 61.622476044778843 ], [ 25.764748826023684, 61.622364761755001 ], [ 25.763613610830145, 61.621656700880536 ], [ 25.76317258618365, 61.621557741208584 ], [ 25.762543605220092, 61.621587957217983 ], [ 25.761279879677787, 61.621945406288283 ], [ 25.760480649051996, 61.622697113815413 ], [ 25.759495642301854, 61.623028469288563 ], [ 25.756330977630085, 61.624026985891 ], [ 25.75512864045486, 61.624968299897155 ], [ 25.753920714994571, 61.625360899890488 ], [ 25.752619985648206, 61.625586223443719 ] ] } },
{ "type": "Feature", "properties": { "seg_id": "F05-S12", "feeder_id": "F05", "ss_id": "SS-SYSMA", "parent_seg_id": "F05-S32", "from_node": "F05:437144_6833423", "to_node": "F05:436511_6834672", "downstream_tr": 2, "downstream_kp": 19 }, "geometry": { "type": "LineString", "coordinates": [ [ 25.814278977396764, 61.628995878069944 ], [ 25.814026538724217, 61.62952522266739 ], [ 25.81330672052875, 61.630268841821874 ], [ 25.811989358812134, 61.631404597750624 ], [ 25.811587103405135, 61.632298118525775 ], [ 25.811331753914811, 61.6339198084193 ], [ 25.810937981418785, 61.634781204539173 ], [ 25.810051074443482, 61.635515724593979 ], [ 25.805706351645636, 61.637428522419789 ], [ 25.804646678303975, 61.637997963809049 ], [ 25.80190387771389, 61.640095553854493 ] ] } },
{ "type": "Feature", "properties": { "seg_id": "F05-S13", "feeder_id": "F05", "ss_id": "SS-SYSMA", "parent_seg_id": "F05-S10", "from_node": "F05:436657_6829217", "to_node": "F05:436898_6830282", "downstream_tr": 8, "downstream_kp": 99 }, "geometry": { "type": "LineString", "coordinates": [ [ 25.806556122026009, 61.59116397010343 ], [ 25.807507508201724, 61.592022848393796 ], [ 25.809729396637273, 61.593231032199569 ], [ 25.81070620708288, 61.593940334525684 ], [ 25.814167943675386, 61.59702023615516 ], [ 25.814709360126553, 61.59784866072043 ], [ 25.814560022214284, 61.598439026711937 ], [ 25.813961826626159, 61.598949642819413 ], [ 25.810720082691574, 61.600758521856413 ] ] } },
{ "type": "Feature", "properties": { "seg_id": "F05-S14", "feeder_id": "F05", "ss_id": "SS-SYSMA", "parent_seg_id": "F05-S08", "from_node": "F05:431342_6820123", "to_node": "F05:432162_6822952", "downstream_tr": 3, "downstream_kp": 58 }, "geometry": { "type": "LineString", "coordinates": [ [ 25.709828822861443, 61.50863708382041 ], [ 25.709559967454258, 61.509008593039887 ], [ 25.708027560863069, 61.509126217185802 ], [ 25.706716414991082, 61.509594519989513 ], [ 25.707491657063379, 61.51069542633229 ], [ 25.707675249405888, 61.511343166316124 ], [ 25.707538608841098, 61.511790157970196 ], [ 25.707637335894923, 61.512111256354402 ], [ 25.709049344050321, 61.513336232388333 ], [ 25.710297375244156, 61.514167210720139 ], [ 25.710601748647843, 61.514708058668987 ], [ 25.710473339064865, 61.515034127960483 ], [ 25.710205449962956, 61.515660168915169 ], [ 25.710215588584955, 61.516564225773166 ], [ 25.710134476813447, 61.516858194886908 ], [ 25.709717198827516, 61.517344427844854 ], [ 25.709810051609608, 61.517556030183876 ], [ 25.710384159626834, 61.517872111688213 ], [ 25.711838246026236, 61.519115786155616 ], [ 25.71260794854155, 61.520114261546347 ], [ 25.713093896772147, 61.520409576149142 ], [ 25.713806480587056, 61.52066509582594 ], [ 25.715878970624395, 61.520826023665059 ], [ 25.716739668777489, 61.521035237829587 ], [ 25.717342653119587, 61.521592721370844 ], [ 25.718561995932365, 61.522398587319337 ], [ 25.718953770698302, 61.522955498496941 ], [ 25.719312423995142, 61.524401671535863 ], [ 25.718852213536092, 61.525195517645727 ], [ 25.718355098816335, 61.525724742820408 ], [ 25.718488633856339, 61.525992889525313 ], [ 25.720752007656927, 61.52692155322346 ], [ 25.721451899337787, 61.527351957498972 ], [ 25.721844525601899, 61.527933458209226 ], [ 25.721682290504003, 61.528630307359585 ], [ 25.721666994109466, 61.528707396470622 ], [ 25.721660682275058, 61.529142513288406 ], [ 25.722208962613539, 61.530621668989006 ], [ 25.722090105591633, 61.531108874412183 ], [ 25.722168842354765, 61.531630081312365 ], [ 25.721892053512175, 61.532091754823334 ], [ 25.721891300612217, 61.532370096604815 ], [ 25.722461155654038, 61.533095158668267 ], [ 25.723433475414424, 61.533498435089314 ], [ 25.724200005597105, 61.534171754307138 ] ] } },
{ "type": "Feature", "properties": { "seg_id": "F05-S15", "feeder_id": "F05", "ss_id": "SS-SYSMA", "parent_seg_id": "F05-S13", "from_node": "F05:436898_6830282", "to_node": "F05:436999_6831193", "downstream_tr": 7, "downstream_kp": 92 }, "geometry": { "type": "LineString", "coordinates": [ [ 25.810720082691574, 61.600758521856413 ], [ 25.810026764702339, 61.601437119205137 ], [ 25.809883805614927, 61.60177441545386 ], [ 25.809909122456936, 61.602581555546351 ], [ 25.810760706899963, 61.604608001992389 ], [ 25.810772545289844, 61.605475261380761 ], [ 25.810721081835069, 61.606361154631593 ], [ 25.810950860945731, 61.607056554861437 ], [ 25.812319932325657, 61.60895844308979 ] ] } },
{ "type": "Feature", "properties": { "seg_id": "F05-S16", "feeder_id": "F05", "ss_id": "SS-SYSMA", "parent_seg_id": "F05-S12", "from_node": "F05:436511_6834672", "to_node": "F05:435710_6834997", "downstream_tr": 1, "downstream_kp": 6 }, "geometry": { "type": "LineString", "coordinates": [ [ 25.80190387771389, 61.640095553854493 ], [ 25.801083381268214, 61.640634857684844 ], [ 25.800346338351815, 61.64094255133309 ], [ 25.799437498842863, 61.641210804100339 ], [ 25.798455628121783, 61.641354401911563 ], [ 25.796984874986702, 61.641413503162234 ], [ 25.791767814419014, 61.641317262424437 ], [ 25.790445842866053, 61.64145370578138 ], [ 25.789401601674665, 61.641760001117461 ], [ 25.788010579239181, 61.642408120757509 ], [ 25.786688494058929, 61.642884951892064 ] ] } },
{ "type": "Feature", "properties": { "seg_id": "F05-S17", "feeder_id": "F05", "ss_id": "SS-SYSMA", "parent_seg_id": "F05-S06", "from_node": "F05:437969_6828630", "to_node": "F05:438517_6830637", "downstream_tr": 1, "downstream_kp": 15 }, "geometry": { "type": "LineString", "coordinates": [ [ 25.831469321875776, 61.586109665483086 ], [ 25.832024417425139, 61.586746687174823 ], [ 25.832367759569777, 61.587739640703113 ], [ 25.833353748935565, 61.588822843375084 ], [ 25.833557305270272, 61.589324716891248 ], [ 25.833998043706472, 61.5897223392912 ], [ 25.836102405709656, 61.592231175508061 ], [ 25.836802558118467, 61.592859526094664 ], [ 25.837007595546392, 61.593713717006281 ], [ 25.837337456040693, 61.594037176755286 ], [ 25.839462888643105, 61.59563582684482 ], [ 25.840186892082016, 61.596482988463578 ], [ 25.840455071884733, 61.597312335673735 ], [ 25.840681439542397, 61.597737331258465 ], [ 25.84091368442726, 61.599102887600914 ], [ 25.840348681374, 61.600072025088487 ], [ 25.839343914756288, 61.600553883613799 ], [ 25.840253432723742, 61.602183749075387 ], [ 25.840583768478595, 61.603733810257346 ], [ 25.841111148628851, 61.604205690445148 ] ] } },
{ "type": "Feature", "properties": { "seg_id": "F05-S18", "feeder_id": "F05", "ss_id": "SS-SYSMA", "parent_seg_id": "F05-S08", "from_node": "F05:431342_6820123", "to_node": "F05:429091_6829760", "downstream_tr": 2, "downstream_kp": 40 }, "geometry": { "type": "LineString", "coordinates": [ [ 25.709828822861443, 61.50863708382041 ], [ 25.70422795393841, 61.508102576931037 ], [ 25.701694387092708, 61.507898849222514 ], [ 25.701595109656267, 61.507891555724513 ], [ 25.699358561366768, 61.507730348783795 ], [ 25.697431085671912, 61.507613501966837 ], [ 25.693443584041454, 61.507282941852893 ], [ 25.690954971345537, 61.506864532935644 ], [ 25.690754446592067, 61.506822420856814 ], [ 25.688403980613263, 61.506158742453486 ], [ 25.686199806892645, 61.505255446557719 ], [ 25.685907260729554, 61.505310863489768 ], [ 25.684540918223696, 61.505431663399129 ], [ 25.682831122323641, 61.505552815158872 ], [ 25.68281365542785, 61.505654795181044 ], [ 25.680705354690001, 61.505787398451915 ], [ 25.679044754722199, 61.505911690255573 ], [ 25.678145371595431, 61.505981819033529 ], [ 25.676421285001531, 61.506134994269516 ], [ 25.676024956397367, 61.506175565249102 ], [ 25.674912363087699, 61.506274499464652 ], [ 25.67117621389955, 61.506619180675067 ], [ 25.670639565791152, 61.506631711924399 ], [ 25.670333930792026, 61.506501084407539 ], [ 25.669351882842726, 61.506758980063445 ], [ 25.668101453348314, 61.506896360413911 ], [ 25.666462726819915, 61.507139563359644 ], [ 25.664245629134616, 61.507988487175346 ], [ 25.663321128094619, 61.50825976974042 ], [ 25.662825511053185, 61.508376877645041 ], [ 25.662702452203458, 61.508415446462266 ], [ 25.661466406531321, 61.508967043820185 ], [ 25.660303183843229, 61.510012152681256 ], [ 25.658380098571619, 61.511459274715584 ], [ 25.657795453964557, 61.512082599626417 ], [ 25.657542824023484, 61.512596184171557 ], [ 25.657468594500582, 61.514289735006791 ], [ 25.658083322615674, 61.516166915236795 ], [ 25.658363543160188, 61.517668973334644 ], [ 25.658936880329055, 61.518937442180253 ], [ 25.65994675430796, 61.520562029906984 ], [ 25.660269481370296, 61.522070596090089 ], [ 25.660177376525407, 61.522873245870542 ], [ 25.659835996072065, 61.52373331594972 ], [ 25.6589997090433, 61.525030994129168 ], [ 25.659012101582029, 61.525911489326894 ], [ 25.659236248690394, 61.526976554581864 ], [ 25.658823478754694, 61.528323276177055 ], [ 25.658598585141494, 61.52901517037953 ], [ 25.658979650089474, 61.530232669125795 ], [ 25.658708785191671, 61.531396042664099 ], [ 25.658786299737574, 61.531912719284854 ], [ 25.659019183136184, 61.532329537476009 ], [ 25.659403902824728, 61.532676628724417 ], [ 25.661254487628081, 61.533759025306878 ], [ 25.661874975727414, 61.534319506484373 ], [ 25.662371739931004, 61.535772306434779 ], [ 25.662352701409066, 61.53688464100032 ], [ 25.662522216144094, 61.538070578254846 ], [ 25.66244284311469, 61.538570756443846 ], [ 25.662202723896712, 61.538993509826213 ], [ 25.661162169143001, 61.540091600449912 ], [ 25.660635218881904, 61.541469789920164 ], [ 25.659423662754499, 61.542590485258437 ], [ 25.658911782683802, 61.543581993744709 ], [ 25.658699739591235, 61.544349343422809 ], [ 25.658740803590149, 61.545579966041338 ], [ 25.658506518982502, 61.546353453645324 ], [ 25.658154357000488, 61.54689761135441 ], [ 25.656098033935677, 61.548495291517995 ], [ 25.655698151189956, 61.548993497310157 ], [ 25.655517789511265, 61.549495937552869 ], [ 25.65568133616955, 61.550425406179457 ], [ 25.655816290857814, 61.551325637260511 ], [ 25.655515290189442, 61.552157335373316 ], [ 25.654859901244908, 61.552821855238406 ], [ 25.653704641556203, 61.553595750773844 ], [ 25.650642078455505, 61.555238404487461 ], [ 25.650029230466707, 61.55572558344732 ], [ 25.649559920042794, 61.556294581826428 ], [ 25.649099930853964, 61.557062266008195 ], [ 25.648333531620256, 61.557893709734508 ], [ 25.648018363194225, 61.5593218124407 ], [ 25.647696598765386, 61.561887833016385 ], [ 25.647847919427512, 61.562829076221284 ], [ 25.64778284559851, 61.563591499564367 ], [ 25.646975191761463, 61.564649332542906 ], [ 25.646732568512896, 61.565273854455505 ], [ 25.646773578998349, 61.565915174485234 ], [ 25.647261654960683, 61.566958015116036 ], [ 25.648137323217124, 61.56783296745904 ], [ 25.650256304196034, 61.569022768285322 ], [ 25.651333738521551, 61.569926554921295 ], [ 25.651864323649395, 61.570831410956266 ], [ 25.65227998803509, 61.572149075870996 ], [ 25.653025142972673, 61.573055936198692 ], [ 25.654392459735043, 61.574437415982771 ], [ 25.655439139461823, 61.575062900311153 ], [ 25.658747020397836, 61.576588732026103 ], [ 25.65933333030155, 61.577064661245061 ], [ 25.65966056971472, 61.577641300203318 ], [ 25.659715585780102, 61.578932020352383 ], [ 25.659891896753596, 61.58073368365563 ], [ 25.660692957530149, 61.581737339555062 ], [ 25.661669087350948, 61.582773465101653 ], [ 25.661923777826917, 61.583393174056333 ], [ 25.661642520325625, 61.58497362904923 ], [ 25.661707161599438, 61.585507080168391 ], [ 25.661813323691284, 61.585997375142043 ], [ 25.662150689796448, 61.587656198054582 ], [ 25.661971463394064, 61.588912505654157 ], [ 25.662186697821102, 61.589933451398579 ], [ 25.662669009510108, 61.591334753366922 ], [ 25.66292854286824, 61.592991232485744 ], [ 25.663832398278906, 61.594715170441894 ] ] } },
{ "type": "Feature", "properties": { "seg_id": "F05-S19", "feeder_id": "F05", "ss_id": "SS-SYSMA", "parent_seg_id": "F05-S37", "from_node": "F05:433090_6829700", "to_node": "F05:432035_6830345", "downstream_tr": 1, "downstream_kp": 34 }, "geometry": { "type": "LineString", "coordinates": [ [ 25.739191927375099, 61.594899154909179 ], [ 25.737989473643413, 61.594831712184224 ], [ 25.735500672127014, 61.59528114165186 ], [ 25.734880887647005, 61.595507173273454 ], [ 25.733903744948226, 61.596119749121563 ], [ 25.732064035893682, 61.596437967143352 ], [ 25.731602196134329, 61.596474838481555 ], [ 25.728839094805281, 61.596147555613314 ], [ 25.727968094296806, 61.596120033548544 ], [ 25.727510279674831, 61.596250824728813 ], [ 25.72645756060378, 61.596943790990551 ], [ 25.725049987023194, 61.597432623092537 ], [ 25.724727521764301, 61.597618760881929 ], [ 25.724226677729678, 61.59797284389419 ], [ 25.722791522844883, 61.598204399194657 ], [ 25.721529254805038, 61.598707068041456 ], [ 25.721640023252522, 61.598908725588835 ], [ 25.721317664129536, 61.599497013969817 ], [ 25.721247010060146, 61.600291545971935 ], [ 25.719902884085421, 61.600188097540439 ], [ 25.719082936397541, 61.600496859138438 ] ] } },
{ "type": "Feature", "properties": { "seg_id": "F05-S20", "feeder_id": "F05", "ss_id": "SS-SYSMA", "parent_seg_id": "F05-S23", "from_node": "F05:436662_6822384", "to_node": "F05:436315_6828073", "downstream_tr": 15, "downstream_kp": 242 }, "geometry": { "type": "LineString", "coordinates": [ [ 25.808993580644326, 61.529834392829365 ], [ 25.809207962097588, 61.531373781582573 ], [ 25.808827182619755, 61.53298755889454 ], [ 25.808284956813505, 61.535055789349094 ], [ 25.808415671109024, 61.535986852788099 ], [ 25.808927456294469, 61.536966077589469 ], [ 25.810601242250339, 61.538068671955756 ], [ 25.810663479540455, 61.53833151356077 ], [ 25.810526491185083, 61.538680022730887 ], [ 25.809779104521137, 61.539713261692107 ], [ 25.809566116069579, 61.542258164118493 ], [ 25.809517591593938, 61.543180722131233 ], [ 25.809480467931291, 61.544123356010026 ], [ 25.809827788269804, 61.544822448679369 ], [ 25.810190644978679, 61.545326866810349 ], [ 25.811450232419258, 61.546554449024121 ], [ 25.813738278040109, 61.548620905994106 ], [ 25.813933834129994, 61.549015635413987 ], [ 25.813846141972181, 61.549747657573697 ], [ 25.813561961117237, 61.550723941911393 ], [ 25.812675571776463, 61.551742996071837 ], [ 25.812543603592239, 61.552194073704925 ], [ 25.811996312272488, 61.553205495314145 ], [ 25.811272309527475, 61.55490416901754 ], [ 25.810190340145482, 61.556168102020365 ], [ 25.81003789210272, 61.557141791753601 ], [ 25.80961459864956, 61.557873697012155 ], [ 25.808971474881684, 61.558761235920976 ], [ 25.806926001429023, 61.560034326485919 ], [ 25.806362614708448, 61.56053846072215 ], [ 25.806207882289581, 61.560933371375981 ], [ 25.806293060022671, 61.561285729919732 ], [ 25.806984097090293, 61.561768825776703 ], [ 25.807157902190681, 61.562060671457424 ], [ 25.807119094795482, 61.562386502329488 ], [ 25.806858114853153, 61.562672522662965 ], [ 25.806412958420182, 61.562927251362161 ], [ 25.805774989388688, 61.56311570472284 ], [ 25.802208547513761, 61.56356122204042 ], [ 25.801338175890358, 61.563754924297733 ], [ 25.800661189753733, 61.564071121138312 ], [ 25.800361254576018, 61.564471358617574 ], [ 25.800212708976431, 61.565421657447523 ], [ 25.800235136259527, 61.56559022223378 ], [ 25.802727732584131, 61.567518095323116 ], [ 25.803474779422984, 61.568142287872178 ], [ 25.804589408952065, 61.569488327261737 ], [ 25.804962101869943, 61.571356839438891 ], [ 25.804592818718525, 61.572189515553951 ], [ 25.804227397302832, 61.572635732222274 ], [ 25.804030613460576, 61.573167224994258 ], [ 25.804327086817118, 61.575165657867153 ], [ 25.80406970189139, 61.575452638371644 ], [ 25.803186905333593, 61.575917370209488 ], [ 25.802827564480783, 61.576230075803082 ], [ 25.802830753958254, 61.577058918184093 ], [ 25.802864687967752, 61.578191447446443 ], [ 25.802511742089905, 61.578631564191831 ], [ 25.802658428298098, 61.578647197617038 ], [ 25.802235670164837, 61.579499429250795 ], [ 25.80171142252274, 61.580220290346197 ], [ 25.801275587787462, 61.580523514578942 ], [ 25.800516810029361, 61.58083614865523 ] ] } },
{ "type": "Feature", "properties": { "seg_id": "F05-S21", "feeder_id": "F05", "ss_id": "SS-SYSMA", "parent_seg_id": "F05-S14", "from_node": "F05:432162_6822952", "to_node": "F05:430852_6826725", "downstream_tr": 1, "downstream_kp": 12 }, "geometry": { "type": "LineString", "coordinates": [ [ 25.724200005597105, 61.534171754307138 ], [ 25.722069982541388, 61.534735390691054 ], [ 25.720320709043666, 61.534900296016886 ], [ 25.719053249379638, 61.534897872005935 ], [ 25.717296855468597, 61.535268565963875 ], [ 25.716382625763554, 61.535568937129149 ], [ 25.715221693352778, 61.53526228564985 ], [ 25.714784605818103, 61.535246454476791 ], [ 25.714310666127727, 61.535520637119184 ], [ 25.713667126494851, 61.535715386192038 ], [ 25.711634263690986, 61.536035393163488 ], [ 25.709218717547863, 61.536648095410158 ], [ 25.70848617846881, 61.537041497651487 ], [ 25.707997470705827, 61.537162015729699 ], [ 25.705978974152362, 61.537222499736927 ], [ 25.704821177602195, 61.536915546910556 ], [ 25.703848717397676, 61.53691916467217 ], [ 25.702901152071604, 61.536883310255519 ], [ 25.702125549779737, 61.537011540246908 ], [ 25.700537858611678, 61.537534389579513 ], [ 25.70014440998748, 61.537561629478638 ], [ 25.699568384809339, 61.537480931186948 ], [ 25.698098814533221, 61.537261820806989 ], [ 25.694571477222588, 61.537145668722253 ], [ 25.69253031281287, 61.537961231130758 ], [ 25.694593834025856, 61.538515052894248 ], [ 25.695385198532243, 61.538958495654349 ], [ 25.696136754605838, 61.539992586338407 ], [ 25.69617130209739, 61.540892933611261 ], [ 25.696762716153977, 61.541488931431971 ], [ 25.698099807201899, 61.542959088512241 ], [ 25.698460415472585, 61.543247519480701 ], [ 25.698774091474004, 61.543608732172572 ], [ 25.698360107539578, 61.544329606266224 ], [ 25.698591001531998, 61.545432690151898 ], [ 25.698744926940467, 61.546050446439544 ], [ 25.698751426761287, 61.546642331369249 ], [ 25.698669502784107, 61.547730653507941 ], [ 25.698583808860732, 61.548259798234021 ], [ 25.698666944675026, 61.54880951437125 ], [ 25.698925533238018, 61.549204686343529 ], [ 25.700523878925544, 61.54988337615729 ], [ 25.701484763821625, 61.550663961351582 ], [ 25.702130945748475, 61.551515899214202 ], [ 25.702235365504059, 61.552268808899633 ], [ 25.702051032156632, 61.553128222063201 ], [ 25.70172015012437, 61.553569123020502 ], [ 25.702059239859619, 61.554103904872711 ], [ 25.700628220594989, 61.555405996949091 ], [ 25.700468778211807, 61.55600844882526 ], [ 25.700655922372199, 61.557762800009378 ], [ 25.700712797561884, 61.557980412419568 ], [ 25.700155923126527, 61.559247222722362 ], [ 25.700305448115056, 61.560424333176712 ], [ 25.699892806925096, 61.561181382161166 ], [ 25.700103158931679, 61.561919685555587 ], [ 25.700365857933068, 61.562174125989415 ], [ 25.699928434838181, 61.562510598401772 ], [ 25.697995359754831, 61.563673944425432 ], [ 25.697654100148554, 61.564069072855794 ], [ 25.697528704124046, 61.564526055131537 ], [ 25.697309645092091, 61.564975276533431 ], [ 25.69628493842518, 61.565242377466106 ], [ 25.696066892379086, 61.565413921083525 ], [ 25.696254788659427, 61.565692977142582 ], [ 25.697179771395241, 61.566142651283975 ], [ 25.697840570653248, 61.566861289526855 ], [ 25.698150044278044, 61.567801298468396 ] ] } },
{ "type": "Feature", "properties": { "seg_id": "F05-S22", "feeder_id": "F05", "ss_id": "SS-SYSMA", "parent_seg_id": null, "from_node": "F05:431595_6819951", "to_node": "F05:431810_6820213", "downstream_tr": 21, "downstream_kp": 360 }, "geometry": { "type": "LineString", "coordinates": [ [ 25.714653245521564, 61.507132833528445 ], [ 25.715116576544329, 61.507207138494188 ], [ 25.715390515900577, 61.507386899159691 ], [ 25.715947684317932, 61.507841750573505 ], [ 25.716117950142277, 61.508211766030655 ], [ 25.71642702433622, 61.508842474832086 ], [ 25.717167778486033, 61.508809882081422 ], [ 25.7180456893323, 61.508833720722187 ], [ 25.718764694486158, 61.509155654428334 ], [ 25.718619221553297, 61.509433203766179 ], [ 25.718587601635591, 61.509527512716076 ] ] } },
{ "type": "Feature", "properties": { "seg_id": "F05-S23", "feeder_id": "F05", "ss_id": "SS-SYSMA", "parent_seg_id": "F05-S22", "from_node": "F05:431810_6820213", "to_node": "F05:436662_6822384", "downstream_tr": 16, "downstream_kp": 262 }, "geometry": { "type": "LineString", "coordinates": [ [ 25.718587601635591, 61.509527512716076 ], [ 25.721526988900138, 61.509587887788491 ], [ 25.721829593042852, 61.509589915015361 ], [ 25.723733418628957, 61.509669418726936 ], [ 25.725934537974339, 61.509954488054383 ], [ 25.727284526833049, 61.510256049909721 ], [ 25.728930310560408, 61.510777954549887 ], [ 25.731129721576668, 61.511785936899592 ], [ 25.73508008409841, 61.513294342238538 ], [ 25.736402086810912, 61.513960937274135 ], [ 25.739088791080981, 61.515591310027197 ], [ 25.741182021617522, 61.516790747780284 ], [ 25.74410175980865, 61.518311064148868 ], [ 25.74563657440503, 61.518891376981053 ], [ 25.747148407032089, 61.51931966180944 ], [ 25.749117564390886, 61.519740334627322 ], [ 25.756207135025495, 61.520988161897371 ], [ 25.758916053259796, 61.521614337598663 ], [ 25.762372161744082, 61.522540038825674 ], [ 25.764131273693337, 61.522922477196751 ], [ 25.766809258755643, 61.523249918279262 ], [ 25.772159891707187, 61.523372780101759 ], [ 25.77416750414665, 61.523600973913346 ], [ 25.777392562526437, 61.524235536589273 ], [ 25.780305768316566, 61.524593107861818 ], [ 25.784748324254974, 61.524820590511553 ], [ 25.787870604073792, 61.525243213531091 ], [ 25.791315652896575, 61.525974440200343 ], [ 25.791439562132492, 61.526003567686871 ], [ 25.80004319665175, 61.527649673097216 ], [ 25.802264942416265, 61.528189244802569 ], [ 25.807048260659148, 61.529391028488256 ], [ 25.808993580644326, 61.529834392829365 ] ] } },
{ "type": "Feature", "properties": { "seg_id": "F05-S24", "feeder_id": "F05", "ss_id": "SS-SYSMA", "parent_seg_id": "F05-S25", "from_node": "F05:433119_6827620", "to_node": "F05:435046_6828167", "downstream_tr": 1, "downstream_kp": 22 }, "geometry": { "type": "LineString", "coordinates": [ [ 25.740497595842449, 61.576229907935868 ], [ 25.741848218352576, 61.576040679680759 ], [ 25.742589947698633, 61.576274471192811 ], [ 25.744117246230264, 61.576206086434638 ], [ 25.74466325013023, 61.576339403867614 ], [ 25.745118781508772, 61.576763055907989 ], [ 25.745824515625337, 61.5776269992433 ], [ 25.747374913374351, 61.578257850765823 ], [ 25.749194417919192, 61.577931106503534 ], [ 25.751752783184635, 61.57582152536785 ], [ 25.752996363126741, 61.575502353858539 ], [ 25.754565790826629, 61.575571381584226 ], [ 25.756955205968648, 61.576042708825142 ], [ 25.757772321185101, 61.576023303688224 ], [ 25.760670656388875, 61.575594566692779 ], [ 25.761724774753784, 61.575688941393864 ], [ 25.763140680524582, 61.576032686979808 ], [ 25.765212790437118, 61.576816727197482 ], [ 25.766456666023601, 61.577808892261736 ], [ 25.767681253763243, 61.578822042181471 ], [ 25.769482789061879, 61.579730060952734 ], [ 25.770222647762726, 61.579980400223896 ], [ 25.771001233601869, 61.580308593043128 ], [ 25.772173281794217, 61.580662170139533 ], [ 25.774104594991069, 61.581179454160171 ], [ 25.775229231559493, 61.581367604746468 ], [ 25.776587724859567, 61.58147392721321 ] ] } },
{ "type": "Feature", "properties": { "seg_id": "F05-S25", "feeder_id": "F05", "ss_id": "SS-SYSMA", "parent_seg_id": "F05-S14", "from_node": "F05:432162_6822952", "to_node": "F05:433119_6827620", "downstream_tr": 2, "downstream_kp": 46 }, "geometry": { "type": "LineString", "coordinates": [ [ 25.724200005597105, 61.534171754307138 ], [ 25.725307621650877, 61.534442205000992 ], [ 25.727797229309832, 61.534450274000257 ], [ 25.728272209951886, 61.53460044701233 ], [ 25.728337149289924, 61.535053328981128 ], [ 25.728665392418026, 61.535401902013305 ], [ 25.730838230067118, 61.535246978611923 ], [ 25.731992900879455, 61.535400375376057 ], [ 25.734380062154141, 61.535894135451962 ], [ 25.734224128922659, 61.536294518325818 ], [ 25.734415917620311, 61.53696235711994 ], [ 25.73436924649657, 61.537295740820845 ], [ 25.733138365539098, 61.538312690606602 ], [ 25.733144748136997, 61.53871848309759 ], [ 25.733638085738111, 61.539579167869604 ], [ 25.733474219267226, 61.542496186770641 ], [ 25.733887333197661, 61.543130777230431 ], [ 25.73491126052123, 61.543665521257459 ], [ 25.737233868008772, 61.544383571490783 ], [ 25.74019720352053, 61.545582819005681 ], [ 25.741373105484172, 61.546379170951873 ], [ 25.741582572861521, 61.546674999188753 ], [ 25.741594365288904, 61.546981943305084 ], [ 25.741314094837467, 61.547362287160567 ], [ 25.740560087811474, 61.547730262224668 ], [ 25.740375599898748, 61.547940467807329 ], [ 25.740478845186086, 61.548353401178453 ], [ 25.741262395876152, 61.548906914288445 ], [ 25.740781834897096, 61.549329422637989 ], [ 25.740502290149045, 61.549562885657316 ], [ 25.740558852917957, 61.54976268109197 ], [ 25.741102492680572, 61.550187460752618 ], [ 25.742134234144991, 61.550746640914895 ], [ 25.742948474291612, 61.551831090795119 ], [ 25.74339681431384, 61.552061562030772 ], [ 25.7447473533508, 61.552466766098675 ], [ 25.745371574615572, 61.552799557267861 ], [ 25.745902959124891, 61.553240407493611 ], [ 25.746480906084713, 61.553388522985244 ], [ 25.748084237648225, 61.553518547680376 ], [ 25.749635724854897, 61.553999652484123 ], [ 25.750415880159352, 61.554425130234598 ], [ 25.75111979912549, 61.555453321046969 ], [ 25.751003905742742, 61.555798788008289 ], [ 25.750524756432405, 61.556386257856317 ], [ 25.749394432164944, 61.557118968353322 ], [ 25.749103117462674, 61.557417442873671 ], [ 25.748551145823164, 61.559742549995839 ], [ 25.746980471786042, 61.561145047851809 ], [ 25.746758478471602, 61.562248279736927 ], [ 25.746596497832524, 61.562612956771083 ], [ 25.745475168376846, 61.563643647655859 ], [ 25.74522685540127, 61.564316231313022 ], [ 25.745025929427857, 61.564988083583543 ], [ 25.744602105684237, 61.565474792263338 ], [ 25.744726389856645, 61.566083641586317 ], [ 25.744313686056042, 61.566992980756922 ], [ 25.743752796410718, 61.567158287600066 ], [ 25.743406235315671, 61.567435933492021 ], [ 25.741293691779369, 61.56867896501501 ], [ 25.739801206380356, 61.569407506949801 ], [ 25.739429683569597, 61.570114060141712 ], [ 25.737982756991745, 61.573016361696638 ], [ 25.737875859600322, 61.573905809431636 ], [ 25.736970874845312, 61.57481891116516 ], [ 25.736931914026936, 61.575098477480203 ], [ 25.737160879709684, 61.575263038798006 ], [ 25.738568263601554, 61.575738181344917 ], [ 25.740152446823036, 61.576053570969925 ], [ 25.740497595842449, 61.576229907935868 ] ] } },
{ "type": "Feature", "properties": { "seg_id": "F05-S26", "feeder_id": "F05", "ss_id": "SS-SYSMA", "parent_seg_id": "F05-S35", "from_node": "F05:435136_6832359", "to_node": "F05:434258_6831372", "downstream_tr": 1, "downstream_kp": 5 }, "geometry": { "type": "LineString", "coordinates": [ [ 25.776792548874667, 61.619111140670519 ], [ 25.774305894587442, 61.618673655514399 ], [ 25.773100699363265, 61.618140642253245 ], [ 25.772747218658715, 61.617864981343303 ], [ 25.771934502955535, 61.615912547278427 ], [ 25.770997606758829, 61.615378097617075 ], [ 25.770672659771115, 61.615057491870203 ], [ 25.770919717011633, 61.61380721480478 ], [ 25.769800057323252, 61.611697742651813 ], [ 25.769004868194699, 61.611277723237777 ], [ 25.768409754814599, 61.611129063425523 ], [ 25.766785164307375, 61.611065195878631 ], [ 25.765182215070151, 61.61085480723019 ], [ 25.764107234404506, 61.61107058464551 ], [ 25.763610346669203, 61.611056127258074 ], [ 25.760593244178967, 61.610103275602683 ] ] } },
{ "type": "Feature", "properties": { "seg_id": "F05-S27", "feeder_id": "F05", "ss_id": "SS-SYSMA", "parent_seg_id": "F05-S11", "from_node": "F05:433868_6833105", "to_node": "F05:434312_6834492", "downstream_tr": 1, "downstream_kp": 15 }, "geometry": { "type": "LineString", "coordinates": [ [ 25.752619985648206, 61.625586223443719 ], [ 25.753743442669894, 61.628044163649193 ], [ 25.754100618311604, 61.628401626246976 ], [ 25.754556129522904, 61.628541310170213 ], [ 25.755174196652145, 61.628560618323419 ], [ 25.757699400793559, 61.627986823785818 ], [ 25.758280808122496, 61.62806815768861 ], [ 25.758885888626704, 61.628441172051176 ], [ 25.758806472774758, 61.629389018866782 ], [ 25.758245131261834, 61.630279763136777 ], [ 25.757712041239621, 61.630832605927985 ], [ 25.757547291718932, 61.631477255550045 ], [ 25.757294738550975, 61.631730230660089 ], [ 25.755910168298104, 61.632293752411393 ], [ 25.755257711353021, 61.632352263731896 ], [ 25.753868687308, 61.632299226536851 ], [ 25.752797055124542, 61.632501267367743 ], [ 25.752230982532183, 61.632698467261498 ], [ 25.751991200288963, 61.632946898625718 ], [ 25.752014475514038, 61.633227652825546 ], [ 25.752335631770595, 61.6335579649134 ], [ 25.754414163041361, 61.634424787872703 ], [ 25.755385374348744, 61.635092502657791 ], [ 25.755796025395355, 61.635852247670016 ], [ 25.7557893101737, 61.636112914132909 ], [ 25.757231032015188, 61.636234401362643 ], [ 25.75800541568918, 61.636147062541504 ], [ 25.758509850713764, 61.636166346652729 ], [ 25.759512174060237, 61.636472562292909 ], [ 25.760367632104945, 61.637082366972521 ], [ 25.760490226628736, 61.638113851928942 ] ] } },
{ "type": "Feature", "properties": { "seg_id": "F05-S28", "feeder_id": "F05", "ss_id": "SS-SYSMA", "parent_seg_id": "F05-S12", "from_node": "F05:436511_6834672", "to_node": "F05:437071_6835188", "downstream_tr": 1, "downstream_kp": 13 }, "geometry": { "type": "LineString", "coordinates": [ [ 25.80190387771389, 61.640095553854493 ], [ 25.802534011384441, 61.640286225329888 ], [ 25.803316724023023, 61.640411297164597 ], [ 25.803999070847691, 61.640692952903528 ], [ 25.805400812509276, 61.641698528114517 ], [ 25.806739050268988, 61.642989871908576 ], [ 25.808143005219634, 61.643736955983428 ], [ 25.809136854025596, 61.644115021128201 ], [ 25.809480360469628, 61.644394706168967 ], [ 25.810825832794599, 61.644885817756588 ], [ 25.811576683701382, 61.644916894099865 ], [ 25.811776606118453, 61.644839272501144 ], [ 25.812298612062424, 61.644821196744338 ] ] } },
{ "type": "Feature", "properties": { "seg_id": "F05-S29", "feeder_id": "F05", "ss_id": "SS-SYSMA", "parent_seg_id": "F05-S18", "from_node": "F05:429091_6829760", "to_node": "F05:430810_6828677", "downstream_tr": 1, "downstream_kp": 18 }, "geometry": { "type": "LineString", "coordinates": [ [ 25.663832398278906, 61.594715170441894 ], [ 25.666257025062546, 61.594530602021941 ], [ 25.667918444517689, 61.594265534759003 ], [ 25.670524566731185, 61.593521364449103 ], [ 25.671808997205751, 61.592950566698008 ], [ 25.673860309477472, 61.592604047498675 ], [ 25.674959717101533, 61.592572771067445 ], [ 25.678351506285956, 61.59295891813651 ], [ 25.679330166117882, 61.593113114699214 ], [ 25.679510663050063, 61.593256064800975 ], [ 25.680281539561364, 61.593689077620027 ], [ 25.681315937257281, 61.594598491173123 ], [ 25.682341838546989, 61.595116517289149 ], [ 25.684417542117359, 61.59667577682859 ], [ 25.684905084919571, 61.596917488833526 ], [ 25.685652642205575, 61.597108511132568 ], [ 25.686151886233816, 61.597210034543657 ], [ 25.687286705293356, 61.596750665713053 ], [ 25.688268085462028, 61.596712491530411 ], [ 25.688743644647989, 61.596598557908827 ], [ 25.691235653323453, 61.595714282958539 ], [ 25.691875012996427, 61.595372785304811 ], [ 25.69296283999412, 61.594994579942089 ], [ 25.69363268821078, 61.594546254464269 ], [ 25.693910028153347, 61.594056070860013 ], [ 25.694585472357762, 61.593826885939272 ], [ 25.695088344894891, 61.593203441602377 ], [ 25.695092707282448, 61.593026214804134 ], [ 25.694894501467715, 61.592906677767033 ], [ 25.694145439414161, 61.592809811714716 ], [ 25.694060198507383, 61.592741983528732 ], [ 25.694842316072197, 61.592114268295525 ], [ 25.694622640265468, 61.59150276215022 ], [ 25.695449262602416, 61.591028262929619 ], [ 25.695730210285323, 61.590624742738164 ], [ 25.695862683415402, 61.590064480139588 ], [ 25.696487765539342, 61.589543896062821 ], [ 25.698551386805818, 61.588722232995266 ], [ 25.698573891167939, 61.588575568911374 ], [ 25.69821036224354, 61.588229769925988 ], [ 25.698196667640548, 61.587988928836438 ], [ 25.698965286058684, 61.586867062366814 ], [ 25.69842392449052, 61.586447968105574 ], [ 25.698205333335725, 61.585817031466767 ], [ 25.697382168434554, 61.585459739214066 ], [ 25.696626719230043, 61.585308657951828 ] ] } },
{ "type": "Feature", "properties": { "seg_id": "F05-S30", "feeder_id": "F05", "ss_id": "SS-SYSMA", "parent_seg_id": "F05-S15", "from_node": "F05:436999_6831193", "to_node": "F05:438625_6832911", "downstream_tr": 1, "downstream_kp": 16 }, "geometry": { "type": "LineString", "coordinates": [ [ 25.812319932325657, 61.60895844308979 ], [ 25.814251881317514, 61.609192282647967 ], [ 25.816032709652546, 61.609539697668581 ], [ 25.818552849803488, 61.61028957607661 ], [ 25.819042089259874, 61.610337238186965 ], [ 25.819760808653331, 61.610266878397681 ], [ 25.820384758065295, 61.610425168663518 ], [ 25.822216547063427, 61.611715940973575 ], [ 25.822508200346658, 61.611767940835755 ], [ 25.823212289806897, 61.611735457378316 ], [ 25.823891707503684, 61.611901525791524 ], [ 25.824548790383215, 61.612509724134604 ], [ 25.824180618931138, 61.61318297114785 ], [ 25.824424787120375, 61.613560822688534 ], [ 25.825826553383017, 61.613911152407951 ], [ 25.826508698916161, 61.614584673245254 ], [ 25.828565000854844, 61.615141590130172 ], [ 25.82951925580463, 61.615614180068036 ], [ 25.83063982197465, 61.616870780080674 ], [ 25.83077093033932, 61.617436085311468 ], [ 25.831280959348309, 61.617612555642665 ], [ 25.831489647149542, 61.617934757451053 ], [ 25.831871625262163, 61.618162590529501 ], [ 25.833118063430998, 61.618664035076968 ], [ 25.834770774303731, 61.619175493544908 ], [ 25.83627591158265, 61.619449668994491 ], [ 25.837568504944603, 61.619153088734045 ], [ 25.838003548941039, 61.618899149936659 ], [ 25.838605609560318, 61.618750209208784 ], [ 25.842998641217314, 61.618903805304512 ], [ 25.844090962882593, 61.61886651641111 ], [ 25.845155360285556, 61.61913220876189 ], [ 25.8458794691864, 61.619135151332621 ], [ 25.846560674605694, 61.619066082310269 ], [ 25.847566007992821, 61.61873940483742 ], [ 25.848799850482177, 61.618494027697743 ], [ 25.849123685282123, 61.618365817553958 ], [ 25.8501980104692, 61.61923446755381 ], [ 25.851017117320421, 61.619691231951542 ], [ 25.851546297903308, 61.620416686891659 ], [ 25.852918003093155, 61.6210616534607 ], [ 25.853439245407856, 61.621802126088625 ], [ 25.852606859700572, 61.622421017216283 ], [ 25.852322424094758, 61.622921896465996 ], [ 25.849150203434252, 61.624752860057015 ], [ 25.848249488981523, 61.624613741841877 ], [ 25.84688306995734, 61.624119615181534 ], [ 25.844555185161159, 61.624201594318251 ], [ 25.843852361259433, 61.624165426894955 ], [ 25.842971299993454, 61.6245144620773 ], [ 25.842394339852461, 61.624632849022248 ] ] } },
{ "type": "Feature", "properties": { "seg_id": "F05-S31", "feeder_id": "F05", "ss_id": "SS-SYSMA", "parent_seg_id": "F05-S09", "from_node": "F05:434138_6830364", "to_node": "F05:430895_6831933", "downstream_tr": 1, "downstream_kp": 16 }, "geometry": { "type": "LineString", "coordinates": [ [ 25.758691842892208, 61.60103088583412 ], [ 25.756799171448339, 61.60093397968982 ], [ 25.755803693604765, 61.600961385706725 ], [ 25.755234209489657, 61.601117576444253 ], [ 25.754472883864882, 61.60157401116404 ], [ 25.754549651129398, 61.602836049950895 ], [ 25.754068688411643, 61.603765470341536 ], [ 25.75455345545436, 61.604964183509793 ], [ 25.754271776283097, 61.605395195729983 ], [ 25.750224986302864, 61.605916957612287 ], [ 25.749325578929895, 61.606296855570108 ], [ 25.74863146995952, 61.606471129887609 ], [ 25.746346047896079, 61.60639019435088 ], [ 25.745843786835358, 61.606380093771477 ], [ 25.745202156523661, 61.606433283325572 ], [ 25.744115278909579, 61.606718242324106 ], [ 25.742988314081721, 61.607370788357812 ], [ 25.741254531644479, 61.608022985845771 ], [ 25.741087493246436, 61.608275183360249 ], [ 25.741238188538127, 61.608744249390696 ], [ 25.740808613523551, 61.609458340572289 ], [ 25.740643413568844, 61.610024776406583 ], [ 25.7402772836911, 61.610274923838325 ], [ 25.737280972301502, 61.61087199815622 ], [ 25.736027989414509, 61.610925875234656 ], [ 25.734469609946277, 61.6108245344792 ], [ 25.732388823619814, 61.611529181342824 ], [ 25.731594920934654, 61.611639480571995 ], [ 25.730736067365182, 61.611534393545874 ], [ 25.729758469141967, 61.611606525155452 ], [ 25.729048800497367, 61.611786276077488 ], [ 25.728562646688701, 61.61209405824458 ], [ 25.728284796472792, 61.612650203422483 ], [ 25.728218982834495, 61.613352780943579 ], [ 25.727919423298875, 61.613648039434281 ], [ 25.726635608421262, 61.613982042842139 ], [ 25.725317863100543, 61.614133908328014 ], [ 25.724227091023, 61.614600898428115 ], [ 25.723095282698253, 61.614740246496702 ], [ 25.722231581465199, 61.614708809063174 ], [ 25.719850638280072, 61.614293723732473 ], [ 25.717478246048966, 61.614272868966232 ], [ 25.716463470740237, 61.614120980339472 ], [ 25.715808874115247, 61.614020400217903 ], [ 25.715049377422346, 61.614010922938625 ], [ 25.71386035269165, 61.614032581518508 ], [ 25.713218902246656, 61.614114354683494 ], [ 25.711291152877326, 61.614865537080583 ], [ 25.710405702649943, 61.615756946998992 ], [ 25.710359445516026, 61.616573341488923 ], [ 25.709843810524983, 61.616789739452273 ], [ 25.708322177243275, 61.61673950951139 ], [ 25.707583229130236, 61.616578001563752 ], [ 25.706963674227843, 61.616240307003885 ], [ 25.705896005030237, 61.61521384248357 ], [ 25.704987162914566, 61.614986410421068 ], [ 25.704427549196041, 61.614931405196003 ], [ 25.703610932477954, 61.615010298804613 ], [ 25.702519984052859, 61.615252944124428 ], [ 25.699708615696959, 61.616703094416522 ], [ 25.699587004978994, 61.61581009146277 ], [ 25.69800550763669, 61.61478447585997 ], [ 25.697006087936526, 61.61454582973353 ] ] } },
{ "type": "Feature", "properties": { "seg_id": "F05-S32", "feeder_id": "F05", "ss_id": "SS-SYSMA", "parent_seg_id": "F05-S02", "from_node": "F05:436989_6831803", "to_node": "F05:437144_6833423", "downstream_tr": 3, "downstream_kp": 45 }, "geometry": { "type": "LineString", "coordinates": [ [ 25.811915040643907, 61.614430411625612 ], [ 25.811968181806559, 61.615965167213382 ], [ 25.811674506792372, 61.617639974504286 ], [ 25.812163559572387, 61.620199366101723 ], [ 25.812258015541506, 61.622993867067905 ], [ 25.812805109242472, 61.624238002626896 ], [ 25.814397139188909, 61.626489554444987 ], [ 25.814481727032124, 61.627157631555654 ], [ 25.814278977396764, 61.628995878069944 ] ] } },
{ "type": "Feature", "properties": { "seg_id": "F05-S33", "feeder_id": "F05", "ss_id": "SS-SYSMA", "parent_seg_id": "F05-S06", "from_node": "F05:437969_6828630", "to_node": "F05:438159_6828653", "downstream_tr": 1, "downstream_kp": 13 }, "geometry": { "type": "LineString", "coordinates": [ [ 25.831469321875776, 61.586109665483086 ], [ 25.832740431098948, 61.586180312636344 ], [ 25.835027170642306, 61.586345555406673 ] ] } },
{ "type": "Feature", "properties": { "seg_id": "F05-S34", "feeder_id": "F05", "ss_id": "SS-SYSMA", "parent_seg_id": "F05-S23", "from_node": "F05:436662_6822384", "to_node": "F05:439127_6834678", "downstream_tr": 1, "downstream_kp": 20 }, "geometry": { "type": "LineString", "coordinates": [ [ 25.808993580644326, 61.529834392829365 ], [ 25.811498074867263, 61.530337945376203 ], [ 25.811562155558441, 61.530350438100555 ], [ 25.812263005509383, 61.530487060469859 ], [ 25.817219292976645, 61.531333333336477 ], [ 25.820608678530263, 61.531665773914611 ], [ 25.823129616290462, 61.531695719511887 ], [ 25.825852803727415, 61.531540744997805 ], [ 25.829099287421677, 61.531308199867098 ], [ 25.831216596989982, 61.531239632754399 ], [ 25.834325859501181, 61.531273466036538 ], [ 25.838256213165259, 61.531568903700233 ], [ 25.840990010691556, 61.531899968318363 ], [ 25.844992533536306, 61.532336672842909 ], [ 25.848206711934999, 61.532753295284145 ], [ 25.853376823188711, 61.533625245417362 ], [ 25.856843323699046, 61.534119090957304 ], [ 25.857237932997027, 61.534163533690638 ], [ 25.85727865007555, 61.534357631480155 ], [ 25.857806990213071, 61.534830740288633 ], [ 25.858442779175682, 61.535734908177993 ], [ 25.858896487884653, 61.537254483600094 ], [ 25.858763814892846, 61.537851957620504 ], [ 25.857905152143125, 61.539006721946208 ], [ 25.857414269177255, 61.539830553825524 ], [ 25.85741807030546, 61.54034153275478 ], [ 25.857651586423493, 61.540723864434518 ], [ 25.858792759162771, 61.541853863587818 ], [ 25.859060674812198, 61.542593056516552 ], [ 25.858872386498909, 61.543274648764296 ], [ 25.858584431458603, 61.543715403618137 ], [ 25.858089036580747, 61.544140013305686 ], [ 25.856886534878576, 61.54487588372141 ], [ 25.856427667656412, 61.545373804602754 ], [ 25.856169681915116, 61.545840257707461 ], [ 25.856167733366934, 61.546319261871744 ], [ 25.856393052278339, 61.546801444415635 ], [ 25.858573274012215, 61.549505409265244 ], [ 25.859427082499646, 61.550624450290883 ], [ 25.859922839640873, 61.551692635311888 ], [ 25.859871942754722, 61.553810431130451 ], [ 25.85984912004794, 61.55397948750025 ], [ 25.859904460254352, 61.554109638688445 ], [ 25.860373040248689, 61.554882051062961 ], [ 25.860954506025191, 61.555323885457462 ], [ 25.865275578857997, 61.556827562152151 ], [ 25.86549868662555, 61.556893097360486 ], [ 25.868623167364639, 61.557945815677094 ], [ 25.86925336140375, 61.558315930931577 ], [ 25.871115065626103, 61.559855786925027 ], [ 25.871807418510677, 61.560701032285273 ], [ 25.871832514384607, 61.562161987761783 ], [ 25.871751583017502, 61.565168966979932 ], [ 25.871269586386383, 61.566604892851693 ], [ 25.870364494687287, 61.569048847080552 ], [ 25.870219462123632, 61.56979674561024 ], [ 25.870272187949098, 61.571010679575657 ], [ 25.870689090850192, 61.571611806218193 ], [ 25.871342488045865, 61.572054843465743 ], [ 25.875433969613038, 61.574135916301891 ], [ 25.878170055110296, 61.575575964745077 ], [ 25.878037709369142, 61.575949407732608 ], [ 25.878118326938644, 61.576456819389172 ], [ 25.878620632882274, 61.577122232664045 ], [ 25.878453814069122, 61.577639229959146 ], [ 25.877791321705871, 61.578065142748834 ], [ 25.876483000245624, 61.578428383169722 ], [ 25.875367349793144, 61.579526823789244 ], [ 25.873252706355792, 61.58016307189898 ], [ 25.872977789457927, 61.580576956126158 ], [ 25.873236798506241, 61.581860048660552 ], [ 25.872941068438909, 61.582368418002645 ], [ 25.872535142721475, 61.582745228652151 ], [ 25.872454607400552, 61.583101721250998 ], [ 25.872418846332572, 61.583505431731638 ], [ 25.872065873860102, 61.583833952988876 ], [ 25.871583931819629, 61.584115747866349 ], [ 25.871522339644052, 61.584502634506336 ], [ 25.872774618555098, 61.585324182864994 ], [ 25.873303021999629, 61.585915983450846 ], [ 25.873595819974462, 61.586148540804935 ], [ 25.873952445457892, 61.586256586636637 ], [ 25.875798532226575, 61.58625379875285 ], [ 25.87647382960612, 61.586400478743187 ], [ 25.876763153951146, 61.5864778236379 ], [ 25.874991837457046, 61.587528269922565 ], [ 25.874799384943408, 61.587856764490525 ], [ 25.874952716446781, 61.588304550969013 ], [ 25.874269368308809, 61.588870306935966 ], [ 25.873571685604357, 61.589205294824787 ], [ 25.873310956783392, 61.58953918702661 ], [ 25.873005329009349, 61.589702724951671 ], [ 25.87175793907489, 61.590058174235324 ], [ 25.870610556642909, 61.589820116129381 ], [ 25.869171723233936, 61.589971254834715 ], [ 25.86776376738878, 61.589941857921708 ], [ 25.866236848264872, 61.590470014996839 ], [ 25.86783965322007, 61.591887210047666 ], [ 25.867656333600973, 61.592344714632461 ], [ 25.867114102638279, 61.592708736052749 ], [ 25.868011480472425, 61.592748320682695 ], [ 25.869194331219379, 61.593467513198739 ], [ 25.869342651705676, 61.594451119770788 ], [ 25.870997438329717, 61.594695182598358 ], [ 25.871856462267797, 61.594711217444612 ], [ 25.872717787844937, 61.594562767961236 ], [ 25.873137996150525, 61.594584601566446 ], [ 25.873636103331215, 61.594699477976839 ], [ 25.874305471771642, 61.59507306609715 ], [ 25.875648143091151, 61.595287576525436 ], [ 25.877426400286652, 61.594915926657769 ], [ 25.878051290354787, 61.594857402224321 ], [ 25.881319013876361, 61.595137175197657 ], [ 25.883148998561815, 61.595064404560965 ], [ 25.883364738148735, 61.59514224601083 ], [ 25.883470144248481, 61.595389214053363 ], [ 25.883723868129803, 61.596022586317474 ], [ 25.884623682455217, 61.596261787784918 ], [ 25.884189926291153, 61.596548777665006 ], [ 25.882837950899859, 61.597657846156253 ], [ 25.882245141096998, 61.598360488563657 ], [ 25.880534134503041, 61.599081243383196 ], [ 25.881991647565929, 61.599786885457256 ], [ 25.88358128927683, 61.600222399848924 ], [ 25.883958395466482, 61.600394220899815 ], [ 25.884361534523105, 61.600592254606404 ], [ 25.885316746689075, 61.600857732400819 ], [ 25.885667303301719, 61.60106235337966 ], [ 25.885968151013898, 61.601770595247338 ], [ 25.887005294279852, 61.602954823720175 ], [ 25.886243429297647, 61.605082292884688 ], [ 25.887743312459669, 61.606742579848316 ], [ 25.888253708095181, 61.607986713038287 ], [ 25.887508707753959, 61.609707575816124 ], [ 25.887486059187161, 61.610375671441595 ], [ 25.886671539762588, 61.611204159407833 ], [ 25.886215097361823, 61.61239561571108 ], [ 25.886189870801005, 61.6128742798738 ], [ 25.886602193329367, 61.614375196692038 ], [ 25.885880637991313, 61.616289951870797 ], [ 25.885176858509734, 61.616917634186187 ], [ 25.884978989511758, 61.617389324281703 ], [ 25.884358797749236, 61.61773054902072 ], [ 25.883546350910322, 61.6183769636284 ], [ 25.881594502284706, 61.61892590569957 ], [ 25.881153404574786, 61.619237372895348 ], [ 25.880891372096492, 61.620304107360163 ], [ 25.881491818339025, 61.621445526964351 ], [ 25.881424628288471, 61.621983012084478 ], [ 25.879936828711582, 61.623158081764217 ], [ 25.879729726946973, 61.623513451459722 ], [ 25.881073003932787, 61.62595877900133 ], [ 25.881576623471958, 61.627231859028711 ], [ 25.88148949370694, 61.628017771960806 ], [ 25.882053452244836, 61.628622741786764 ], [ 25.882210474645536, 61.62914439809569 ], [ 25.882623047605023, 61.629707098870924 ], [ 25.88227153478098, 61.630297224732459 ], [ 25.882622814188608, 61.630696543851833 ], [ 25.882751147598832, 61.631064208606176 ], [ 25.882943819643863, 61.631933694165902 ], [ 25.882844165993241, 61.632799060016922 ], [ 25.882891508552703, 61.63299831014298 ], [ 25.882647008557509, 61.635210969490011 ], [ 25.881887303477296, 61.635225098836891 ], [ 25.879613831103551, 61.635684167873649 ], [ 25.877590895588042, 61.635751677951234 ], [ 25.873786451934606, 61.636222943237769 ], [ 25.873340839682896, 61.636186765510608 ], [ 25.872867161960428, 61.636014921832029 ], [ 25.870305394375059, 61.635428180761174 ], [ 25.869211533044595, 61.635357745558231 ], [ 25.864938597561455, 61.635809720910871 ], [ 25.862335975057125, 61.636372216402293 ], [ 25.86125560355735, 61.636591900172085 ], [ 25.859317374101643, 61.636505395528566 ], [ 25.858966673163895, 61.636634080570403 ], [ 25.858631122527811, 61.636952228890507 ], [ 25.857642111684562, 61.637571513633112 ], [ 25.857799959446019, 61.63813044003318 ], [ 25.856922463914231, 61.638681635492979 ], [ 25.855951146401296, 61.638922174038484 ], [ 25.853898095307283, 61.640073594907832 ], [ 25.851270278019605, 61.640572009470183 ] ] } },
{ "type": "Feature", "properties": { "seg_id": "F05-S35", "feeder_id": "F05", "ss_id": "SS-SYSMA", "parent_seg_id": "F05-S02", "from_node": "F05:436989_6831803", "to_node": "F05:435136_6832359", "downstream_tr": 3, "downstream_kp": 31 }, "geometry": { "type": "LineString", "coordinates": [ [ 25.811915040643907, 61.614430411625612 ], [ 25.807736446647734, 61.614959528480085 ], [ 25.805262665273002, 61.614770928033408 ], [ 25.803801488809892, 61.614411599677503 ], [ 25.802579126949134, 61.614337346398472 ], [ 25.79695659794324, 61.614228359992694 ], [ 25.795291108333693, 61.614447770086748 ], [ 25.793868117645481, 61.614517754422195 ], [ 25.79279537243691, 61.614832141430142 ], [ 25.791355371998801, 61.61503744923273 ], [ 25.790706635385849, 61.614996753493216 ], [ 25.789282508426371, 61.614689758994324 ], [ 25.788560914573342, 61.614625038688374 ], [ 25.787784001295002, 61.614661024582183 ], [ 25.786346906496505, 61.614877169175621 ], [ 25.784167686146677, 61.615730942625248 ], [ 25.783572333191348, 61.616783028622891 ], [ 25.783107863989766, 61.617102794185421 ], [ 25.781537816498563, 61.617350700977624 ], [ 25.779994770931818, 61.618172591520775 ], [ 25.777681944882758, 61.618649236398888 ], [ 25.776792548874667, 61.619111140670519 ] ] } },
{ "type": "Feature", "properties": { "seg_id": "F05-S36", "feeder_id": "F05", "ss_id": "SS-SYSMA", "parent_seg_id": "F05-S37", "from_node": "F05:433090_6829700", "to_node": "F05:433092_6829400", "downstream_tr": 1, "downstream_kp": 21 }, "geometry": { "type": "LineString", "coordinates": [ [ 25.739191927375099, 61.594899154909179 ], [ 25.739083021021585, 61.594385354564416 ], [ 25.738503217184658, 61.593877992166895 ], [ 25.738761709138753, 61.593139361893364 ], [ 25.739336800985051, 61.5922025822262 ] ] } },
{ "type": "Feature", "properties": { "seg_id": "F05-S37", "feeder_id": "F05", "ss_id": "SS-SYSMA", "parent_seg_id": "F05-S01", "from_node": "F05:434101_6830191", "to_node": "F05:433090_6829700", "downstream_tr": 2, "downstream_kp": 55 }, "geometry": { "type": "LineString", "coordinates": [ [ 25.758050007392413, 61.599479143982173 ], [ 25.757878927070912, 61.599172678950126 ], [ 25.757491461445753, 61.599022498111388 ], [ 25.753672280626805, 61.598289772475759 ], [ 25.750786231162873, 61.598135813974132 ], [ 25.750383212927147, 61.597974723545747 ], [ 25.749820622095708, 61.597473170829659 ], [ 25.749738401982217, 61.597409382403477 ], [ 25.748198106567894, 61.596644899924939 ], [ 25.747346946112117, 61.596267188878649 ], [ 25.745952653506865, 61.59611057332382 ], [ 25.745180163752895, 61.596014177660173 ], [ 25.744492327515164, 61.595821517717241 ], [ 25.74156122072219, 61.595375379451909 ], [ 25.739191927375099, 61.594899154909179 ] ] } },
{ "type": "Feature", "properties": { "seg_id": "F05-S38", "feeder_id": "F05", "ss_id": "SS-SYSMA", "parent_seg_id": "F05-S20", "from_node": "F05:436315_6828073", "to_node": "F05:436373_6828410", "downstream_tr": 14, "downstream_kp": 211 }, "geometry": { "type": "LineString", "coordinates": [ [ 25.800516810029361, 61.58083614865523 ], [ 25.801403353039412, 61.583766647172567 ], [ 25.801487916600493, 61.583876930942459 ] ] } },
{ "type": "Feature", "properties": { "seg_id": "F06-S01", "feeder_id": "F06", "ss_id": "SS-NUORAMOINEN", "parent_seg_id": null, "from_node": "F06:439145_6811799", "to_node": "F06:438805_6811749", "downstream_tr": 13, "downstream_kp": 278 }, "geometry": { "type": "LineString", "coordinates": [ [ 25.859164789188394, 61.43522609816592 ], [ 25.85833636755244, 61.43497257805258 ], [ 25.857161450245648, 61.434774692524861 ], [ 25.856041339104177, 61.434677884944868 ], [ 25.85451917179774, 61.434685814875841 ], [ 25.852803345538824, 61.434729265208226 ] ] } },
{ "type": "Feature", "properties": { "seg_id": "F06-S02", "feeder_id": "F06", "ss_id": "SS-NUORAMOINEN", "parent_seg_id": "F06-S43", "from_node": "F06:452701_6814187", "to_node": "F06:454052_6810782", "downstream_tr": 1, "downstream_kp": 8 }, "geometry": { "type": "LineString", "coordinates": [ [ 26.112639526622672, 61.458556780114996 ], [ 26.112439272542119, 61.459063238044074 ], [ 26.113909225156032, 61.460557511260674 ], [ 26.114523488316376, 61.461330008566314 ], [ 26.114854856757777, 61.461569006257079 ], [ 26.116658858535438, 61.461426003401598 ], [ 26.118149225426734, 61.461521141725491 ], [ 26.119008997291097, 61.461740232354003 ], [ 26.119786482169143, 61.462470262285755 ], [ 26.121494134834439, 61.462989310798697 ], [ 26.123048023131314, 61.463642886247435 ], [ 26.1219011545946, 61.464234496472606 ], [ 26.121765479732225, 61.464548017142477 ], [ 26.123812599845607, 61.46471731663388 ], [ 26.125367308416077, 61.465047855921107 ], [ 26.1266972737019, 61.465503875451098 ], [ 26.128697029984803, 61.466128522295115 ], [ 26.130168933349889, 61.466335167053693 ], [ 26.141999704106063, 61.467026297084914 ], [ 26.142125874243487, 61.466632388940027 ], [ 26.142688312517635, 61.466028793595733 ], [ 26.14244218205312, 61.464770473650979 ], [ 26.143062989072678, 61.464001746614663 ], [ 26.142960520304229, 61.463549336876177 ], [ 26.143100454155849, 61.462891055122014 ], [ 26.1428281812763, 61.462683715675034 ], [ 26.141250986193818, 61.461962527546405 ], [ 26.140928747290989, 61.461073000679356 ], [ 26.140573822458588, 61.460618854534033 ], [ 26.140201896186863, 61.459090598799563 ], [ 26.139561420170061, 61.458126717422786 ], [ 26.139014092149029, 61.456781988410029 ], [ 26.138941996611567, 61.455924499432179 ], [ 26.138078428117542, 61.454199044786172 ], [ 26.137573416767125, 61.453326901199929 ], [ 26.137147885228163, 61.45224730472448 ], [ 26.137180580619901, 61.451171615291557 ], [ 26.13645939964529, 61.450237792705778 ], [ 26.136375058854625, 61.449564960111843 ], [ 26.135530070897158, 61.448599563147397 ], [ 26.135265489410909, 61.447917649499523 ], [ 26.135321171428089, 61.447623790187905 ], [ 26.135872091909157, 61.446788276057191 ], [ 26.135794656246215, 61.446211621449166 ], [ 26.136457339632532, 61.445316007626239 ], [ 26.136104260738417, 61.444219582793117 ], [ 26.136205931345057, 61.44377577808801 ], [ 26.136078035431293, 61.442960495780241 ], [ 26.13609408000416, 61.442703847511993 ], [ 26.136130309640713, 61.44255941772839 ], [ 26.136435158785201, 61.441678448721476 ], [ 26.136378594412996, 61.441356749716327 ], [ 26.135387765846705, 61.439617668065836 ], [ 26.134858713513744, 61.438313396147045 ], [ 26.134327110877813, 61.436809797496849 ], [ 26.135021772209249, 61.436444178032623 ], [ 26.135293386671012, 61.436044178320309 ], [ 26.136088938251323, 61.435743619177515 ], [ 26.135935746786281, 61.435156832815181 ], [ 26.135754422639792, 61.434595767998715 ], [ 26.136236950737128, 61.43440861345757 ], [ 26.136103557874282, 61.434000163642644 ], [ 26.135259275869995, 61.433668701777606 ], [ 26.134624313917474, 61.433143647578241 ], [ 26.134325229929328, 61.433022878981156 ], [ 26.132875889566428, 61.432508653786563 ], [ 26.131917731613093, 61.432299838785056 ], [ 26.130835738240204, 61.431885397133392 ], [ 26.129866672538945, 61.431304794338033 ], [ 26.129261590116982, 61.430812916938763 ], [ 26.127316467095419, 61.429949381096932 ], [ 26.124939920402682, 61.429331301689828 ], [ 26.122984841517564, 61.429089080459455 ], [ 26.123795684599475, 61.42750987076181 ], [ 26.123639147964102, 61.42625467609399 ], [ 26.123358367645189, 61.425896814141026 ], [ 26.125108880266431, 61.425635223604189 ], [ 26.127988104466553, 61.425535460158059 ], [ 26.128649214894747, 61.425541397554831 ], [ 26.130332517065707, 61.425812327980061 ], [ 26.131419360034336, 61.426277820103472 ], [ 26.134486569939842, 61.427102224832836 ], [ 26.13702197712476, 61.427385082369611 ], [ 26.138820905421461, 61.428153808908625 ] ] } },
{ "type": "Feature", "properties": { "seg_id": "F06-S03", "feeder_id": "F06", "ss_id": "SS-NUORAMOINEN", "parent_seg_id": "F06-S05", "from_node": "F06:441618_6811770", "to_node": "F06:441625_6812022", "downstream_tr": 1, "downstream_kp": 9 }, "geometry": { "type": "LineString", "coordinates": [ [ 25.905521349871204, 61.43535033773518 ], [ 25.906013891209195, 61.436082364788795 ], [ 25.906215082087996, 61.436865130719781 ], [ 25.90556700038313, 61.437615440741602 ] ] } },
{ "type": "Feature", "properties": { "seg_id": "F06-S04", "feeder_id": "F06", "ss_id": "SS-NUORAMOINEN", "parent_seg_id": "F06-S23", "from_node": "F06:437908_6812653", "to_node": "F06:436545_6814518", "downstream_tr": 4, "downstream_kp": 73 }, "geometry": { "type": "LineString", "coordinates": [ [ 25.835682492236948, 61.442703249916406 ], [ 25.83566211380532, 61.443924226185949 ], [ 25.834890900674772, 61.445191639379601 ], [ 25.834535254251609, 61.445591337020495 ], [ 25.83463346102727, 61.445838336600815 ], [ 25.834434565112666, 61.445901718073976 ], [ 25.831789708068161, 61.44686454454429 ], [ 25.829645614605123, 61.447831450657304 ], [ 25.827433837617679, 61.449078709923491 ], [ 25.825761863190408, 61.45026230708347 ], [ 25.820378941029023, 61.454199515861603 ], [ 25.817708885533865, 61.456091436789052 ], [ 25.814971491274179, 61.457465407385428 ], [ 25.81349197587004, 61.458046361114711 ], [ 25.811544966595093, 61.458677838199101 ], [ 25.809496682264502, 61.45921311602465 ] ] } },
{ "type": "Feature", "properties": { "seg_id": "F06-S05", "feeder_id": "F06", "ss_id": "SS-NUORAMOINEN", "parent_seg_id": "F06-S10", "from_node": "F06:439728_6811866", "to_node": "F06:441618_6811770", "downstream_tr": 11, "downstream_kp": 158 }, "geometry": { "type": "LineString", "coordinates": [ [ 25.87006933135055, 61.435921286824261 ], [ 25.872076755477803, 61.435554265314671 ], [ 25.873706444742599, 61.435342890122897 ], [ 25.876686225021889, 61.435144809320093 ], [ 25.879398875753935, 61.435161192228449 ], [ 25.883900248502012, 61.435470749008246 ], [ 25.888061466085123, 61.43567060184408 ], [ 25.891837521741717, 61.435744327957757 ], [ 25.896488727830512, 61.435707748799622 ], [ 25.899823053547941, 61.435581310354955 ], [ 25.905521349871204, 61.43535033773518 ] ] } },
{ "type": "Feature", "properties": { "seg_id": "F06-S06", "feeder_id": "F06", "ss_id": "SS-NUORAMOINEN", "parent_seg_id": "F06-S32", "from_node": "F06:431850_6812896", "to_node": "F06:433468_6811767", "downstream_tr": 1, "downstream_kp": 26 }, "geometry": { "type": "LineString", "coordinates": [ [ 25.722042881948504, 61.443866474973909 ], [ 25.722377810201433, 61.443707823470348 ], [ 25.722568356057653, 61.443464686067998 ], [ 25.723083848020888, 61.440699526729354 ], [ 25.723400806499011, 61.440437288863322 ], [ 25.725863431404907, 61.439152074931933 ], [ 25.72615194647198, 61.43893434250235 ], [ 25.726685525551098, 61.438143300807596 ], [ 25.728261321504277, 61.436907004371356 ], [ 25.729885509086287, 61.435948949607614 ], [ 25.730678845750575, 61.435050502234702 ], [ 25.731096924738146, 61.434177627300848 ], [ 25.731378388989466, 61.433951423581597 ], [ 25.731825331659472, 61.433789967203467 ], [ 25.732717575028577, 61.43365922185037 ], [ 25.734484695531961, 61.433803624623543 ], [ 25.735279097539895, 61.433798944616214 ], [ 25.736061453457271, 61.433731488044984 ], [ 25.736653653259438, 61.433596684231219 ], [ 25.738751160311164, 61.43286022355219 ], [ 25.741042061673383, 61.4323924149394 ], [ 25.74175071998226, 61.432207479267184 ], [ 25.743550142195254, 61.43176067530375 ], [ 25.744359584626721, 61.431155608314896 ], [ 25.744674586002557, 61.431176829217755 ], [ 25.746266808272388, 61.431649622978796 ], [ 25.746822179042834, 61.431717206751046 ], [ 25.748477399882049, 61.432114032015612 ], [ 25.748959498795831, 61.432279543513033 ], [ 25.74927411892147, 61.432561152420433 ], [ 25.750556699186124, 61.432921936505124 ], [ 25.75084774683388, 61.433073434506667 ], [ 25.751590301829832, 61.433137390116741 ], [ 25.752504395920255, 61.433369464729196 ], [ 25.752515578914146, 61.433640573673301 ], [ 25.752769881285474, 61.434008461548693 ] ] } },
{ "type": "Feature", "properties": { "seg_id": "F06-S07", "feeder_id": "F06", "ss_id": "SS-NUORAMOINEN", "parent_seg_id": "F06-S43", "from_node": "F06:452701_6814187", "to_node": "F06:452412_6811513", "downstream_tr": 1, "downstream_kp": 9 }, "geometry": { "type": "LineString", "coordinates": [ [ 26.112639526622672, 61.458556780114996 ], [ 26.113156069004305, 61.457934725320868 ], [ 26.11341371524939, 61.456914341841546 ], [ 26.11339882015076, 61.456314666126566 ], [ 26.112825051406347, 61.455002351776855 ], [ 26.11114051748179, 61.453974350745142 ], [ 26.109848190360008, 61.45284842822025 ], [ 26.109775329143574, 61.452259928206061 ], [ 26.110158670128566, 61.451160646291065 ], [ 26.109186797695731, 61.449701359498548 ], [ 26.109147218679585, 61.449540449373188 ], [ 26.109112774304673, 61.448588343586351 ], [ 26.108368437954319, 61.447675790384288 ], [ 26.107898684700629, 61.446524468952703 ], [ 26.10736655502436, 61.445177621009783 ], [ 26.107171707315288, 61.44353333286238 ], [ 26.107521487725148, 61.443291488457128 ], [ 26.108617076703787, 61.443221559732429 ], [ 26.109117396290799, 61.443092335500808 ], [ 26.109984938617753, 61.442374027584052 ], [ 26.11020538545684, 61.441699368527168 ], [ 26.110248037841469, 61.44145213524245 ], [ 26.110032327778743, 61.441187185222049 ], [ 26.109438538969911, 61.440189383232344 ], [ 26.109362159226944, 61.439800462789869 ], [ 26.108876260598464, 61.43909624514113 ], [ 26.108483357832494, 61.438094585527118 ], [ 26.107549152120146, 61.436901382589028 ], [ 26.107199636866088, 61.436195843175454 ], [ 26.10720034951337, 61.435536599459219 ], [ 26.107916750382891, 61.434518403196904 ] ] } },
{ "type": "Feature", "properties": { "seg_id": "F06-S08", "feeder_id": "F06", "ss_id": "SS-NUORAMOINEN", "parent_seg_id": "F06-S11", "from_node": "F06:447685_6812392", "to_node": "F06:448051_6812722", "downstream_tr": 4, "downstream_kp": 32 }, "geometry": { "type": "LineString", "coordinates": [ [ 26.019058981240178, 61.441795786598874 ], [ 26.01991372540423, 61.441730373750801 ], [ 26.020821440725449, 61.441770758111161 ], [ 26.021676855080621, 61.441932213788085 ], [ 26.02210433587582, 61.442131659348846 ], [ 26.022195670522709, 61.442178542784909 ], [ 26.022921503870478, 61.442614641789909 ], [ 26.0237024963503, 61.443830865241935 ], [ 26.024488120355461, 61.444207436807787 ], [ 26.024944392451921, 61.444348220297407 ], [ 26.025828387532982, 61.444810123726334 ] ] } },
{ "type": "Feature", "properties": { "seg_id": "F06-S09", "feeder_id": "F06", "ss_id": "SS-NUORAMOINEN", "parent_seg_id": "F06-S25", "from_node": "F06:438920_6812195", "to_node": "F06:441084_6820077", "downstream_tr": 1, "downstream_kp": 19 }, "geometry": { "type": "LineString", "coordinates": [ [ 25.854819550247104, 61.438750291853246 ], [ 25.855727458536197, 61.439288436324702 ], [ 25.857453511922539, 61.440330134176101 ], [ 25.858321299241251, 61.440839008722193 ], [ 25.858807205088844, 61.440982261543269 ], [ 25.861915556894463, 61.442359523450925 ], [ 25.864509518792275, 61.443819730845647 ], [ 25.865522001448934, 61.444857479641882 ], [ 25.867181151196757, 61.446483494673075 ], [ 25.870188124726702, 61.447516452732032 ], [ 25.872200097909467, 61.448373315144025 ], [ 25.873044182456479, 61.448817371513279 ], [ 25.873811776071697, 61.449544985051652 ], [ 25.874561324973886, 61.451052978599193 ], [ 25.875127199063204, 61.45172829028472 ], [ 25.875205545242455, 61.452244871772599 ], [ 25.874768506357405, 61.45340549008462 ], [ 25.8739136700746, 61.454003086090168 ], [ 25.873532391525011, 61.454517503461574 ], [ 25.87342629841821, 61.454971428232625 ], [ 25.873584677179437, 61.455347579093392 ], [ 25.875088665018076, 61.45723333909207 ], [ 25.875613548973821, 61.457529176181858 ], [ 25.877375505832262, 61.45811834506457 ], [ 25.878134359531703, 61.458459877212462 ], [ 25.880047456571454, 61.459940824006054 ], [ 25.880960821907724, 61.461346064509392 ], [ 25.882113961015797, 61.461731778983001 ], [ 25.884507433239246, 61.462367662640617 ], [ 25.885430439440754, 61.462444759191598 ], [ 25.886855643006978, 61.462427731287789 ], [ 25.88787702916699, 61.462545099955079 ], [ 25.888235419487643, 61.462536468939632 ], [ 25.889062719909273, 61.462340612687512 ], [ 25.890407347628877, 61.461901291432639 ], [ 25.892043859306582, 61.461521835662488 ], [ 25.894927390936388, 61.461062597592317 ], [ 25.895373448703534, 61.460844998946449 ], [ 25.89578734438512, 61.460600761244024 ], [ 25.896296259475459, 61.460474556090631 ], [ 25.898460124486025, 61.459983502013372 ], [ 25.899258483830479, 61.459547408409016 ], [ 25.899622612721608, 61.459441461418571 ], [ 25.901983054542079, 61.459480485126328 ], [ 25.903061778530173, 61.459282826323708 ], [ 25.903793445198847, 61.459199892345261 ], [ 25.904996489214465, 61.459340592413895 ], [ 25.905512869640525, 61.459413916449286 ], [ 25.905251972069149, 61.459724773482705 ], [ 25.905475105804783, 61.460262707758034 ], [ 25.90527504316988, 61.462159519414243 ], [ 25.90451515246427, 61.463182366179467 ], [ 25.904383426011076, 61.464579694728172 ], [ 25.905163262356009, 61.465194358267063 ], [ 25.906007563307703, 61.465686210331462 ], [ 25.906528695078563, 61.466007178822736 ], [ 25.906759233408494, 61.466480821180269 ], [ 25.907015763997411, 61.466939131183096 ], [ 25.907157681172063, 61.467713226729337 ], [ 25.906034787545316, 61.46900494991278 ], [ 25.906199139165622, 61.469444987966106 ], [ 25.907044550109681, 61.469893353025654 ], [ 25.907591978954077, 61.469970048581423 ], [ 25.9113931693845, 61.47049106911718 ], [ 25.913539993878903, 61.471073964725832 ], [ 25.91443123984283, 61.471557893855156 ], [ 25.915889248602493, 61.471713766574283 ], [ 25.916552561226169, 61.472061126379252 ], [ 25.917265288900104, 61.472876814590677 ], [ 25.918468381526147, 61.473687394677363 ], [ 25.918460799243377, 61.474611867843763 ], [ 25.919964838004063, 61.475443936427119 ], [ 25.920379400477461, 61.475789384919274 ], [ 25.920864156000658, 61.476264135084996 ], [ 25.923265337894744, 61.478037267419502 ], [ 25.924894884025889, 61.47922838122517 ], [ 25.925719613146562, 61.479711511682837 ], [ 25.926254882590211, 61.479973112899664 ], [ 25.927733387251362, 61.481006979973401 ], [ 25.927880981560936, 61.481094329632882 ], [ 25.933108718262254, 61.482529769993477 ], [ 25.933867341865071, 61.482772941140617 ], [ 25.934762944680184, 61.483221322337101 ], [ 25.935131294284805, 61.483215662136466 ], [ 25.935626659574773, 61.483012278264788 ], [ 25.935841519965699, 61.483155871248634 ], [ 25.935922846775622, 61.483452794120922 ], [ 25.935473459435872, 61.483913579357825 ], [ 25.933422085308067, 61.484124965711409 ], [ 25.931934801539722, 61.484976290364493 ], [ 25.931293550672347, 61.485495165838707 ], [ 25.930274416365283, 61.485953345345578 ], [ 25.927054068048882, 61.486413115683831 ], [ 25.924541748664968, 61.486622320436041 ], [ 25.923490418300716, 61.486834258389031 ], [ 25.922081185406888, 61.487512529437069 ], [ 25.921459394454164, 61.488088489544715 ], [ 25.921096621588575, 61.488277958261811 ], [ 25.919041398067513, 61.488335661879994 ], [ 25.918459017176115, 61.488418922294713 ], [ 25.914066335277361, 61.490293331528036 ], [ 25.911872723376057, 61.490711205645994 ], [ 25.908985853167618, 61.490568085245123 ], [ 25.907933514831832, 61.491154015474542 ], [ 25.907587401944152, 61.491805687045705 ], [ 25.907489120690705, 61.492256643807806 ], [ 25.908150168248831, 61.492962537445081 ], [ 25.907643946161699, 61.493569868104977 ], [ 25.907601017463168, 61.49382785308719 ], [ 25.908591075609845, 61.495133909634681 ], [ 25.910455656085901, 61.495560400551533 ], [ 25.910732076495851, 61.49569069931858 ], [ 25.91091544106273, 61.495968249978283 ], [ 25.910769517122183, 61.496488561338978 ], [ 25.910865167455423, 61.496788486209539 ], [ 25.911760294258674, 61.497454283994884 ], [ 25.913152409621862, 61.499099912442787 ], [ 25.91199215920895, 61.500156976481442 ], [ 25.91028388093704, 61.500898383576541 ], [ 25.909858836654738, 61.501225210924453 ], [ 25.909764909154774, 61.501499748372673 ], [ 25.909947600885072, 61.502596700799117 ], [ 25.908196433109893, 61.504083694292369 ], [ 25.907767163212323, 61.504707038771535 ], [ 25.907944330070052, 61.504799818452653 ], [ 25.906648154050924, 61.505400756969962 ], [ 25.906218894435966, 61.505783761450068 ], [ 25.906076578507328, 61.506533191440447 ], [ 25.905657067656804, 61.507542415595999 ], [ 25.906110634194288, 61.508560113691864 ], [ 25.905463053838293, 61.509607084829021 ], [ 25.905479784117986, 61.509904232280128 ], [ 25.905235088152207, 61.510061721401506 ], [ 25.90425757743683, 61.510072108234347 ], [ 25.903691991852824, 61.510300807494154 ], [ 25.902885497107146, 61.510295555786918 ], [ 25.90261484896277, 61.510405613865544 ], [ 25.901328685995711, 61.510170389084777 ], [ 25.899902865604012, 61.50962256404889 ], [ 25.899188856956389, 61.509784552534967 ], [ 25.897669844493908, 61.509592366683322 ], [ 25.896879596118513, 61.509593207117042 ], [ 25.895464796721111, 61.509318270624149 ], [ 25.894632699999057, 61.509384335528019 ], [ 25.892861930447626, 61.509827028983395 ] ] } },
{ "type": "Feature", "properties": { "seg_id": "F06-S10", "feeder_id": "F06", "ss_id": "SS-NUORAMOINEN", "parent_seg_id": null, "from_node": "F06:439145_6811799", "to_node": "F06:439728_6811866", "downstream_tr": 12, "downstream_kp": 173 }, "geometry": { "type": "LineString", "coordinates": [ [ 25.859164789188394, 61.43522609816592 ], [ 25.860583011465589, 61.435731398242019 ], [ 25.863596503781459, 61.436332953202516 ], [ 25.864279846945649, 61.436186380070716 ], [ 25.865592680689641, 61.435509827253597 ], [ 25.867410164942104, 61.436099722447402 ], [ 25.867928898075341, 61.436455254992637 ], [ 25.87006933135055, 61.435921286824261 ] ] } },
{ "type": "Feature", "properties": { "seg_id": "F06-S11", "feeder_id": "F06", "ss_id": "SS-NUORAMOINEN", "parent_seg_id": "F06-S33", "from_node": "F06:445484_6812882", "to_node": "F06:447685_6812392", "downstream_tr": 5, "downstream_kp": 58 }, "geometry": { "type": "LineString", "coordinates": [ [ 25.977662612465004, 61.445899203506713 ], [ 25.980086697803188, 61.445782251525394 ], [ 25.98227390432341, 61.445863113963085 ], [ 25.988248594399813, 61.446703071293541 ], [ 25.989857734055793, 61.444706257010751 ], [ 25.991369770229152, 61.443392889961501 ], [ 25.993622067729067, 61.441825500090403 ], [ 25.993644587521196, 61.441811448779163 ], [ 25.993659599040654, 61.441801356993068 ], [ 25.995806294798573, 61.440393075314347 ], [ 26.003215102547205, 61.435528735793092 ], [ 26.004626903074882, 61.436026757072639 ], [ 26.00543031401563, 61.436666961296517 ], [ 26.005679807170338, 61.436867610780517 ], [ 26.006055411839487, 61.437127646051259 ], [ 26.007114046155852, 61.437713921338663 ], [ 26.00895033448867, 61.438218168406294 ], [ 26.00938219860361, 61.438410656745646 ], [ 26.010761754464113, 61.440321638834867 ], [ 26.010966087651099, 61.440503981604451 ], [ 26.011997865223329, 61.440968696937574 ], [ 26.014128345529677, 61.441395281787528 ], [ 26.015746641587292, 61.442034385660165 ], [ 26.01641661241197, 61.442069247867273 ], [ 26.016930113300003, 61.442037597919864 ], [ 26.017530489997814, 61.442007731657256 ], [ 26.019058981240178, 61.441795786598874 ] ] } },
{ "type": "Feature", "properties": { "seg_id": "F06-S12", "feeder_id": "F06", "ss_id": "SS-NUORAMOINEN", "parent_seg_id": "F06-S39", "from_node": "F06:443574_6812712", "to_node": "F06:442383_6822062", "downstream_tr": 1, "downstream_kp": 18 }, "geometry": { "type": "LineString", "coordinates": [ [ 25.941894083975217, 61.444098843994652 ], [ 25.941203115397688, 61.44518468937342 ], [ 25.941043369969311, 61.445922358070675 ], [ 25.94123788041, 61.447914798878713 ], [ 25.941511659587398, 61.448325135197926 ], [ 25.942330273704236, 61.449067000276855 ], [ 25.942759759716889, 61.450010577854478 ], [ 25.94260824729227, 61.450441824184864 ], [ 25.941786787635198, 61.451157154427811 ], [ 25.941531417874202, 61.451625328986658 ], [ 25.941541477450535, 61.452213224509762 ], [ 25.941848219367806, 61.453002036660095 ], [ 25.94193416212395, 61.453854540285157 ], [ 25.942361196853533, 61.454543157047155 ], [ 25.94238992063265, 61.454573518667885 ], [ 25.943679154372724, 61.455732980184528 ], [ 25.944025745619754, 61.456193307487737 ], [ 25.944835985960779, 61.457894268132478 ], [ 25.945481100050657, 61.458657723289022 ], [ 25.947041030875372, 61.459984307719992 ], [ 25.949197574752539, 61.463409015373465 ], [ 25.949235144048536, 61.463468013765052 ], [ 25.950286778059937, 61.465892418891173 ], [ 25.951072170805062, 61.467483236518682 ], [ 25.951736767340812, 61.469518073548272 ], [ 25.952047746354193, 61.470031909935422 ], [ 25.952550835841183, 61.4716166662717 ], [ 25.95318396345937, 61.472228870477601 ], [ 25.956032921578558, 61.47358886527762 ], [ 25.956251833892164, 61.47368796267056 ], [ 25.960634533011451, 61.475407008696372 ], [ 25.963744464806563, 61.476664647058627 ], [ 25.964827825333433, 61.477140661204288 ], [ 25.965304783217235, 61.477466225285674 ], [ 25.965682618081839, 61.477975446041434 ], [ 25.966285224521361, 61.479282041774503 ], [ 25.96794727961581, 61.480888246888298 ], [ 25.968188272041235, 61.481141484182444 ], [ 25.968864765440252, 61.481615623385451 ], [ 25.969927857523874, 61.481974414040792 ], [ 25.973050817464806, 61.482712550962951 ], [ 25.975771070242565, 61.483138558071253 ], [ 25.97710167293635, 61.483381785729499 ], [ 25.978089575363398, 61.483681877836865 ], [ 25.97923350652335, 61.484362442890202 ], [ 25.980159511438398, 61.484457104875538 ], [ 25.980101573433956, 61.485185731873763 ], [ 25.980016729728849, 61.486308420638942 ], [ 25.979901752215682, 61.487279791621873 ], [ 25.97969770709442, 61.48837758816088 ], [ 25.979436142281248, 61.489946238410631 ], [ 25.979379345333491, 61.492897572924242 ], [ 25.979382857713617, 61.495219603209627 ], [ 25.979381669080464, 61.495255892455639 ], [ 25.97936938449833, 61.496851841155888 ], [ 25.979372540903906, 61.49744879619081 ], [ 25.97961534681389, 61.499145832055326 ], [ 25.980064865728881, 61.500143669707072 ], [ 25.980795955923575, 61.501151440219324 ], [ 25.981672437926221, 61.502024705022912 ], [ 25.984439432081508, 61.504274013622918 ], [ 25.985172423464991, 61.504802213116079 ], [ 25.988415438855295, 61.507616137026076 ], [ 25.993639026949374, 61.513566757707416 ], [ 25.995113638533756, 61.515182106555208 ], [ 25.99487368675635, 61.515267228145795 ], [ 25.994660095112629, 61.515571498314557 ], [ 25.993477380056504, 61.517147903736429 ], [ 25.993154289512685, 61.51835118919859 ], [ 25.99314778527188, 61.518401759010423 ], [ 25.993058387140703, 61.518928716784153 ], [ 25.99304252707163, 61.519024430613932 ], [ 25.992911897097507, 61.52014530888016 ], [ 25.993325293680318, 61.520880908049286 ], [ 25.994665089233255, 61.52288816557401 ], [ 25.994473271118309, 61.522921226981097 ], [ 25.99366805242764, 61.523280318269855 ], [ 25.992521100339605, 61.524293020250482 ], [ 25.992425177484289, 61.524344652795342 ], [ 25.991503765400417, 61.524787716418864 ], [ 25.989276860562342, 61.526182830891536 ], [ 25.987500930818634, 61.526895197155497 ], [ 25.986787190523206, 61.527667266387184 ], [ 25.98534366758506, 61.528437196005022 ], [ 25.984818356245047, 61.528946875821106 ], [ 25.984313374002738, 61.529838491297738 ], [ 25.983170614209858, 61.530573736609647 ], [ 25.980040955785555, 61.531404489653248 ], [ 25.979638123789222, 61.531669257157567 ], [ 25.979046439211846, 61.532304674633345 ], [ 25.978485252534178, 61.532542047697952 ], [ 25.977522493279526, 61.532766461923899 ], [ 25.976834024136274, 61.532835066631236 ], [ 25.975398016151331, 61.532665852811562 ], [ 25.974210783720533, 61.532239146442983 ], [ 25.97254767091108, 61.531619655548916 ], [ 25.971899507275996, 61.531289602742866 ], [ 25.969979129987284, 61.529939334871827 ], [ 25.968446138016397, 61.529308646136009 ], [ 25.967120424212677, 61.52903554792988 ], [ 25.963897540290251, 61.528865355114142 ], [ 25.962611142333007, 61.528855234534475 ], [ 25.962013831849685, 61.528921584050089 ], [ 25.958007007457134, 61.530014645249757 ], [ 25.956396767515244, 61.530453399389785 ], [ 25.955359767479834, 61.531120084265581 ], [ 25.952502468281878, 61.532367697860707 ], [ 25.9511069286349, 61.533220407091306 ], [ 25.950285113412679, 61.533910182845119 ], [ 25.948735619758487, 61.534707609880307 ], [ 25.947954817128885, 61.535022060038479 ], [ 25.94760529188731, 61.535216232488551 ], [ 25.944581097069882, 61.537856576541373 ], [ 25.944159462430196, 61.538106917732598 ], [ 25.943653838721982, 61.538238601625267 ], [ 25.941681870107914, 61.538361007948239 ], [ 25.94042240047278, 61.538515789415051 ], [ 25.939832541868117, 61.538654058865525 ], [ 25.937983375823567, 61.539424448883437 ], [ 25.935044816579104, 61.539949353489931 ], [ 25.933944035020119, 61.540134249556317 ], [ 25.930700805142081, 61.540734495749334 ], [ 25.930499634470991, 61.540378394395127 ], [ 25.930122482030292, 61.540098009158314 ], [ 25.929175686266802, 61.539719219079032 ], [ 25.928449746444365, 61.539569318289281 ], [ 25.927394304096168, 61.539346931314398 ], [ 25.926846324424027, 61.538899513730492 ], [ 25.92433940680284, 61.53734169289956 ], [ 25.923984663897659, 61.536857118035286 ], [ 25.923890924280133, 61.535776111740752 ], [ 25.924215575428047, 61.535120848222007 ], [ 25.923987004638697, 61.533909253613935 ], [ 25.923035056586368, 61.532533473510362 ], [ 25.922219600144402, 61.532030334472516 ], [ 25.921651104352552, 61.531210519824299 ], [ 25.921469804142308, 61.530536558516786 ], [ 25.920258653557259, 61.528856416372747 ], [ 25.919964765700882, 61.528635223906164 ], [ 25.919621157147581, 61.528619486485582 ], [ 25.918784294559138, 61.528759634621935 ], [ 25.918343953790767, 61.528674175227053 ], [ 25.916651400667636, 61.527839743146608 ] ] } },
{ "type": "Feature", "properties": { "seg_id": "F06-S13", "feeder_id": "F06", "ss_id": "SS-NUORAMOINEN", "parent_seg_id": "F06-S29", "from_node": "F06:439119_6814824", "to_node": "F06:439390_6815042", "downstream_tr": 1, "downstream_kp": 15 }, "geometry": { "type": "LineString", "coordinates": [ [ 25.857689953574688, 61.46237876969878 ], [ 25.857890978303107, 61.462604309346446 ], [ 25.858743501214732, 61.462683089149486 ], [ 25.859174522262883, 61.462915669246243 ], [ 25.860773126947457, 61.463010428731607 ], [ 25.861326028653981, 61.463670766772523 ], [ 25.862693254318675, 61.464378391692335 ] ] } },
{ "type": "Feature", "properties": { "seg_id": "F06-S14", "feeder_id": "F06", "ss_id": "SS-NUORAMOINEN", "parent_seg_id": "F06-S18", "from_node": "F06:439568_6816881", "to_node": "F06:440265_6818648", "downstream_tr": 1, "downstream_kp": 30 }, "geometry": { "type": "LineString", "coordinates": [ [ 25.865426679201942, 61.480906020062314 ], [ 25.867176035809546, 61.481514366924614 ], [ 25.86769156063032, 61.481905915463777 ], [ 25.867950612544664, 61.482412759856054 ], [ 25.867732207549711, 61.483326695712385 ], [ 25.867806078093956, 61.484031345690269 ], [ 25.868548082677716, 61.484793075068573 ], [ 25.869353228828665, 61.485334495611589 ], [ 25.871110750520838, 61.486009933587532 ], [ 25.871762966173335, 61.486528894576338 ], [ 25.87207352977585, 61.487219714832428 ], [ 25.871934294832492, 61.488548189132025 ], [ 25.872357790809378, 61.489848404984905 ], [ 25.872195659337034, 61.490219875037376 ], [ 25.872315252122181, 61.490281287263343 ], [ 25.87314527769275, 61.490968811237423 ], [ 25.873604792120389, 61.491626606841969 ], [ 25.873435690776123, 61.492263766259761 ], [ 25.874049085240021, 61.492539343735352 ], [ 25.87560281661699, 61.492880899352606 ], [ 25.876949358225289, 61.493003296506657 ], [ 25.87857870332596, 61.493736429630871 ], [ 25.878882776873265, 61.494221695347484 ], [ 25.878876978759269, 61.494609424371767 ], [ 25.87839515387325, 61.494974214895223 ], [ 25.878728433364245, 61.495368485599315 ], [ 25.878793409262038, 61.495592926606314 ], [ 25.878764801695979, 61.495758894631699 ], [ 25.87824330184386, 61.496015189386888 ], [ 25.878324240509926, 61.496340919056742 ], [ 25.877946468783236, 61.496876323194854 ] ] } },
{ "type": "Feature", "properties": { "seg_id": "F06-S15", "feeder_id": "F06", "ss_id": "SS-NUORAMOINEN", "parent_seg_id": "F06-S32", "from_node": "F06:431850_6812896", "to_node": "F06:431665_6810229", "downstream_tr": 1, "downstream_kp": 7 }, "geometry": { "type": "LineString", "coordinates": [ [ 25.722042881948504, 61.443866474973909 ], [ 25.72037476477751, 61.443010641287074 ], [ 25.713979723214194, 61.440459888479403 ], [ 25.714033219193094, 61.440146207250734 ], [ 25.713108456489657, 61.439114260446566 ], [ 25.713071359985147, 61.438015353819672 ], [ 25.713402706674707, 61.436759021343512 ], [ 25.713357761515244, 61.436422260222663 ], [ 25.712679918135493, 61.435469983568247 ], [ 25.711663526839644, 61.434838948546471 ], [ 25.71097680622546, 61.434057520565759 ], [ 25.710429095683178, 61.433639393770079 ], [ 25.710142406845122, 61.433124460970191 ], [ 25.708989406697853, 61.43193530709398 ], [ 25.706730771159151, 61.430281186588054 ], [ 25.706478583748194, 61.42981846991119 ], [ 25.706716550435168, 61.429250778189058 ], [ 25.70587061434642, 61.428070606801043 ], [ 25.705805629469893, 61.427371833869223 ], [ 25.70547026581724, 61.426865907763364 ], [ 25.705386679552788, 61.426196550105942 ], [ 25.705319272679169, 61.425898574563 ], [ 25.704934502885646, 61.42541763230426 ], [ 25.704979642311041, 61.42456179300391 ], [ 25.705195234633464, 61.423777910978245 ], [ 25.705693565614059, 61.423401346216544 ], [ 25.70613008399588, 61.423331934172865 ], [ 25.707846865514231, 61.423441334569965 ], [ 25.709519248340992, 61.423094415133292 ], [ 25.710640557908476, 61.422968392655939 ], [ 25.714885673042382, 61.421650632541052 ], [ 25.715852114876142, 61.421141848954981 ], [ 25.717399329403715, 61.420772877062767 ], [ 25.718233266607104, 61.420250438275872 ], [ 25.719554742548308, 61.419893925142311 ] ] } },
{ "type": "Feature", "properties": { "seg_id": "F06-S16", "feeder_id": "F06", "ss_id": "SS-NUORAMOINEN", "parent_seg_id": "F06-S05", "from_node": "F06:441618_6811770", "to_node": "F06:443020_6811045", "downstream_tr": 2, "downstream_kp": 27 }, "geometry": { "type": "LineString", "coordinates": [ [ 25.905521349871204, 61.43535033773518 ], [ 25.90560805051711, 61.435142974135438 ], [ 25.906240570341065, 61.434830252954612 ], [ 25.906436156740458, 61.434619514683021 ], [ 25.906626195414884, 61.434376518672856 ], [ 25.908140070882521, 61.433505027991274 ], [ 25.908908220955844, 61.432842342786543 ], [ 25.909639681237699, 61.432578970859318 ], [ 25.911017967815219, 61.432383382325057 ], [ 25.912576776453296, 61.432033897476011 ], [ 25.913435176364217, 61.431728873278104 ], [ 25.914190001057385, 61.431536779990935 ], [ 25.917238688555354, 61.431150925930659 ], [ 25.918888901400173, 61.431328425955066 ], [ 25.921043624129773, 61.431347784288924 ], [ 25.921895175591636, 61.431287676024681 ], [ 25.922787582676055, 61.431092917338091 ], [ 25.924203380948434, 61.430525947498523 ], [ 25.925347789923926, 61.43051668570255 ], [ 25.926366303029599, 61.43033785464543 ], [ 25.927432085244739, 61.429742209707946 ], [ 25.928185106789368, 61.42954734984562 ], [ 25.928653646365362, 61.429505220729311 ], [ 25.929035545475852, 61.429488857554432 ], [ 25.929389919822256, 61.429380808103744 ], [ 25.930826956613771, 61.429244002098905 ], [ 25.931481299919266, 61.429072527701621 ], [ 25.932029821231662, 61.429055821238315 ] ] } },
{ "type": "Feature", "properties": { "seg_id": "F06-S17", "feeder_id": "F06", "ss_id": "SS-NUORAMOINEN", "parent_seg_id": "F06-S08", "from_node": "F06:448051_6812722", "to_node": "F06:448950_6813824", "downstream_tr": 1, "downstream_kp": 9 }, "geometry": { "type": "LineString", "coordinates": [ [ 26.025828387532982, 61.444810123726334 ], [ 26.026119798680334, 61.445098669581633 ], [ 26.02795177211182, 61.446187407352205 ], [ 26.029390867949353, 61.446795800901292 ], [ 26.03130063167194, 61.44842352922997 ], [ 26.032516183184615, 61.448470574664157 ], [ 26.032949134949838, 61.448555401007191 ], [ 26.033794572325949, 61.449299319563075 ], [ 26.034786154288671, 61.449828758264083 ], [ 26.036385362229591, 61.450396247051003 ], [ 26.037192496470702, 61.450856777816895 ], [ 26.038037432024119, 61.451686772454316 ], [ 26.03994497759339, 61.452974767643781 ], [ 26.041367380844441, 61.454342871327789 ], [ 26.042378227170659, 61.454826062996766 ] ] } },
{ "type": "Feature", "properties": { "seg_id": "F06-S18", "feeder_id": "F06", "ss_id": "SS-NUORAMOINEN", "parent_seg_id": "F06-S19", "from_node": "F06:438616_6816305", "to_node": "F06:439568_6816881", "downstream_tr": 2, "downstream_kp": 52 }, "geometry": { "type": "LineString", "coordinates": [ [ 25.847757811019274, 61.475592462331313 ], [ 25.849976078298148, 61.476498081653894 ], [ 25.852425354393421, 61.476690447082476 ], [ 25.853813841879564, 61.476873064208526 ], [ 25.85442122868, 61.476992192943321 ], [ 25.854931909930762, 61.477307866540869 ], [ 25.855964317477703, 61.47810874681543 ], [ 25.857964012156753, 61.47873244155852 ], [ 25.858852974914953, 61.478874594332687 ], [ 25.861840295777149, 61.479334101210419 ], [ 25.863368001327899, 61.479808685572436 ], [ 25.863822653703142, 61.479969495201914 ], [ 25.863973184746303, 61.480062965763402 ], [ 25.864755335732529, 61.480674046156714 ], [ 25.865426679201942, 61.480906020062314 ] ] } },
{ "type": "Feature", "properties": { "seg_id": "F06-S19", "feeder_id": "F06", "ss_id": "SS-NUORAMOINEN", "parent_seg_id": "F06-S29", "from_node": "F06:439119_6814824", "to_node": "F06:438616_6816305", "downstream_tr": 3, "downstream_kp": 65 }, "geometry": { "type": "LineString", "coordinates": [ [ 25.857689953574688, 61.46237876969878 ], [ 25.857265362312194, 61.462560332198173 ], [ 25.85551559757382, 61.462988063803799 ], [ 25.853562348758523, 61.463823397884482 ], [ 25.853025418016788, 61.464045868963652 ], [ 25.851102666965083, 61.465074691271454 ], [ 25.850616979672157, 61.465389504488265 ], [ 25.849924660617063, 61.466110616980373 ], [ 25.849845814210788, 61.466413174705195 ], [ 25.850712360586478, 61.467645398638872 ], [ 25.850650669686015, 61.467844096278739 ], [ 25.850363824117878, 61.468268764341872 ], [ 25.850385890198353, 61.468905473427235 ], [ 25.849482046932444, 61.469873605367162 ], [ 25.849417700397396, 61.470652267757558 ], [ 25.847306864890072, 61.473051429465706 ], [ 25.847757811019274, 61.475592462331313 ] ] } },
{ "type": "Feature", "properties": { "seg_id": "F06-S20", "feeder_id": "F06", "ss_id": "SS-NUORAMOINEN", "parent_seg_id": "F06-S24", "from_node": "F06:433562_6813993", "to_node": "F06:434301_6813915", "downstream_tr": 1, "downstream_kp": 15 }, "geometry": { "type": "LineString", "coordinates": [ [ 25.753732868419704, 61.454003181389396 ], [ 25.756911258714293, 61.454044524688364 ], [ 25.75815935477128, 61.454166573436702 ], [ 25.759837544211802, 61.453545671934314 ], [ 25.760830487011887, 61.453262160941833 ], [ 25.762151874428874, 61.453244759021651 ], [ 25.763027934952323, 61.453158170926699 ], [ 25.764110382514307, 61.452800038899213 ], [ 25.764632945586495, 61.452670389328027 ], [ 25.765804678024523, 61.452562500444856 ], [ 25.766962678148985, 61.452880854902304 ], [ 25.767216255319415, 61.453186477551036 ], [ 25.76762647480442, 61.453431868795455 ] ] } },
{ "type": "Feature", "properties": { "seg_id": "F06-S21", "feeder_id": "F06", "ss_id": "SS-NUORAMOINEN", "parent_seg_id": "F06-S28", "from_node": "F06:438671_6811139", "to_node": "F06:438800_6810692", "downstream_tr": 1, "downstream_kp": 20 }, "geometry": { "type": "LineString", "coordinates": [ [ 25.85048813890149, 61.42923068776615 ], [ 25.851107119236953, 61.428668525550691 ], [ 25.853121411508802, 61.428132951434115 ], [ 25.853675841553496, 61.427867193637574 ], [ 25.853974405758319, 61.427531071558072 ], [ 25.853856343039791, 61.426949979453674 ], [ 25.853351892581994, 61.425518127329305 ], [ 25.853066121935267, 61.425241505084585 ] ] } },
{ "type": "Feature", "properties": { "seg_id": "F06-S22", "feeder_id": "F06", "ss_id": "SS-NUORAMOINEN", "parent_seg_id": "F06-S08", "from_node": "F06:448051_6812722", "to_node": "F06:450558_6813511", "downstream_tr": 3, "downstream_kp": 23 }, "geometry": { "type": "LineString", "coordinates": [ [ 26.025828387532982, 61.444810123726334 ], [ 26.026173218101871, 61.444685262708482 ], [ 26.026977873739714, 61.444282405298345 ], [ 26.028524992852532, 61.443877008893715 ], [ 26.029009453238682, 61.443613456429084 ], [ 26.029730885426158, 61.443222405534783 ], [ 26.030552128243464, 61.442657034807667 ], [ 26.032561262100931, 61.44264556806435 ], [ 26.033348947928186, 61.442743534982299 ], [ 26.034046256529685, 61.442888070992453 ], [ 26.034423653459907, 61.44288172253821 ], [ 26.035029860267496, 61.44310490240423 ], [ 26.035621834806442, 61.443454028173726 ], [ 26.036706774768483, 61.444775230446446 ], [ 26.03713561193954, 61.44577794515601 ], [ 26.037527452396073, 61.446031181119132 ], [ 26.041318194483129, 61.447217415807025 ], [ 26.042590616452351, 61.447797111699487 ], [ 26.046394678419574, 61.448097464865178 ], [ 26.047484952809651, 61.44842725615667 ], [ 26.048288102490186, 61.448656689482284 ], [ 26.049038273723852, 61.448757596592969 ], [ 26.051841949459497, 61.448248673904708 ], [ 26.05336336464601, 61.448238218172065 ], [ 26.055658543384638, 61.448041931759292 ], [ 26.05721827119843, 61.448154812552929 ], [ 26.058807626269317, 61.44839269177605 ], [ 26.060770890250033, 61.448567223057175 ], [ 26.06402021494344, 61.449363518517401 ], [ 26.065980347616932, 61.449555396929078 ], [ 26.067526423397204, 61.449935007009479 ], [ 26.068471209778476, 61.450260887720589 ], [ 26.069425642263496, 61.450677862246934 ], [ 26.071797902514003, 61.451175080905521 ], [ 26.072266202123405, 61.451905610083308 ], [ 26.072631191787519, 61.452217321819177 ] ] } },
{ "type": "Feature", "properties": { "seg_id": "F06-S23", "feeder_id": "F06", "ss_id": "SS-NUORAMOINEN", "parent_seg_id": "F06-S34", "from_node": "F06:438518_6812377", "to_node": "F06:437908_6812653", "downstream_tr": 5, "downstream_kp": 101 }, "geometry": { "type": "LineString", "coordinates": [ [ 25.847211671822876, 61.440322299493431 ], [ 25.84521517982169, 61.440814341888071 ], [ 25.839853131496611, 61.44203012906727 ], [ 25.839322633162173, 61.442076911373753 ], [ 25.838379200324621, 61.442148534533921 ], [ 25.836310079724811, 61.442599373076142 ], [ 25.835682492236948, 61.442703249916406 ] ] } },
{ "type": "Feature", "properties": { "seg_id": "F06-S24", "feeder_id": "F06", "ss_id": "SS-NUORAMOINEN", "parent_seg_id": "F06-S04", "from_node": "F06:436545_6814518", "to_node": "F06:433562_6813993", "downstream_tr": 3, "downstream_kp": 48 }, "geometry": { "type": "LineString", "coordinates": [ [ 25.809496682264502, 61.45921311602465 ], [ 25.802012771268608, 61.460654388766088 ], [ 25.801857954812469, 61.460689506849604 ], [ 25.798819705787782, 61.46159696080246 ], [ 25.794338331004887, 61.463418551955527 ], [ 25.791351495920569, 61.464678231110199 ], [ 25.788566932899229, 61.465688482956025 ], [ 25.786307302973587, 61.466324771825157 ], [ 25.785630028526167, 61.466484507165269 ], [ 25.784015965986605, 61.466809634712227 ], [ 25.781215838282559, 61.467215722575787 ], [ 25.773462499160452, 61.46804214636299 ], [ 25.770938817679667, 61.468527860824196 ], [ 25.769315167072115, 61.469014628893696 ], [ 25.768280814501395, 61.468255166095666 ], [ 25.76789555741767, 61.467761445933363 ], [ 25.768306323151709, 61.463806504472792 ], [ 25.768229015279793, 61.463398992907564 ], [ 25.767694081298707, 61.462997688293925 ], [ 25.764714117380962, 61.461880848439293 ], [ 25.763477876185846, 61.461233471217326 ], [ 25.762688943648438, 61.460622887698598 ], [ 25.761245701915179, 61.459086926827759 ], [ 25.759679437695464, 61.457775439969694 ], [ 25.754203970848366, 61.454148282270367 ], [ 25.753732868419704, 61.454003181389396 ] ] } },
{ "type": "Feature", "properties": { "seg_id": "F06-S25", "feeder_id": "F06", "ss_id": "SS-NUORAMOINEN", "parent_seg_id": "F06-S42", "from_node": "F06:438795_6812043", "to_node": "F06:438920_6812195", "downstream_tr": 5, "downstream_kp": 99 }, "geometry": { "type": "LineString", "coordinates": [ [ 25.852528739116895, 61.437364956585562 ], [ 25.854819550247104, 61.438750291853246 ] ] } },
{ "type": "Feature", "properties": { "seg_id": "F06-S26", "feeder_id": "F06", "ss_id": "SS-NUORAMOINEN", "parent_seg_id": "F06-S04", "from_node": "F06:436545_6814518", "to_node": "F06:435884_6814971", "downstream_tr": 1, "downstream_kp": 25 }, "geometry": { "type": "LineString", "coordinates": [ [ 25.809496682264502, 61.45921311602465 ], [ 25.809540151951825, 61.459334200649231 ], [ 25.808549927170514, 61.459776395667056 ], [ 25.805961984414868, 61.460145694809761 ], [ 25.80416298696591, 61.46050227131397 ], [ 25.803096886103127, 61.461184471248828 ], [ 25.800838617268351, 61.462164017843705 ], [ 25.798799472899134, 61.462523178854504 ], [ 25.796944151006041, 61.463171626104391 ] ] } },
{ "type": "Feature", "properties": { "seg_id": "F06-S27", "feeder_id": "F06", "ss_id": "SS-NUORAMOINEN", "parent_seg_id": "F06-S23", "from_node": "F06:437908_6812653", "to_node": "F06:436291_6813168", "downstream_tr": 1, "downstream_kp": 28 }, "geometry": { "type": "LineString", "coordinates": [ [ 25.835682492236948, 61.442703249916406 ], [ 25.833899983309756, 61.443052856664202 ], [ 25.831590143076383, 61.443530463846976 ], [ 25.830401931391375, 61.443660266894454 ], [ 25.829947962912005, 61.443765033398059 ], [ 25.828689929125201, 61.44408195973768 ], [ 25.827424647527142, 61.444513294056648 ], [ 25.8256974092773, 61.444839098790297 ], [ 25.825273395849052, 61.445010646552426 ], [ 25.822764622248304, 61.44682742374431 ], [ 25.821128068209244, 61.448397203861994 ], [ 25.820047169123896, 61.449614423157364 ], [ 25.818702200379601, 61.450370857910336 ], [ 25.81759270056784, 61.451242888547966 ], [ 25.816729155072085, 61.451697776753157 ], [ 25.815136517334103, 61.452197112953741 ], [ 25.813596081219892, 61.452644862998874 ], [ 25.812896543505655, 61.451651538854492 ], [ 25.812550971713215, 61.451582221672588 ], [ 25.811522854368789, 61.451567952597991 ], [ 25.810124897053615, 61.450567629043753 ], [ 25.807159427575701, 61.449603775098076 ], [ 25.805506400970703, 61.449303520697335 ], [ 25.803895454070837, 61.448295473448724 ], [ 25.803827460108526, 61.447735031085209 ], [ 25.804012033250782, 61.447398274593951 ], [ 25.805194571733697, 61.447055404345825 ] ] } },
{ "type": "Feature", "properties": { "seg_id": "F06-S28", "feeder_id": "F06", "ss_id": "SS-NUORAMOINEN", "parent_seg_id": "F06-S01", "from_node": "F06:438805_6811749", "to_node": "F06:438671_6811139", "downstream_tr": 2, "downstream_kp": 32 }, "geometry": { "type": "LineString", "coordinates": [ [ 25.852803345538824, 61.434729265208226 ], [ 25.853153737635363, 61.43305040020639 ], [ 25.853083920676212, 61.432744118993995 ], [ 25.851902001759765, 61.431155506099728 ], [ 25.850411498379533, 61.430290190188195 ], [ 25.850268571545154, 61.429756192618854 ], [ 25.85048813890149, 61.42923068776615 ] ] } },
{ "type": "Feature", "properties": { "seg_id": "F06-S29", "feeder_id": "F06", "ss_id": "SS-NUORAMOINEN", "parent_seg_id": "F06-S25", "from_node": "F06:438920_6812195", "to_node": "F06:439119_6814824", "downstream_tr": 4, "downstream_kp": 80 }, "geometry": { "type": "LineString", "coordinates": [ [ 25.854819550247104, 61.438750291853246 ], [ 25.853578768538426, 61.439270369893023 ], [ 25.852991329952001, 61.439545973159113 ], [ 25.853479497406976, 61.439979874669703 ], [ 25.853999166257534, 61.440204654759626 ], [ 25.855473254335664, 61.440491657908169 ], [ 25.855306875139799, 61.440872744080281 ], [ 25.856020652824867, 61.44165393453239 ], [ 25.854437971693724, 61.442122912446955 ], [ 25.853906452934304, 61.442273200594492 ], [ 25.853189206395225, 61.442464274818491 ], [ 25.854224026395205, 61.443977643919361 ], [ 25.854192025620801, 61.444646320090179 ], [ 25.854064008260814, 61.445136472392299 ], [ 25.854220891544113, 61.445611128071462 ], [ 25.854721682403852, 61.446479542767754 ], [ 25.854702067185624, 61.447470338000095 ], [ 25.854462847602314, 61.448124944628319 ], [ 25.853657506263264, 61.449043850969495 ], [ 25.853629960079537, 61.449555470204871 ], [ 25.854208929394019, 61.450114470757107 ], [ 25.856863425712106, 61.451740126596626 ], [ 25.857555009886731, 61.452340530053441 ], [ 25.857760269873694, 61.452573127120601 ], [ 25.858333235697778, 61.453296712201116 ], [ 25.860760783287056, 61.456299850277304 ], [ 25.861629940382965, 61.457656025330664 ], [ 25.861477660251257, 61.458048190351541 ], [ 25.85995007741808, 61.460094007995437 ], [ 25.857689953574688, 61.46237876969878 ] ] } },
{ "type": "Feature", "properties": { "seg_id": "F06-S30", "feeder_id": "F06", "ss_id": "SS-NUORAMOINEN", "parent_seg_id": "F06-S16", "from_node": "F06:443020_6811045", "to_node": "F06:444521_6810653", "downstream_tr": 1, "downstream_kp": 14 }, "geometry": { "type": "LineString", "coordinates": [ [ 25.932029821231662, 61.429055821238315 ], [ 25.932952992509907, 61.428737490689677 ], [ 25.933430057785131, 61.428037041314077 ], [ 25.934839081692282, 61.427582552340652 ], [ 25.935635768475642, 61.427124689402632 ], [ 25.936186890898377, 61.427061328038796 ], [ 25.936603784009751, 61.426910095637972 ], [ 25.937771676108824, 61.42706166774596 ], [ 25.938565170301537, 61.427245702353574 ], [ 25.939311213730825, 61.427582199006331 ], [ 25.940442905646819, 61.427840655482122 ], [ 25.941557350800892, 61.428426204587076 ], [ 25.942926709701641, 61.428550548659331 ], [ 25.944359495672963, 61.429018147750483 ], [ 25.944867592968645, 61.429004847107954 ], [ 25.946208473390069, 61.428772567312677 ], [ 25.946981269816948, 61.42845944312122 ], [ 25.947329750281263, 61.428408393901861 ], [ 25.948476742751332, 61.428306905155118 ], [ 25.950108395678143, 61.427994152222951 ], [ 25.951527586535406, 61.42756943790495 ], [ 25.951575291966424, 61.427543404021435 ], [ 25.952509898835807, 61.427124481200735 ], [ 25.954102328129267, 61.42674353044837 ], [ 25.954947381765166, 61.426799056523706 ], [ 25.956089538438256, 61.426762343054634 ], [ 25.956325295969254, 61.426491527774289 ], [ 25.957478253170073, 61.426089106952958 ], [ 25.958134126668288, 61.426051344583129 ], [ 25.959131297265639, 61.425812663518691 ], [ 25.960257912897418, 61.425752838516416 ] ] } },
{ "type": "Feature", "properties": { "seg_id": "F06-S31", "feeder_id": "F06", "ss_id": "SS-NUORAMOINEN", "parent_seg_id": "F06-S33", "from_node": "F06:445484_6812882", "to_node": "F06:447206_6810998", "downstream_tr": 2, "downstream_kp": 46 }, "geometry": { "type": "LineString", "coordinates": [ [ 25.977662612465004, 61.445899203506713 ], [ 25.977520693473135, 61.445391970969467 ], [ 25.97766650259242, 61.445099347017262 ], [ 25.978657766604009, 61.444218705225694 ], [ 25.980035777643966, 61.443322789770669 ], [ 25.981813389133677, 61.442498827356566 ], [ 25.98719332325804, 61.440329312582193 ], [ 25.98868745224474, 61.439726783626149 ], [ 25.992646350783073, 61.438136066977194 ], [ 25.994190161478201, 61.43751023812019 ], [ 26.005229735470319, 61.433060078204342 ], [ 26.006226932619647, 61.432463636817609 ], [ 26.00686417909267, 61.432603000659284 ], [ 26.010480871174373, 61.429222690722696 ] ] } },
{ "type": "Feature", "properties": { "seg_id": "F06-S32", "feeder_id": "F06", "ss_id": "SS-NUORAMOINEN", "parent_seg_id": "F06-S24", "from_node": "F06:433562_6813993", "to_node": "F06:431850_6812896", "downstream_tr": 2, "downstream_kp": 33 }, "geometry": { "type": "LineString", "coordinates": [ [ 25.753732868419704, 61.454003181389396 ], [ 25.748441286902516, 61.454090382381153 ], [ 25.747719456621056, 61.454005404382961 ], [ 25.746052013184574, 61.45380391928466 ], [ 25.74546701452692, 61.453720701073607 ], [ 25.743507061309042, 61.453171151249229 ], [ 25.74184495269721, 61.452902352621109 ], [ 25.739667113930945, 61.452876900660449 ], [ 25.738727887000667, 61.452731809676891 ], [ 25.737979728287538, 61.452508805109531 ], [ 25.737383207535903, 61.452202804721196 ], [ 25.73647948961883, 61.451493126560777 ], [ 25.733399192549022, 61.449728005945261 ], [ 25.732534747134778, 61.449339322650623 ], [ 25.731624850322966, 61.449122984794286 ], [ 25.73059667243065, 61.449039346329897 ], [ 25.729643240618081, 61.449221341949645 ], [ 25.728556265997739, 61.449757931776368 ], [ 25.727141529671794, 61.450278152563563 ], [ 25.726875641061248, 61.450497950178907 ], [ 25.726778760838346, 61.450882320786775 ], [ 25.72620248320225, 61.451172183740056 ], [ 25.725182850271075, 61.45150816756059 ], [ 25.72291983500298, 61.452059599004606 ], [ 25.723455065168697, 61.450943502496493 ], [ 25.723580594723078, 61.45070403638195 ], [ 25.724195140561417, 61.449383674562021 ], [ 25.724247594942874, 61.449242538631324 ], [ 25.724483899159971, 61.448361476148349 ], [ 25.724429250933241, 61.447080543582814 ], [ 25.7239917336614, 61.445931917830904 ], [ 25.723863477396623, 61.445709584513587 ], [ 25.722716896093765, 61.444389124228771 ], [ 25.722042881948504, 61.443866474973909 ] ] } },
{ "type": "Feature", "properties": { "seg_id": "F06-S33", "feeder_id": "F06", "ss_id": "SS-NUORAMOINEN", "parent_seg_id": "F06-S39", "from_node": "F06:443574_6812712", "to_node": "F06:445484_6812882", "downstream_tr": 7, "downstream_kp": 104 }, "geometry": { "type": "LineString", "coordinates": [ [ 25.941894083975217, 61.444098843994652 ], [ 25.945422314176074, 61.444904003987354 ], [ 25.946690983672859, 61.445081880103764 ], [ 25.948736505190745, 61.445134014640132 ], [ 25.95099163462957, 61.444927763581994 ], [ 25.954639396583715, 61.44453750712038 ], [ 25.956573804558928, 61.444495703038733 ], [ 25.958051112520149, 61.444589319966802 ], [ 25.96125463527817, 61.445027898210434 ], [ 25.967085440649498, 61.445795065728078 ], [ 25.972380940629535, 61.446174500184213 ], [ 25.974077477000929, 61.446170012768363 ], [ 25.97698129070778, 61.445967915250868 ], [ 25.977662612465004, 61.445899203506713 ] ] } },
{ "type": "Feature", "properties": { "seg_id": "F06-S34", "feeder_id": "F06", "ss_id": "SS-NUORAMOINEN", "parent_seg_id": "F06-S42", "from_node": "F06:438795_6812043", "to_node": "F06:438518_6812377", "downstream_tr": 6, "downstream_kp": 147 }, "geometry": { "type": "LineString", "coordinates": [ [ 25.852528739116895, 61.437364956585562 ], [ 25.852307926677828, 61.437494045669851 ], [ 25.852448383918833, 61.437873609602647 ], [ 25.85236969220669, 61.438156786588479 ], [ 25.851957432585049, 61.438456330248364 ], [ 25.851415133773287, 61.438828721545271 ], [ 25.85090830094941, 61.439247869034766 ], [ 25.850559257497764, 61.439541903927292 ], [ 25.850180300354772, 61.439868972507959 ], [ 25.849819895660982, 61.439949193777807 ], [ 25.848557957878274, 61.43982793804598 ], [ 25.84802025395032, 61.439964198644411 ], [ 25.847484614316905, 61.440215118585449 ], [ 25.847211671822876, 61.440322299493431 ] ] } },
{ "type": "Feature", "properties": { "seg_id": "F06-S35", "feeder_id": "F06", "ss_id": "SS-NUORAMOINEN", "parent_seg_id": "F06-S19", "from_node": "F06:438616_6816305", "to_node": "F06:437653_6816890", "downstream_tr": 1, "downstream_kp": 13 }, "geometry": { "type": "LineString", "coordinates": [ [ 25.847757811019274, 61.475592462331313 ], [ 25.847333986149533, 61.4760068445214 ], [ 25.846662353330949, 61.476306838191988 ], [ 25.846121800858022, 61.476403368416939 ], [ 25.84508182159701, 61.476409788687597 ], [ 25.844769168146289, 61.476482979151328 ], [ 25.84434259313408, 61.476744743406101 ], [ 25.843961186406784, 61.477221029935095 ], [ 25.84301453759295, 61.477545250283121 ], [ 25.842512990771322, 61.477813006745762 ], [ 25.842540948547413, 61.478061744524084 ], [ 25.842923663828618, 61.478442502150948 ], [ 25.84437503914307, 61.479418206122595 ], [ 25.844473768534119, 61.48026593518302 ], [ 25.842651564115386, 61.480253397799608 ], [ 25.841553036050687, 61.48044298301987 ], [ 25.839929617024453, 61.48044554666744 ], [ 25.838018407017049, 61.480580609876142 ], [ 25.836964212262085, 61.480292855307646 ], [ 25.835909864288553, 61.480147504532233 ], [ 25.834547604746831, 61.480317801878968 ], [ 25.833713990196561, 61.480345582211001 ], [ 25.833138584134637, 61.480571239174608 ], [ 25.831753968707726, 61.480763009001343 ], [ 25.830152104733656, 61.480640412822083 ], [ 25.829488154743103, 61.480684625714211 ] ] } },
{ "type": "Feature", "properties": { "seg_id": "F06-S36", "feeder_id": "F06", "ss_id": "SS-NUORAMOINEN", "parent_seg_id": "F06-S28", "from_node": "F06:438671_6811139", "to_node": "F06:437959_6810383", "downstream_tr": 1, "downstream_kp": 12 }, "geometry": { "type": "LineString", "coordinates": [ [ 25.85048813890149, 61.42923068776615 ], [ 25.850036825226052, 61.429044276689559 ], [ 25.848271735869115, 61.428826988702276 ], [ 25.847987879886055, 61.427397654568786 ], [ 25.846985266669027, 61.424616151292881 ], [ 25.846792104352684, 61.423473136859307 ], [ 25.846801183872419, 61.422414444425215 ], [ 25.847172675614114, 61.420626610940197 ], [ 25.846969999453233, 61.420591800680448 ], [ 25.84644802633002, 61.420903686165673 ], [ 25.843157306528983, 61.421719902865739 ], [ 25.842559674826298, 61.422053621661561 ], [ 25.841239843174815, 61.422562780874706 ], [ 25.840221129054431, 61.42260951331189 ], [ 25.83741317385693, 61.422334982533314 ] ] } },
{ "type": "Feature", "properties": { "seg_id": "F06-S37", "feeder_id": "F06", "ss_id": "SS-NUORAMOINEN", "parent_seg_id": "F06-S18", "from_node": "F06:439568_6816881", "to_node": "F06:440067_6816954", "downstream_tr": 1, "downstream_kp": 22 }, "geometry": { "type": "LineString", "coordinates": [ [ 25.865426679201942, 61.480906020062314 ], [ 25.866839685761036, 61.480548784561883 ], [ 25.867362944143313, 61.480078282303957 ], [ 25.86768057798842, 61.479954822348205 ], [ 25.869630981089088, 61.479717747631646 ], [ 25.871952368604433, 61.479568174882239 ], [ 25.872730753869011, 61.480808729698637 ], [ 25.87477899383957, 61.481640106262496 ] ] } },
{ "type": "Feature", "properties": { "seg_id": "F06-S38", "feeder_id": "F06", "ss_id": "SS-NUORAMOINEN", "parent_seg_id": "F06-S31", "from_node": "F06:447206_6810998", "to_node": "F06:448476_6810487", "downstream_tr": 1, "downstream_kp": 15 }, "geometry": { "type": "LineString", "coordinates": [ [ 26.010480871174373, 61.429222690722696 ], [ 26.012252026966024, 61.427822454287899 ], [ 26.012680066400396, 61.427942865408944 ], [ 26.013536436838372, 61.427991303868517 ], [ 26.014895642658772, 61.427988457176156 ], [ 26.015319514166393, 61.427963752509783 ], [ 26.016935131977114, 61.427745065376627 ], [ 26.018129924486434, 61.427401189312668 ], [ 26.018336201175778, 61.427342388738403 ], [ 26.019045424142185, 61.427258498801692 ], [ 26.019907582510328, 61.427261923001744 ], [ 26.021906615751885, 61.427256130906059 ], [ 26.02228482808006, 61.427178851415462 ], [ 26.022631466564292, 61.426922089543048 ], [ 26.022603813015138, 61.425860506503042 ], [ 26.023989422528533, 61.424215270475536 ], [ 26.024948832738865, 61.424056067479796 ], [ 26.026720579332281, 61.424259542407128 ], [ 26.027749470051525, 61.42423642064756 ], [ 26.029133179852284, 61.423905719751488 ], [ 26.030264637459531, 61.423478741901853 ], [ 26.03141270386709, 61.422084884351875 ], [ 26.031626932110505, 61.42188845121904 ], [ 26.03191704859633, 61.421792581620679 ], [ 26.033099095935924, 61.421769763437709 ], [ 26.033137192481711, 61.422520364332705 ], [ 26.033582591361469, 61.422915336468066 ], [ 26.035584350007536, 61.423369505495693 ], [ 26.036249128300959, 61.42367833461735 ], [ 26.035763767852913, 61.42402260797941 ], [ 26.035060395380444, 61.424331228382883 ], [ 26.034418300413925, 61.424805198059843 ] ] } },
{ "type": "Feature", "properties": { "seg_id": "F06-S39", "feeder_id": "F06", "ss_id": "SS-NUORAMOINEN", "parent_seg_id": "F06-S05", "from_node": "F06:441618_6811770", "to_node": "F06:443574_6812712", "downstream_tr": 8, "downstream_kp": 122 }, "geometry": { "type": "LineString", "coordinates": [ [ 25.905521349871204, 61.43535033773518 ], [ 25.908983350659888, 61.435388508726085 ], [ 25.913997320684111, 61.435674364898105 ], [ 25.916892678844199, 61.435994193063877 ], [ 25.919848315824265, 61.436425695083848 ], [ 25.923465116241058, 61.437131489462736 ], [ 25.923984021732764, 61.43724562609853 ], [ 25.926624872303531, 61.437909801875605 ], [ 25.928228659115927, 61.438408490466593 ], [ 25.930228942280316, 61.439192054071704 ], [ 25.931668337219993, 61.43990517899195 ], [ 25.934172548447648, 61.441413333091347 ], [ 25.9352756213394, 61.441984000579197 ], [ 25.937579498978675, 61.442921269503273 ], [ 25.939548422865649, 61.443534707427773 ], [ 25.941894083975217, 61.444098843994652 ] ] } },
{ "type": "Feature", "properties": { "seg_id": "F06-S40", "feeder_id": "F06", "ss_id": "SS-NUORAMOINEN", "parent_seg_id": "F06-S11", "from_node": "F06:447685_6812392", "to_node": "F06:448115_6812178", "downstream_tr": 1, "downstream_kp": 26 }, "geometry": { "type": "LineString", "coordinates": [ [ 26.019058981240178, 61.441795786598874 ], [ 26.020490102893529, 61.441069992331343 ], [ 26.020800668345906, 61.440765903590894 ], [ 26.020821534581376, 61.440575177065348 ], [ 26.020918049360109, 61.440099598822414 ], [ 26.021190696896593, 61.440036324639586 ], [ 26.022571897348559, 61.439835652253606 ], [ 26.023875096628917, 61.439966766415083 ], [ 26.024530243515937, 61.439791906838998 ], [ 26.025014579109712, 61.43957885201619 ], [ 26.025829465148369, 61.439474242275558 ], [ 26.026260146663919, 61.439573800221197 ], [ 26.026677913458496, 61.439866443731347 ], [ 26.027182114346047, 61.439939812573179 ] ] } },
{ "type": "Feature", "properties": { "seg_id": "F06-S41", "feeder_id": "F06", "ss_id": "SS-NUORAMOINEN", "parent_seg_id": "F06-S22", "from_node": "F06:450558_6813511", "to_node": "F06:450802_6813409", "downstream_tr": 1, "downstream_kp": 6 }, "geometry": { "type": "LineString", "coordinates": [ [ 26.072631191787519, 61.452217321819177 ], [ 26.077233994856485, 61.451340890612087 ] ] } },
{ "type": "Feature", "properties": { "seg_id": "F06-S42", "feeder_id": "F06", "ss_id": "SS-NUORAMOINEN", "parent_seg_id": "F06-S01", "from_node": "F06:438805_6811749", "to_node": "F06:438795_6812043", "downstream_tr": 11, "downstream_kp": 246 }, "geometry": { "type": "LineString", "coordinates": [ [ 25.852803345538824, 61.434729265208226 ], [ 25.852586396440358, 61.434825175573913 ], [ 25.851893341987747, 61.435585166766472 ], [ 25.85142890845761, 61.435983318518772 ], [ 25.850470102140385, 61.436051068929864 ], [ 25.852528739116895, 61.437364956585562 ] ] } },
{ "type": "Feature", "properties": { "seg_id": "F06-S43", "feeder_id": "F06", "ss_id": "SS-NUORAMOINEN", "parent_seg_id": "F06-S22", "from_node": "F06:450558_6813511", "to_node": "F06:452701_6814187", "downstream_tr": 2, "downstream_kp": 17 }, "geometry": { "type": "LineString", "coordinates": [ [ 26.072631191787519, 61.452217321819177 ], [ 26.074212236939601, 61.454816277431966 ], [ 26.07462143995722, 61.455136829905413 ], [ 26.076124198107436, 61.455926033301495 ], [ 26.076515223332169, 61.456070812390969 ], [ 26.07782378599407, 61.456321736520238 ], [ 26.083771554194655, 61.458030032755126 ], [ 26.087443191697915, 61.459059027570667 ], [ 26.088300693086158, 61.459178013944658 ], [ 26.091525668647389, 61.458795686291325 ], [ 26.093780908144669, 61.458759437053033 ], [ 26.094523350129734, 61.458914311774421 ], [ 26.095561125304194, 61.459306220915273 ], [ 26.096765611031152, 61.459405710697034 ], [ 26.097923146906773, 61.459286977382753 ], [ 26.098970364085865, 61.458918377309907 ], [ 26.100443483782087, 61.45888348840402 ], [ 26.102957338831843, 61.458326586878357 ], [ 26.104699265294485, 61.458071612504071 ], [ 26.111322890538641, 61.458492826442473 ], [ 26.112639526622672, 61.458556780114996 ] ] } }
]
}
