{
"type": "FeatureCollection",
"name": "kayttopaikat",
"crs": { "type": "name", "properties": { "name": "urn:ogc:def:crs:OGC:1.3:CRS84" } },
"features": [
{ "type": "Feature", "properties": { "kp_id": "KP-00001", "tr_id": "TR-101" }, "geometry": { "type": "Point", "coordinates": [ 25.787321689387102, 61.418491336651414 ] } },
{ "type": "Feature", "properties": { "kp_id": "KP-00002", "tr_id": "TR-073" }, "geometry": { "type": "Point", "coordinates": [ 26.001937869022161, 61.420418204238807 ] } },
{ "type": "Feature", "properties": { "kp_id": "KP-00003", "tr_id": "TR-101" }, "geometry": { "type": "Point", "coordinates": [ 25.798706208536277, 61.418803889628251 ] } },
{ "type": "Feature", "properties": { "kp_id": "KP-00004", "tr_id": "TR-037" }, "geometry": { "type": "Point", "coordinates": [ 26.166297483372738, 61.421602832216898 ] } },
{ "type": "Feature", "properties": { "kp_id": "KP-00005", "tr_id": "TR-006" }, "geometry": { "type": "Point", "coordinates": [ 26.031738718287691, 61.420899331138301 ] } },
{ "type": "Feature", "properties": { "kp_id": "KP-00006", "tr_id": "TR-101" }, "geometry": { "type": "Point", "coordinates": [ 25.814172960580247, 61.419190291957314 ] } },
{ "type": "Feature", "properties": { "kp_id": "KP-00007", "tr_id": "TR-073" }, "geometry": { "type": "Point", "coordinates": [ 26.006361256860163, 61.420750828389409 ] } },
{ "type": "Feature", "properties": { "kp_id": "KP-00008", "tr_id": "TR-090" }, "geometry": { "type": "Point", "coordinates": [ 25.738678970903301, 61.41854827036714 ] } },
{ "type": "Feature", "properties": { "kp_id": "KP-00009", "tr_id": "TR-144" }, "geometry": { "type": "Point", "coordinates": [ 25.67534967577209, 61.417979118298412 ] } },
{ "type": "Feature", "properties": { "kp_id": "KP-00010", "tr_id": "TR-081" }, "geometry": { "type": "Point", "coordinates": [ 25.97314781850201, 61.420655934852391 ] } },
{ "type": "Feature", "properties": { "kp_id": "KP-00011", "tr_id": "TR-141" }, "geometry": { "type": "Point", "coordinates": [ 25.642959376696886, 61.417866978328831 ] } },
{ "type": "Feature", "properties": { "kp_id": "KP-00012", "tr_id": "TR-144" }, "geometry": { "type": "Point", "coordinates": [ 25.665338941784317, 61.418160727854506 ] } },
{ "type": "Feature", "properties": { "kp_id": "KP-00013", "tr_id": "TR-144" }, "geometry": { "type": "Point", "coordinates": [ 25.677545936916871, 61.418366561726337 ] } },
{ "type": "Feature", "properties": { "kp_id": "KP-00014", "tr_id": "TR-037" }, "geometry": { "type": "Point", "coordinates": [ 26.168405872128716, 61.422251504560869 ] } },
{ "type": "Feature", "properties": { "kp_id": "KP-00015", "tr_id": "TR-090" }, "geometry": { "type": "Point", "coordinates": [ 25.72228431932815, 61.418891555154126 ] } },
{ "type": "Feature", "properties": { "kp_id": "KP-00016", "tr_id": "TR-101" }, "geometry": { "type": "Point", "coordinates": [ 25.797930735149151, 61.419622568733942 ] } },
{ "type": "Feature", "properties": { "kp_id": "KP-00017", "tr_id": "TR-031" }, "geometry": { "type": "Point", "coordinates": [ 25.868549483272936, 61.420266047586317 ] } },
{ "type": "Feature", "properties": { "kp_id": "KP-00018", "tr_id": "TR-144" }, "geometry": { "type": "Point", "coordinates": [ 25.686572249634786, 61.418641602642488 ] } },
{ "type": "Feature", "properties": { "kp_id": "KP-00019", "tr_id": "TR-141" }, "geometry": { "type": "Point", "coordinates": [ 25.620031725339448, 61.418055628997948 ] } },
{ "type": "Feature", "properties": { "kp_id": "KP-00020", "tr_id": "TR-112" }, "geometry": { "type": "Point", "coordinates": [ 26.110327738991536, 61.422159449865283 ] } },
{ "type": "Feature", "properties": { "kp_id": "KP-00021", "tr_id": "TR-081" }, "geometry": { "type": "Point", "coordinates": [ 25.971633988518633, 61.421193171839754 ] } },
{ "type": "Feature", "properties": { "kp_id": "KP-00022", "tr_id": "TR-031" }, "geometry": { "type": "Point", "coordinates": [ 25.833782259421994, 61.420107044553085 ] } },
{ "type": "Feature", "properties": { "kp_id": "KP-00023", "tr_id": "TR-101" }, "geometry": { "type": "Point", "coordinates": [ 25.791329101692821, 61.419740091178056 ] } },
{ "type": "Feature", "properties": { "kp_id": "KP-00024", "tr_id": "TR-031" }, "geometry": { "type": "Point", "coordinates": [ 25.889880878174512, 61.420603035377376 ] } },
{ "type": "Feature", "properties": { "kp_id": "KP-00025", "tr_id": "TR-006" }, "geometry": { "type": "Point", "coordinates": [ 26.030517832363294, 61.421706037051209 ] } },
{ "type": "Feature", "properties": { "kp_id": "KP-00026", "tr_id": "TR-037" }, "geometry": { "type": "Point", "coordinates": [ 26.163709480709379, 61.422622377004132 ] } },
{ "type": "Feature", "properties": { "kp_id": "KP-00027", "tr_id": "TR-144" }, "geometry": { "type": "Point", "coordinates": [ 25.675027336069132, 61.418749051498686 ] } },
{ "type": "Feature", "properties": { "kp_id": "KP-00028", "tr_id": "TR-006" }, "geometry": { "type": "Point", "coordinates": [ 26.041275620718821, 61.421986911446901 ] } },
{ "type": "Feature", "properties": { "kp_id": "KP-00029", "tr_id": "TR-090" }, "geometry": { "type": "Point", "coordinates": [ 25.717032066302554, 61.419359394213807 ] } },
{ "type": "Feature", "properties": { "kp_id": "KP-00030", "tr_id": "TR-144" }, "geometry": { "type": "Point", "coordinates": [ 25.685158032826752, 61.419122675799905 ] } },
{ "type": "Feature", "properties": { "kp_id": "KP-00031", "tr_id": "TR-006" }, "geometry": { "type": "Point", "coordinates": [ 26.05317573322731, 61.42234922845536 ] } },
{ "type": "Feature", "properties": { "kp_id": "KP-00032", "tr_id": "TR-090" }, "geometry": { "type": "Point", "coordinates": [ 25.719519549133167, 61.419636458036678 ] } },
{ "type": "Feature", "properties": { "kp_id": "KP-00033", "tr_id": "TR-101" }, "geometry": { "type": "Point", "coordinates": [ 25.792921043150702, 61.420333058110685 ] } },
{ "type": "Feature", "properties": { "kp_id": "KP-00034", "tr_id": "TR-068" }, "geometry": { "type": "Point", "coordinates": [ 25.609255300156203, 61.418624883458818 ] } },
{ "type": "Feature", "properties": { "kp_id": "KP-00035", "tr_id": "TR-141" }, "geometry": { "type": "Point", "coordinates": [ 25.639426099334752, 61.418961181674909 ] } },
{ "type": "Feature", "properties": { "kp_id": "KP-00036", "tr_id": "TR-068" }, "geometry": { "type": "Point", "coordinates": [ 25.606768371009437, 61.418666896342359 ] } },
{ "type": "Feature", "properties": { "kp_id": "KP-00037", "tr_id": "TR-101" }, "geometry": { "type": "Point", "coordinates": [ 25.802637971529848, 61.420553439447289 ] } },
{ "type": "Feature", "properties": { "kp_id": "KP-00038", "tr_id": "TR-073" }, "geometry": { "type": "Point", "coordinates": [ 26.012118405989746, 61.422336303522926 ] } },
{ "type": "Feature", "properties": { "kp_id": "KP-00039", "tr_id": "TR-071" }, "geometry": { "type": "Point", "coordinates": [ 25.532576067534187, 61.418050020453279 ] } },
{ "type": "Feature", "properties": { "kp_id": "KP-00040", "tr_id": "TR-073" }, "geometry": { "type": "Point", "coordinates": [ 26.009937365660139, 61.422384025337742 ] } },
{ "type": "Feature", "properties": { "kp_id": "KP-00041", "tr_id": "TR-031" }, "geometry": { "type": "Point", "coordinates": [ 25.845778759701417, 61.421290197988597 ] } },
{ "type": "Feature", "properties": { "kp_id": "KP-00042", "tr_id": "TR-001" }, "geometry": { "type": "Point", "coordinates": [ 25.762216288234729, 61.420590988638018 ] } },
{ "type": "Feature", "properties": { "kp_id": "KP-00043", "tr_id": "TR-068" }, "geometry": { "type": "Point", "coordinates": [ 25.611651773764745, 61.419181418393627 ] } },
{ "type": "Feature", "properties": { "kp_id": "KP-00044", "tr_id": "TR-141" }, "geometry": { "type": "Point", "coordinates": [ 25.65391205123683, 61.419717889030082 ] } },
{ "type": "Feature", "properties": { "kp_id": "KP-00045", "tr_id": "TR-071" }, "geometry": { "type": "Point", "coordinates": [ 25.530354322710675, 61.418467839929868 ] } },
{ "type": "Feature", "properties": { "kp_id": "KP-00046", "tr_id": "TR-141" }, "geometry": { "type": "Point", "coordinates": [ 25.627496991062085, 61.41961226951635 ] } },
{ "type": "Feature", "properties": { "kp_id": "KP-00047", "tr_id": "TR-073" }, "geometry": { "type": "Point", "coordinates": [ 25.999297630369259, 61.422877706376894 ] } },
{ "type": "Feature", "properties": { "kp_id": "KP-00048", "tr_id": "TR-031" }, "geometry": { "type": "Point", "coordinates": [ 25.847992411684835, 61.421762012487036 ] } },
{ "type": "Feature", "properties": { "kp_id": "KP-00049", "tr_id": "TR-031" }, "geometry": { "type": "Point", "coordinates": [ 25.868146928316992, 61.421957289380302 ] } },
{ "type": "Feature", "properties": { "kp_id": "KP-00050", "tr_id": "TR-141" }, "geometry": { "type": "Point", "coordinates": [ 25.636788552598595, 61.419902976047617 ] } },
{ "type": "Feature", "properties": { "kp_id": "KP-00051", "tr_id": "TR-090" }, "geometry": { "type": "Point", "coordinates": [ 25.703107568687255, 61.420587582017525 ] } },
{ "type": "Feature", "properties": { "kp_id": "KP-00052", "tr_id": "TR-119" }, "geometry": { "type": "Point", "coordinates": [ 25.892281385530087, 61.42229225673271 ] } },
{ "type": "Feature", "properties": { "kp_id": "KP-00053", "tr_id": "TR-073" }, "geometry": { "type": "Point", "coordinates": [ 26.010504530356219, 61.423415300759196 ] } },
{ "type": "Feature", "properties": { "kp_id": "KP-00054", "tr_id": "TR-006" }, "geometry": { "type": "Point", "coordinates": [ 26.037856534572764, 61.423649716557946 ] } },
{ "type": "Feature", "properties": { "kp_id": "KP-00055", "tr_id": "TR-112" }, "geometry": { "type": "Point", "coordinates": [ 26.087855450527737, 61.424021167447847 ] } },
{ "type": "Feature", "properties": { "kp_id": "KP-00056", "tr_id": "TR-031" }, "geometry": { "type": "Point", "coordinates": [ 25.836921163255219, 61.422184781289815 ] } },
{ "type": "Feature", "properties": { "kp_id": "KP-00057", "tr_id": "TR-144" }, "geometry": { "type": "Point", "coordinates": [ 25.686067728169778, 61.420901935131454 ] } },
{ "type": "Feature", "properties": { "kp_id": "KP-00058", "tr_id": "TR-031" }, "geometry": { "type": "Point", "coordinates": [ 25.849413764686311, 61.422457487253567 ] } },
{ "type": "Feature", "properties": { "kp_id": "KP-00059", "tr_id": "TR-141" }, "geometry": { "type": "Point", "coordinates": [ 25.654931742023312, 61.420780304553404 ] } },
{ "type": "Feature", "properties": { "kp_id": "KP-00060", "tr_id": "TR-141" }, "geometry": { "type": "Point", "coordinates": [ 25.633861047342002, 61.420580528462509 ] } },
{ "type": "Feature", "properties": { "kp_id": "KP-00061", "tr_id": "TR-073" }, "geometry": { "type": "Point", "coordinates": [ 26.011915903510065, 61.423948182789843 ] } },
{ "type": "Feature", "properties": { "kp_id": "KP-00062", "tr_id": "TR-006" }, "geometry": { "type": "Point", "coordinates": [ 26.053856520155605, 61.424277528480722 ] } },
{ "type": "Feature", "properties": { "kp_id": "KP-00063", "tr_id": "TR-112" }, "geometry": { "type": "Point", "coordinates": [ 26.115882160598527, 61.424723079132093 ] } },
{ "type": "Feature", "properties": { "kp_id": "KP-00064", "tr_id": "TR-068" }, "geometry": { "type": "Point", "coordinates": [ 25.589457126138605, 61.42038148907664 ] } },
{ "type": "Feature", "properties": { "kp_id": "KP-00065", "tr_id": "TR-144" }, "geometry": { "type": "Point", "coordinates": [ 25.693483485491186, 61.421442717625062 ] } },
{ "type": "Feature", "properties": { "kp_id": "KP-00066", "tr_id": "TR-068" }, "geometry": { "type": "Point", "coordinates": [ 25.593609742874982, 61.420841354067271 ] } },
{ "type": "Feature", "properties": { "kp_id": "KP-00067", "tr_id": "TR-031" }, "geometry": { "type": "Point", "coordinates": [ 25.86450029573254, 61.423424600394959 ] } },
{ "type": "Feature", "properties": { "kp_id": "KP-00068", "tr_id": "TR-071" }, "geometry": { "type": "Point", "coordinates": [ 25.530321103734078, 61.420279959211129 ] } },
{ "type": "Feature", "properties": { "kp_id": "KP-00069", "tr_id": "TR-081" }, "geometry": { "type": "Point", "coordinates": [ 25.974140694127176, 61.424362115316306 ] } },
{ "type": "Feature", "properties": { "kp_id": "KP-00070", "tr_id": "TR-006" }, "geometry": { "type": "Point", "coordinates": [ 26.035590615402885, 61.424884746858211 ] } },
{ "type": "Feature", "properties": { "kp_id": "KP-00071", "tr_id": "TR-037" }, "geometry": { "type": "Point", "coordinates": [ 26.151772749483644, 61.425785551294268 ] } },
{ "type": "Feature", "properties": { "kp_id": "KP-00072", "tr_id": "TR-101" }, "geometry": { "type": "Point", "coordinates": [ 25.825841543328977, 61.423376871922578 ] } },
{ "type": "Feature", "properties": { "kp_id": "KP-00073", "tr_id": "TR-068" }, "geometry": { "type": "Point", "coordinates": [ 25.583887599901715, 61.421093488770438 ] } },
{ "type": "Feature", "properties": { "kp_id": "KP-00074", "tr_id": "TR-001" }, "geometry": { "type": "Point", "coordinates": [ 25.764590732052103, 61.422930647526513 ] } },
{ "type": "Feature", "properties": { "kp_id": "KP-00075", "tr_id": "TR-068" }, "geometry": { "type": "Point", "coordinates": [ 25.596960199877667, 61.421315175131966 ] } },
{ "type": "Feature", "properties": { "kp_id": "KP-00076", "tr_id": "TR-144" }, "geometry": { "type": "Point", "coordinates": [ 25.677896619021897, 61.422346951660849 ] } },
{ "type": "Feature", "properties": { "kp_id": "KP-00077", "tr_id": "TR-101" }, "geometry": { "type": "Point", "coordinates": [ 25.818241504950855, 61.423859234554165 ] } },
{ "type": "Feature", "properties": { "kp_id": "KP-00078", "tr_id": "TR-037" }, "geometry": { "type": "Point", "coordinates": [ 26.14831306511314, 61.426358758376288 ] } },
{ "type": "Feature", "properties": { "kp_id": "KP-00079", "tr_id": "TR-090" }, "geometry": { "type": "Point", "coordinates": [ 25.742060152285497, 61.423235906493019 ] } },
{ "type": "Feature", "properties": { "kp_id": "KP-00080", "tr_id": "TR-006" }, "geometry": { "type": "Point", "coordinates": [ 26.046894592535171, 61.425724775632553 ] } },
{ "type": "Feature", "properties": { "kp_id": "KP-00081", "tr_id": "TR-031" }, "geometry": { "type": "Point", "coordinates": [ 25.84399295691782, 61.424175087789777 ] } },
{ "type": "Feature", "properties": { "kp_id": "KP-00082", "tr_id": "TR-144" }, "geometry": { "type": "Point", "coordinates": [ 25.68649200207394, 61.422773185420773 ] } },
{ "type": "Feature", "properties": { "kp_id": "KP-00083", "tr_id": "TR-081" }, "geometry": { "type": "Point", "coordinates": [ 25.970670215442311, 61.425556301034518 ] } },
{ "type": "Feature", "properties": { "kp_id": "KP-00084", "tr_id": "TR-144" }, "geometry": { "type": "Point", "coordinates": [ 25.663622655107478, 61.422931033085042 ] } },
{ "type": "Feature", "properties": { "kp_id": "KP-00085", "tr_id": "TR-081" }, "geometry": { "type": "Point", "coordinates": [ 25.96335945147705, 61.425558033785343 ] } },
{ "type": "Feature", "properties": { "kp_id": "KP-00086", "tr_id": "TR-018" }, "geometry": { "type": "Point", "coordinates": [ 25.918032190271717, 61.425349646267875 ] } },
{ "type": "Feature", "properties": { "kp_id": "KP-00087", "tr_id": "TR-144" }, "geometry": { "type": "Point", "coordinates": [ 25.696677551015917, 61.423420835295104 ] } },
{ "type": "Feature", "properties": { "kp_id": "KP-00088", "tr_id": "TR-037" }, "geometry": { "type": "Point", "coordinates": [ 26.147340823627889, 61.427040232793544 ] } },
{ "type": "Feature", "properties": { "kp_id": "KP-00089", "tr_id": "TR-144" }, "geometry": { "type": "Point", "coordinates": [ 25.682308660267843, 61.42334754624585 ] } },
{ "type": "Feature", "properties": { "kp_id": "KP-00090", "tr_id": "TR-101" }, "geometry": { "type": "Point", "coordinates": [ 25.804925447378938, 61.42452208413259 ] } },
{ "type": "Feature", "properties": { "kp_id": "KP-00091", "tr_id": "TR-144" }, "geometry": { "type": "Point", "coordinates": [ 25.679579258637308, 61.423497170576667 ] } },
{ "type": "Feature", "properties": { "kp_id": "KP-00092", "tr_id": "TR-081" }, "geometry": { "type": "Point", "coordinates": [ 25.968242196205725, 61.426025926853626 ] } },
{ "type": "Feature", "properties": { "kp_id": "KP-00093", "tr_id": "TR-081" }, "geometry": { "type": "Point", "coordinates": [ 25.966668150281656, 61.426099743278243 ] } },
{ "type": "Feature", "properties": { "kp_id": "KP-00094", "tr_id": "TR-081" }, "geometry": { "type": "Point", "coordinates": [ 25.969831286979897, 61.42612435264919 ] } },
{ "type": "Feature", "properties": { "kp_id": "KP-00095", "tr_id": "TR-144" }, "geometry": { "type": "Point", "coordinates": [ 25.694929630935817, 61.423775788952412 ] } },
{ "type": "Feature", "properties": { "kp_id": "KP-00096", "tr_id": "TR-073" }, "geometry": { "type": "Point", "coordinates": [ 26.016865935286454, 61.426498396820378 ] } },
{ "type": "Feature", "properties": { "kp_id": "KP-00097", "tr_id": "TR-081" }, "geometry": { "type": "Point", "coordinates": [ 25.961167836375981, 61.426134937855018 ] } },
{ "type": "Feature", "properties": { "kp_id": "KP-00098", "tr_id": "TR-006" }, "geometry": { "type": "Point", "coordinates": [ 26.03055703240857, 61.426696460914911 ] } },
{ "type": "Feature", "properties": { "kp_id": "KP-00099", "tr_id": "TR-006" }, "geometry": { "type": "Point", "coordinates": [ 26.032160519583712, 61.426726810510978 ] } },
{ "type": "Feature", "properties": { "kp_id": "KP-00100", "tr_id": "TR-031" }, "geometry": { "type": "Point", "coordinates": [ 25.853602462952338, 61.425407829391759 ] } },
{ "type": "Feature", "properties": { "kp_id": "KP-00101", "tr_id": "TR-073" }, "geometry": { "type": "Point", "coordinates": [ 25.996694779011733, 61.426755690361631 ] } },
{ "type": "Feature", "properties": { "kp_id": "KP-00102", "tr_id": "TR-144" }, "geometry": { "type": "Point", "coordinates": [ 25.683761239240624, 61.424120560435647 ] } },
{ "type": "Feature", "properties": { "kp_id": "KP-00103", "tr_id": "TR-006" }, "geometry": { "type": "Point", "coordinates": [ 26.043392276575283, 61.427122663414856 ] } },
{ "type": "Feature", "properties": { "kp_id": "KP-00104", "tr_id": "TR-071" }, "geometry": { "type": "Point", "coordinates": [ 25.521358336253705, 61.422568805588085 ] } },
{ "type": "Feature", "properties": { "kp_id": "KP-00105", "tr_id": "TR-081" }, "geometry": { "type": "Point", "coordinates": [ 25.958605471463926, 61.426711910969836 ] } },
{ "type": "Feature", "properties": { "kp_id": "KP-00106", "tr_id": "TR-018" }, "geometry": { "type": "Point", "coordinates": [ 25.915198692218837, 61.426420797278944 ] } },
{ "type": "Feature", "properties": { "kp_id": "KP-00107", "tr_id": "TR-101" }, "geometry": { "type": "Point", "coordinates": [ 25.820989064548861, 61.425715617749873 ] } },
{ "type": "Feature", "properties": { "kp_id": "KP-00108", "tr_id": "TR-031" }, "geometry": { "type": "Point", "coordinates": [ 25.859392141319116, 61.426050942151328 ] } },
{ "type": "Feature", "properties": { "kp_id": "KP-00109", "tr_id": "TR-031" }, "geometry": { "type": "Point", "coordinates": [ 25.856954349906005, 61.426201864460779 ] } },
{ "type": "Feature", "properties": { "kp_id": "KP-00110", "tr_id": "TR-073" }, "geometry": { "type": "Point", "coordinates": [ 26.016916833463299, 61.427457298931614 ] } },
{ "type": "Feature", "properties": { "kp_id": "KP-00111", "tr_id": "TR-101" }, "geometry": { "type": "Point", "coordinates": [ 25.808845332118992, 61.425827118651988 ] } },
{ "type": "Feature", "properties": { "kp_id": "KP-00112", "tr_id": "TR-031" }, "geometry": { "type": "Point", "coordinates": [ 25.871400003908004, 61.426370382443643 ] } },
{ "type": "Feature", "properties": { "kp_id": "KP-00113", "tr_id": "TR-006" }, "geometry": { "type": "Point", "coordinates": [ 26.029977532742087, 61.427704246917337 ] } },
{ "type": "Feature", "properties": { "kp_id": "KP-00114", "tr_id": "TR-090" }, "geometry": { "type": "Point", "coordinates": [ 25.703256691779213, 61.424990569717792 ] } },
{ "type": "Feature", "properties": { "kp_id": "KP-00115", "tr_id": "TR-018" }, "geometry": { "type": "Point", "coordinates": [ 25.919725291560432, 61.427049577722919 ] } },
{ "type": "Feature", "properties": { "kp_id": "KP-00116", "tr_id": "TR-037" }, "geometry": { "type": "Point", "coordinates": [ 26.140699598793919, 61.428682199871631 ] } },
{ "type": "Feature", "properties": { "kp_id": "KP-00117", "tr_id": "TR-073" }, "geometry": { "type": "Point", "coordinates": [ 26.017573312682703, 61.427885455480776 ] } },
{ "type": "Feature", "properties": { "kp_id": "KP-00118", "tr_id": "TR-018" }, "geometry": { "type": "Point", "coordinates": [ 25.919981742973604, 61.427194384935405 ] } },
{ "type": "Feature", "properties": { "kp_id": "KP-00119", "tr_id": "TR-018" }, "geometry": { "type": "Point", "coordinates": [ 25.937998976791842, 61.42742436931497 ] } },
{ "type": "Feature", "properties": { "kp_id": "KP-00120", "tr_id": "TR-073" }, "geometry": { "type": "Point", "coordinates": [ 26.014119248896179, 61.428127597614008 ] } },
{ "type": "Feature", "properties": { "kp_id": "KP-00121", "tr_id": "TR-081" }, "geometry": { "type": "Point", "coordinates": [ 25.956352621448499, 61.427771300496502 ] } },
{ "type": "Feature", "properties": { "kp_id": "KP-00122", "tr_id": "TR-144" }, "geometry": { "type": "Point", "coordinates": [ 25.685632963368089, 61.425626597097583 ] } },
{ "type": "Feature", "properties": { "kp_id": "KP-00123", "tr_id": "TR-031" }, "geometry": { "type": "Point", "coordinates": [ 25.857015616653342, 61.427202448840383 ] } },
{ "type": "Feature", "properties": { "kp_id": "KP-00124", "tr_id": "TR-144" }, "geometry": { "type": "Point", "coordinates": [ 25.661894453051644, 61.425600714092894 ] } },
{ "type": "Feature", "properties": { "kp_id": "KP-00125", "tr_id": "TR-068" }, "geometry": { "type": "Point", "coordinates": [ 25.618852745693342, 61.425395009389398 ] } },
{ "type": "Feature", "properties": { "kp_id": "KP-00126", "tr_id": "TR-081" }, "geometry": { "type": "Point", "coordinates": [ 25.954264361061895, 61.428585254446091 ] } },
{ "type": "Feature", "properties": { "kp_id": "KP-00127", "tr_id": "TR-073" }, "geometry": { "type": "Point", "coordinates": [ 26.019127743126852, 61.42912884574254 ] } },
{ "type": "Feature", "properties": { "kp_id": "KP-00128", "tr_id": "TR-037" }, "geometry": { "type": "Point", "coordinates": [ 26.138703229057796, 61.429962996312163 ] } },
{ "type": "Feature", "properties": { "kp_id": "KP-00129", "tr_id": "TR-006" }, "geometry": { "type": "Point", "coordinates": [ 26.029393138685752, 61.429495022798605 ] } },
{ "type": "Feature", "properties": { "kp_id": "KP-00130", "tr_id": "TR-073" }, "geometry": { "type": "Point", "coordinates": [ 26.011685118821887, 61.429388354343921 ] } },
{ "type": "Feature", "properties": { "kp_id": "KP-00131", "tr_id": "TR-031" }, "geometry": { "type": "Point", "coordinates": [ 25.859590334119332, 61.42821856235453 ] } },
{ "type": "Feature", "properties": { "kp_id": "KP-00132", "tr_id": "TR-144" }, "geometry": { "type": "Point", "coordinates": [ 25.685437010816919, 61.426669663308822 ] } },
{ "type": "Feature", "properties": { "kp_id": "KP-00133", "tr_id": "TR-006" }, "geometry": { "type": "Point", "coordinates": [ 26.024904472533297, 61.429750796499157 ] } },
{ "type": "Feature", "properties": { "kp_id": "KP-00134", "tr_id": "TR-073" }, "geometry": { "type": "Point", "coordinates": [ 26.021268565842444, 61.429781987382881 ] } },
{ "type": "Feature", "properties": { "kp_id": "KP-00135", "tr_id": "TR-073" }, "geometry": { "type": "Point", "coordinates": [ 26.015944278338662, 61.429801467142717 ] } },
{ "type": "Feature", "properties": { "kp_id": "KP-00136", "tr_id": "TR-068" }, "geometry": { "type": "Point", "coordinates": [ 25.589153293537127, 61.42621668327012 ] } },
{ "type": "Feature", "properties": { "kp_id": "KP-00137", "tr_id": "TR-073" }, "geometry": { "type": "Point", "coordinates": [ 26.01950116985029, 61.430002799301981 ] } },
{ "type": "Feature", "properties": { "kp_id": "KP-00138", "tr_id": "TR-073" }, "geometry": { "type": "Point", "coordinates": [ 25.990591083987887, 61.429820917276189 ] } },
{ "type": "Feature", "properties": { "kp_id": "KP-00139", "tr_id": "TR-081" }, "geometry": { "type": "Point", "coordinates": [ 25.951369596007265, 61.429671789440519 ] } },
{ "type": "Feature", "properties": { "kp_id": "KP-00140", "tr_id": "TR-031" }, "geometry": { "type": "Point", "coordinates": [ 25.852789846703033, 61.429102258398679 ] } },
{ "type": "Feature", "properties": { "kp_id": "KP-00141", "tr_id": "TR-031" }, "geometry": { "type": "Point", "coordinates": [ 25.849807634296674, 61.429227383388543 ] } },
{ "type": "Feature", "properties": { "kp_id": "KP-00142", "tr_id": "TR-071" }, "geometry": { "type": "Point", "coordinates": [ 25.52139038274268, 61.42607142624113 ] } },
{ "type": "Feature", "properties": { "kp_id": "KP-00143", "tr_id": "TR-001" }, "geometry": { "type": "Point", "coordinates": [ 25.74178380016518, 61.428339631491355 ] } },
{ "type": "Feature", "properties": { "kp_id": "KP-00144", "tr_id": "TR-144" }, "geometry": { "type": "Point", "coordinates": [ 25.66961524253589, 61.427656000954691 ] } },
{ "type": "Feature", "properties": { "kp_id": "KP-00145", "tr_id": "TR-073" }, "geometry": { "type": "Point", "coordinates": [ 26.01051630313459, 61.430659155658589 ] } },
{ "type": "Feature", "properties": { "kp_id": "KP-00146", "tr_id": "TR-018" }, "geometry": { "type": "Point", "coordinates": [ 25.941878999098584, 61.430155543427432 ] } },
{ "type": "Feature", "properties": { "kp_id": "KP-00147", "tr_id": "TR-144" }, "geometry": { "type": "Point", "coordinates": [ 25.691304925971448, 61.428009607228219 ] } },
{ "type": "Feature", "properties": { "kp_id": "KP-00148", "tr_id": "TR-018" }, "geometry": { "type": "Point", "coordinates": [ 25.944701645015488, 61.43030145567095 ] } },
{ "type": "Feature", "properties": { "kp_id": "KP-00149", "tr_id": "TR-081" }, "geometry": { "type": "Point", "coordinates": [ 25.949341486745617, 61.430418664977097 ] } },
{ "type": "Feature", "properties": { "kp_id": "KP-00150", "tr_id": "TR-018" }, "geometry": { "type": "Point", "coordinates": [ 25.940576185131803, 61.430560413928234 ] } },
{ "type": "Feature", "properties": { "kp_id": "KP-00151", "tr_id": "TR-018" }, "geometry": { "type": "Point", "coordinates": [ 25.947257221142067, 61.430628809803821 ] } },
{ "type": "Feature", "properties": { "kp_id": "KP-00152", "tr_id": "TR-031" }, "geometry": { "type": "Point", "coordinates": [ 25.861340486458182, 61.429986491024941 ] } },
{ "type": "Feature", "properties": { "kp_id": "KP-00153", "tr_id": "TR-073" }, "geometry": { "type": "Point", "coordinates": [ 25.99045669414733, 61.431100428147552 ] } },
{ "type": "Feature", "properties": { "kp_id": "KP-00154", "tr_id": "TR-144" }, "geometry": { "type": "Point", "coordinates": [ 25.686228294073604, 61.428556470097568 ] } },
{ "type": "Feature", "properties": { "kp_id": "KP-00155", "tr_id": "TR-018" }, "geometry": { "type": "Point", "coordinates": [ 25.926375872413395, 61.430671372760479 ] } },
{ "type": "Feature", "properties": { "kp_id": "KP-00156", "tr_id": "TR-006" }, "geometry": { "type": "Point", "coordinates": [ 26.037569742986094, 61.431785158626177 ] } },
{ "type": "Feature", "properties": { "kp_id": "KP-00157", "tr_id": "TR-018" }, "geometry": { "type": "Point", "coordinates": [ 25.942454447560817, 61.431092059274881 ] } },
{ "type": "Feature", "properties": { "kp_id": "KP-00158", "tr_id": "TR-121" }, "geometry": { "type": "Point", "coordinates": [ 25.86568786490653, 61.430501980589185 ] } },
{ "type": "Feature", "properties": { "kp_id": "KP-00159", "tr_id": "TR-073" }, "geometry": { "type": "Point", "coordinates": [ 25.989138396979936, 61.431583293120475 ] } },
{ "type": "Feature", "properties": { "kp_id": "KP-00160", "tr_id": "TR-144" }, "geometry": { "type": "Point", "coordinates": [ 25.686923397708423, 61.429291558767609 ] } },
{ "type": "Feature", "properties": { "kp_id": "KP-00161", "tr_id": "TR-121" }, "geometry": { "type": "Point", "coordinates": [ 25.871153095040917, 61.430967585296003 ] } },
{ "type": "Feature", "properties": { "kp_id": "KP-00162", "tr_id": "TR-001" }, "geometry": { "type": "Point", "coordinates": [ 25.742788116385995, 61.42988274281339 ] } },
{ "type": "Feature", "properties": { "kp_id": "KP-00163", "tr_id": "TR-031" }, "geometry": { "type": "Point", "coordinates": [ 25.830701890202427, 61.430827845088935 ] } },
{ "type": "Feature", "properties": { "kp_id": "KP-00164", "tr_id": "TR-071" }, "geometry": { "type": "Point", "coordinates": [ 25.518222810884396, 61.427909487225456 ] } },
{ "type": "Feature", "properties": { "kp_id": "KP-00165", "tr_id": "TR-073" }, "geometry": { "type": "Point", "coordinates": [ 25.99048274257542, 61.432235756592746 ] } },
{ "type": "Feature", "properties": { "kp_id": "KP-00166", "tr_id": "TR-073" }, "geometry": { "type": "Point", "coordinates": [ 26.001001322626205, 61.432512788978464 ] } },
{ "type": "Feature", "properties": { "kp_id": "KP-00167", "tr_id": "TR-121" }, "geometry": { "type": "Point", "coordinates": [ 25.870100871719334, 61.431498872752847 ] } },
{ "type": "Feature", "properties": { "kp_id": "KP-00168", "tr_id": "TR-054" }, "geometry": { "type": "Point", "coordinates": [ 25.656593821525085, 61.429872712773054 ] } },
{ "type": "Feature", "properties": { "kp_id": "KP-00169", "tr_id": "TR-073" }, "geometry": { "type": "Point", "coordinates": [ 25.996016638254591, 61.433290902660744 ] } },
{ "type": "Feature", "properties": { "kp_id": "KP-00170", "tr_id": "TR-054" }, "geometry": { "type": "Point", "coordinates": [ 25.663791608667534, 61.430579897604623 ] } },
{ "type": "Feature", "properties": { "kp_id": "KP-00171", "tr_id": "TR-073" }, "geometry": { "type": "Point", "coordinates": [ 26.009196356282846, 61.43361447989269 ] } },
{ "type": "Feature", "properties": { "kp_id": "KP-00172", "tr_id": "TR-018" }, "geometry": { "type": "Point", "coordinates": [ 25.935682474641801, 61.433135099744028 ] } },
{ "type": "Feature", "properties": { "kp_id": "KP-00173", "tr_id": "TR-073" }, "geometry": { "type": "Point", "coordinates": [ 25.991539812274755, 61.433869169899531 ] } },
{ "type": "Feature", "properties": { "kp_id": "KP-00174", "tr_id": "TR-001" }, "geometry": { "type": "Point", "coordinates": [ 25.754444107676076, 61.431973313523585 ] } },
{ "type": "Feature", "properties": { "kp_id": "KP-00175", "tr_id": "TR-054" }, "geometry": { "type": "Point", "coordinates": [ 25.654927802177902, 61.431201021770619 ] } },
{ "type": "Feature", "properties": { "kp_id": "KP-00176", "tr_id": "TR-121" }, "geometry": { "type": "Point", "coordinates": [ 25.870783251467678, 61.433314229245575 ] } },
{ "type": "Feature", "properties": { "kp_id": "KP-00177", "tr_id": "TR-018" }, "geometry": { "type": "Point", "coordinates": [ 25.933201568641294, 61.433924647464906 ] } },
{ "type": "Feature", "properties": { "kp_id": "KP-00178", "tr_id": "TR-144" }, "geometry": { "type": "Point", "coordinates": [ 25.676490097564621, 61.431842854698353 ] } },
{ "type": "Feature", "properties": { "kp_id": "KP-00179", "tr_id": "TR-058" }, "geometry": { "type": "Point", "coordinates": [ 25.853670460776723, 61.433626203919211 ] } },
{ "type": "Feature", "properties": { "kp_id": "KP-00180", "tr_id": "TR-144" }, "geometry": { "type": "Point", "coordinates": [ 25.674174618320336, 61.432222815471562 ] } },
{ "type": "Feature", "properties": { "kp_id": "KP-00181", "tr_id": "TR-001" }, "geometry": { "type": "Point", "coordinates": [ 25.74670603703688, 61.432929117391957 ] } },
{ "type": "Feature", "properties": { "kp_id": "KP-00182", "tr_id": "TR-073" }, "geometry": { "type": "Point", "coordinates": [ 25.987797134361362, 61.434964652002122 ] } },
{ "type": "Feature", "properties": { "kp_id": "KP-00183", "tr_id": "TR-144" }, "geometry": { "type": "Point", "coordinates": [ 25.68623841656046, 61.432424108553107 ] } },
{ "type": "Feature", "properties": { "kp_id": "KP-00184", "tr_id": "TR-121" }, "geometry": { "type": "Point", "coordinates": [ 25.867977832997074, 61.434076640218287 ] } },
{ "type": "Feature", "properties": { "kp_id": "KP-00185", "tr_id": "TR-054" }, "geometry": { "type": "Point", "coordinates": [ 25.653761501725278, 61.43219124391738 ] } },
{ "type": "Feature", "properties": { "kp_id": "KP-00186", "tr_id": "TR-121" }, "geometry": { "type": "Point", "coordinates": [ 25.869729303365158, 61.434156362749199 ] } },
{ "type": "Feature", "properties": { "kp_id": "KP-00187", "tr_id": "TR-121" }, "geometry": { "type": "Point", "coordinates": [ 25.856051219270498, 61.434209555777613 ] } },
{ "type": "Feature", "properties": { "kp_id": "KP-00188", "tr_id": "TR-054" }, "geometry": { "type": "Point", "coordinates": [ 25.671262773535041, 61.432543466778966 ] } },
{ "type": "Feature", "properties": { "kp_id": "KP-00189", "tr_id": "TR-058" }, "geometry": { "type": "Point", "coordinates": [ 25.854228598609904, 61.434357155974389 ] } },
{ "type": "Feature", "properties": { "kp_id": "KP-00190", "tr_id": "TR-001" }, "geometry": { "type": "Point", "coordinates": [ 25.769430726355935, 61.433625233392213 ] } },
{ "type": "Feature", "properties": { "kp_id": "KP-00191", "tr_id": "TR-001" }, "geometry": { "type": "Point", "coordinates": [ 25.764545219362223, 61.433680806620629 ] } },
{ "type": "Feature", "properties": { "kp_id": "KP-00192", "tr_id": "TR-001" }, "geometry": { "type": "Point", "coordinates": [ 25.741624492799875, 61.433555348449921 ] } },
{ "type": "Feature", "properties": { "kp_id": "KP-00193", "tr_id": "TR-001" }, "geometry": { "type": "Point", "coordinates": [ 25.7533043593365, 61.433732302434933 ] } },
{ "type": "Feature", "properties": { "kp_id": "KP-00194", "tr_id": "TR-001" }, "geometry": { "type": "Point", "coordinates": [ 25.73118929887055, 61.433745445692296 ] } },
{ "type": "Feature", "properties": { "kp_id": "KP-00195", "tr_id": "TR-058" }, "geometry": { "type": "Point", "coordinates": [ 25.844193219911123, 61.434828171333429 ] } },
{ "type": "Feature", "properties": { "kp_id": "KP-00196", "tr_id": "TR-001" }, "geometry": { "type": "Point", "coordinates": [ 25.768693256468268, 61.434222747193218 ] } },
{ "type": "Feature", "properties": { "kp_id": "KP-00197", "tr_id": "TR-001" }, "geometry": { "type": "Point", "coordinates": [ 25.735936071362914, 61.434029413052869 ] } },
{ "type": "Feature", "properties": { "kp_id": "KP-00198", "tr_id": "TR-073" }, "geometry": { "type": "Point", "coordinates": [ 25.987951513208607, 61.436189860483971 ] } },
{ "type": "Feature", "properties": { "kp_id": "KP-00199", "tr_id": "TR-052" }, "geometry": { "type": "Point", "coordinates": [ 26.034788952703749, 61.436554262982646 ] } },
{ "type": "Feature", "properties": { "kp_id": "KP-00200", "tr_id": "TR-058" }, "geometry": { "type": "Point", "coordinates": [ 25.852804915615664, 61.435190779337049 ] } },
{ "type": "Feature", "properties": { "kp_id": "KP-00201", "tr_id": "TR-058" }, "geometry": { "type": "Point", "coordinates": [ 25.855409819465347, 61.435243311023569 ] } },
{ "type": "Feature", "properties": { "kp_id": "KP-00202", "tr_id": "TR-001" }, "geometry": { "type": "Point", "coordinates": [ 25.77072306142545, 61.434604367323182 ] } },
{ "type": "Feature", "properties": { "kp_id": "KP-00203", "tr_id": "TR-001" }, "geometry": { "type": "Point", "coordinates": [ 25.762528855774022, 61.434543096448053 ] } },
{ "type": "Feature", "properties": { "kp_id": "KP-00204", "tr_id": "TR-073" }, "geometry": { "type": "Point", "coordinates": [ 26.006262994008971, 61.436601537268039 ] } },
{ "type": "Feature", "properties": { "kp_id": "KP-00205", "tr_id": "TR-052" }, "geometry": { "type": "Point", "coordinates": [ 26.03941192278543, 61.436872257145765 ] } },
{ "type": "Feature", "properties": { "kp_id": "KP-00206", "tr_id": "TR-073" }, "geometry": { "type": "Point", "coordinates": [ 26.006212165988, 61.43663462138354 ] } },
{ "type": "Feature", "properties": { "kp_id": "KP-00207", "tr_id": "TR-054" }, "geometry": { "type": "Point", "coordinates": [ 25.664932992587879, 61.433725673771711 ] } },
{ "type": "Feature", "properties": { "kp_id": "KP-00208", "tr_id": "TR-054" }, "geometry": { "type": "Point", "coordinates": [ 25.672014337244143, 61.433908801642808 ] } },
{ "type": "Feature", "properties": { "kp_id": "KP-00209", "tr_id": "TR-071" }, "geometry": { "type": "Point", "coordinates": [ 25.518777745794395, 61.432374043424296 ] } },
{ "type": "Feature", "properties": { "kp_id": "KP-00210", "tr_id": "TR-054" }, "geometry": { "type": "Point", "coordinates": [ 25.648572653555352, 61.433793431503389 ] } },
{ "type": "Feature", "properties": { "kp_id": "KP-00211", "tr_id": "TR-054" }, "geometry": { "type": "Point", "coordinates": [ 25.650598726769314, 61.433967884723742 ] } },
{ "type": "Feature", "properties": { "kp_id": "KP-00212", "tr_id": "TR-058" }, "geometry": { "type": "Point", "coordinates": [ 25.854094932065056, 61.43596659484259 ] } },
{ "type": "Feature", "properties": { "kp_id": "KP-00213", "tr_id": "TR-119" }, "geometry": { "type": "Point", "coordinates": [ 25.914446926498048, 61.436512063041832 ] } },
{ "type": "Feature", "properties": { "kp_id": "KP-00214", "tr_id": "TR-001" }, "geometry": { "type": "Point", "coordinates": [ 25.745984455763139, 61.435105643779394 ] } },
{ "type": "Feature", "properties": { "kp_id": "KP-00215", "tr_id": "TR-001" }, "geometry": { "type": "Point", "coordinates": [ 25.753318510620442, 61.435278773978823 ] } },
{ "type": "Feature", "properties": { "kp_id": "KP-00216", "tr_id": "TR-054" }, "geometry": { "type": "Point", "coordinates": [ 25.669058364755582, 61.434482918705811 ] } },
{ "type": "Feature", "properties": { "kp_id": "KP-00217", "tr_id": "TR-119" }, "geometry": { "type": "Point", "coordinates": [ 25.892191019560773, 61.436498933120852 ] } },
{ "type": "Feature", "properties": { "kp_id": "KP-00218", "tr_id": "TR-052" }, "geometry": { "type": "Point", "coordinates": [ 26.037361095991095, 61.43773983402231 ] } },
{ "type": "Feature", "properties": { "kp_id": "KP-00219", "tr_id": "TR-052" }, "geometry": { "type": "Point", "coordinates": [ 26.035290162505024, 61.437742767726775 ] } },
{ "type": "Feature", "properties": { "kp_id": "KP-00220", "tr_id": "TR-121" }, "geometry": { "type": "Point", "coordinates": [ 25.862218058800824, 61.436409776915909 ] } },
{ "type": "Feature", "properties": { "kp_id": "KP-00221", "tr_id": "TR-112" }, "geometry": { "type": "Point", "coordinates": [ 26.123821347624204, 61.438350469979532 ] } },
{ "type": "Feature", "properties": { "kp_id": "KP-00222", "tr_id": "TR-054" }, "geometry": { "type": "Point", "coordinates": [ 25.65778938795621, 61.434563511469754 ] } },
{ "type": "Feature", "properties": { "kp_id": "KP-00223", "tr_id": "TR-054" }, "geometry": { "type": "Point", "coordinates": [ 25.665750069563906, 61.434677465951161 ] } },
{ "type": "Feature", "properties": { "kp_id": "KP-00224", "tr_id": "TR-001" }, "geometry": { "type": "Point", "coordinates": [ 25.768778934387221, 61.435914407283803 ] } },
{ "type": "Feature", "properties": { "kp_id": "KP-00225", "tr_id": "TR-121" }, "geometry": { "type": "Point", "coordinates": [ 25.863606174293224, 61.436739095545406 ] } },
{ "type": "Feature", "properties": { "kp_id": "KP-00226", "tr_id": "TR-073" }, "geometry": { "type": "Point", "coordinates": [ 25.995432006564648, 61.437795234413564 ] } },
{ "type": "Feature", "properties": { "kp_id": "KP-00227", "tr_id": "TR-119" }, "geometry": { "type": "Point", "coordinates": [ 25.909213029047301, 61.437166277985412 ] } },
{ "type": "Feature", "properties": { "kp_id": "KP-00228", "tr_id": "TR-121" }, "geometry": { "type": "Point", "coordinates": [ 25.868196177752814, 61.436899382301362 ] } },
{ "type": "Feature", "properties": { "kp_id": "KP-00229", "tr_id": "TR-052" }, "geometry": { "type": "Point", "coordinates": [ 26.02610720044272, 61.438140095150438 ] } },
{ "type": "Feature", "properties": { "kp_id": "KP-00230", "tr_id": "TR-054" }, "geometry": { "type": "Point", "coordinates": [ 25.648778159419411, 61.435203486668691 ] } },
{ "type": "Feature", "properties": { "kp_id": "KP-00231", "tr_id": "TR-052" }, "geometry": { "type": "Point", "coordinates": [ 26.034339959573192, 61.438557822287571 ] } },
{ "type": "Feature", "properties": { "kp_id": "KP-00232", "tr_id": "TR-052" }, "geometry": { "type": "Point", "coordinates": [ 26.010322803563067, 61.438401668991304 ] } },
{ "type": "Feature", "properties": { "kp_id": "KP-00233", "tr_id": "TR-001" }, "geometry": { "type": "Point", "coordinates": [ 25.771948048716069, 61.436547511641159 ] } },
{ "type": "Feature", "properties": { "kp_id": "KP-00234", "tr_id": "TR-054" }, "geometry": { "type": "Point", "coordinates": [ 25.663576494158569, 61.435553007773855 ] } },
{ "type": "Feature", "properties": { "kp_id": "KP-00235", "tr_id": "TR-112" }, "geometry": { "type": "Point", "coordinates": [ 26.120869932314402, 61.439400885400381 ] } },
{ "type": "Feature", "properties": { "kp_id": "KP-00236", "tr_id": "TR-071" }, "geometry": { "type": "Point", "coordinates": [ 25.518562638305699, 61.434285284472757 ] } },
{ "type": "Feature", "properties": { "kp_id": "KP-00237", "tr_id": "TR-017" }, "geometry": { "type": "Point", "coordinates": [ 25.685857810315071, 61.4360074587916 ] } },
{ "type": "Feature", "properties": { "kp_id": "KP-00238", "tr_id": "TR-121" }, "geometry": { "type": "Point", "coordinates": [ 25.868084481962388, 61.437796187242618 ] } },
{ "type": "Feature", "properties": { "kp_id": "KP-00239", "tr_id": "TR-054" }, "geometry": { "type": "Point", "coordinates": [ 25.643482053794163, 61.43575906429151 ] } },
{ "type": "Feature", "properties": { "kp_id": "KP-00240", "tr_id": "TR-054" }, "geometry": { "type": "Point", "coordinates": [ 25.654570874502514, 61.435898676939495 ] } },
{ "type": "Feature", "properties": { "kp_id": "KP-00241", "tr_id": "TR-058" }, "geometry": { "type": "Point", "coordinates": [ 25.843520991441839, 61.437714249090867 ] } },
{ "type": "Feature", "properties": { "kp_id": "KP-00242", "tr_id": "TR-058" }, "geometry": { "type": "Point", "coordinates": [ 25.845658793490809, 61.437757579320206 ] } },
{ "type": "Feature", "properties": { "kp_id": "KP-00243", "tr_id": "TR-121" }, "geometry": { "type": "Point", "coordinates": [ 25.876804485038079, 61.438022985572154 ] } },
{ "type": "Feature", "properties": { "kp_id": "KP-00244", "tr_id": "TR-119" }, "geometry": { "type": "Point", "coordinates": [ 25.917228556529956, 61.438350351286807 ] } },
{ "type": "Feature", "properties": { "kp_id": "KP-00245", "tr_id": "TR-119" }, "geometry": { "type": "Point", "coordinates": [ 25.918548576957583, 61.438486569819588 ] } },
{ "type": "Feature", "properties": { "kp_id": "KP-00246", "tr_id": "TR-052" }, "geometry": { "type": "Point", "coordinates": [ 26.024281236349818, 61.43928763777631 ] } },
{ "type": "Feature", "properties": { "kp_id": "KP-00247", "tr_id": "TR-052" }, "geometry": { "type": "Point", "coordinates": [ 26.021245559168438, 61.439402754944787 ] } },
{ "type": "Feature", "properties": { "kp_id": "KP-00248", "tr_id": "TR-058" }, "geometry": { "type": "Point", "coordinates": [ 25.851943811741894, 61.438119789584874 ] } },
{ "type": "Feature", "properties": { "kp_id": "KP-00249", "tr_id": "TR-052" }, "geometry": { "type": "Point", "coordinates": [ 26.012731777176032, 61.439393177419596 ] } },
{ "type": "Feature", "properties": { "kp_id": "KP-00250", "tr_id": "TR-112" }, "geometry": { "type": "Point", "coordinates": [ 26.106548755361551, 61.440099665180334 ] } },
{ "type": "Feature", "properties": { "kp_id": "KP-00251", "tr_id": "TR-058" }, "geometry": { "type": "Point", "coordinates": [ 25.836996101571856, 61.438129452341691 ] } },
{ "type": "Feature", "properties": { "kp_id": "KP-00252", "tr_id": "TR-112" }, "geometry": { "type": "Point", "coordinates": [ 26.1089810945385, 61.440209004703121 ] } },
{ "type": "Feature", "properties": { "kp_id": "KP-00253", "tr_id": "TR-112" }, "geometry": { "type": "Point", "coordinates": [ 26.120193712915121, 61.440289547317093 ] } },
{ "type": "Feature", "properties": { "kp_id": "KP-00254", "tr_id": "TR-058" }, "geometry": { "type": "Point", "coordinates": [ 25.838481537679264, 61.438207162262884 ] } },
{ "type": "Feature", "properties": { "kp_id": "KP-00255", "tr_id": "TR-121" }, "geometry": { "type": "Point", "coordinates": [ 25.873028069713794, 61.438500506077844 ] } },
{ "type": "Feature", "properties": { "kp_id": "KP-00256", "tr_id": "TR-071" }, "geometry": { "type": "Point", "coordinates": [ 25.516692545585542, 61.435116597224201 ] } },
{ "type": "Feature", "properties": { "kp_id": "KP-00257", "tr_id": "TR-001" }, "geometry": { "type": "Point", "coordinates": [ 25.75069358290888, 61.43756986542575 ] } },
{ "type": "Feature", "properties": { "kp_id": "KP-00258", "tr_id": "TR-052" }, "geometry": { "type": "Point", "coordinates": [ 26.04478868085274, 61.440054279031493 ] } },
{ "type": "Feature", "properties": { "kp_id": "KP-00259", "tr_id": "TR-017" }, "geometry": { "type": "Point", "coordinates": [ 25.686031311418073, 61.437165747595238 ] } },
{ "type": "Feature", "properties": { "kp_id": "KP-00260", "tr_id": "TR-119" }, "geometry": { "type": "Point", "coordinates": [ 25.906191905115122, 61.439164535261511 ] } },
{ "type": "Feature", "properties": { "kp_id": "KP-00261", "tr_id": "TR-001" }, "geometry": { "type": "Point", "coordinates": [ 25.740337168304411, 61.437772565399662 ] } },
{ "type": "Feature", "properties": { "kp_id": "KP-00262", "tr_id": "TR-052" }, "geometry": { "type": "Point", "coordinates": [ 26.02733589869149, 61.440190194429299 ] } },
{ "type": "Feature", "properties": { "kp_id": "KP-00263", "tr_id": "TR-054" }, "geometry": { "type": "Point", "coordinates": [ 25.641982858460214, 61.436981532932414 ] } },
{ "type": "Feature", "properties": { "kp_id": "KP-00264", "tr_id": "TR-058" }, "geometry": { "type": "Point", "coordinates": [ 25.849667940839453, 61.438969624103962 ] } },
{ "type": "Feature", "properties": { "kp_id": "KP-00265", "tr_id": "TR-054" }, "geometry": { "type": "Point", "coordinates": [ 25.650043203248231, 61.437175717112851 ] } },
{ "type": "Feature", "properties": { "kp_id": "KP-00266", "tr_id": "TR-058" }, "geometry": { "type": "Point", "coordinates": [ 25.847080020108312, 61.439058729531048 ] } },
{ "type": "Feature", "properties": { "kp_id": "KP-00267", "tr_id": "TR-058" }, "geometry": { "type": "Point", "coordinates": [ 25.831721895638289, 61.438957208843384 ] } },
{ "type": "Feature", "properties": { "kp_id": "KP-00268", "tr_id": "TR-058" }, "geometry": { "type": "Point", "coordinates": [ 25.826890383872534, 61.438956466770328 ] } },
{ "type": "Feature", "properties": { "kp_id": "KP-00269", "tr_id": "TR-058" }, "geometry": { "type": "Point", "coordinates": [ 25.835691696777683, 61.439084219071837 ] } },
{ "type": "Feature", "properties": { "kp_id": "KP-00270", "tr_id": "TR-058" }, "geometry": { "type": "Point", "coordinates": [ 25.845335526721769, 61.439169365095786 ] } },
{ "type": "Feature", "properties": { "kp_id": "KP-00271", "tr_id": "TR-052" }, "geometry": { "type": "Point", "coordinates": [ 26.020107555321669, 61.440569110446653 ] } },
{ "type": "Feature", "properties": { "kp_id": "KP-00272", "tr_id": "TR-119" }, "geometry": { "type": "Point", "coordinates": [ 25.896821264922092, 61.439635781886857 ] } },
{ "type": "Feature", "properties": { "kp_id": "KP-00273", "tr_id": "TR-095" }, "geometry": { "type": "Point", "coordinates": [ 25.514759417832359, 61.436076092359862 ] } },
{ "type": "Feature", "properties": { "kp_id": "KP-00274", "tr_id": "TR-001" }, "geometry": { "type": "Point", "coordinates": [ 25.741578071731876, 61.438512855996755 ] } },
{ "type": "Feature", "properties": { "kp_id": "KP-00275", "tr_id": "TR-054" }, "geometry": { "type": "Point", "coordinates": [ 25.653244799313459, 61.437668849926411 ] } },
{ "type": "Feature", "properties": { "kp_id": "KP-00276", "tr_id": "TR-054" }, "geometry": { "type": "Point", "coordinates": [ 25.648215854019405, 61.437685916201879 ] } },
{ "type": "Feature", "properties": { "kp_id": "KP-00277", "tr_id": "TR-058" }, "geometry": { "type": "Point", "coordinates": [ 25.852719193569843, 61.439564004698738 ] } },
{ "type": "Feature", "properties": { "kp_id": "KP-00278", "tr_id": "TR-058" }, "geometry": { "type": "Point", "coordinates": [ 25.847876948071892, 61.439620874661678 ] } },
{ "type": "Feature", "properties": { "kp_id": "KP-00279", "tr_id": "TR-058" }, "geometry": { "type": "Point", "coordinates": [ 25.837165960079687, 61.439641327764605 ] } },
{ "type": "Feature", "properties": { "kp_id": "KP-00280", "tr_id": "TR-052" }, "geometry": { "type": "Point", "coordinates": [ 26.016742068099848, 61.441067372619372 ] } },
{ "type": "Feature", "properties": { "kp_id": "KP-00281", "tr_id": "TR-054" }, "geometry": { "type": "Point", "coordinates": [ 25.645761915970514, 61.437910383350655 ] } },
{ "type": "Feature", "properties": { "kp_id": "KP-00282", "tr_id": "TR-001" }, "geometry": { "type": "Point", "coordinates": [ 25.739769372796697, 61.438852169307872 ] } },
{ "type": "Feature", "properties": { "kp_id": "KP-00283", "tr_id": "TR-112" }, "geometry": { "type": "Point", "coordinates": [ 26.109631975303149, 61.441797364276297 ] } },
{ "type": "Feature", "properties": { "kp_id": "KP-00284", "tr_id": "TR-052" }, "geometry": { "type": "Point", "coordinates": [ 26.036819791808135, 61.441385977445279 ] } },
{ "type": "Feature", "properties": { "kp_id": "KP-00285", "tr_id": "TR-095" }, "geometry": { "type": "Point", "coordinates": [ 25.51281411091334, 61.436856666544514 ] } },
{ "type": "Feature", "properties": { "kp_id": "KP-00286", "tr_id": "TR-058" }, "geometry": { "type": "Point", "coordinates": [ 25.849410168715274, 61.440134956736934 ] } },
{ "type": "Feature", "properties": { "kp_id": "KP-00287", "tr_id": "TR-054" }, "geometry": { "type": "Point", "coordinates": [ 25.636071479080751, 61.438166492837297 ] } },
{ "type": "Feature", "properties": { "kp_id": "KP-00288", "tr_id": "TR-001" }, "geometry": { "type": "Point", "coordinates": [ 25.769508611723762, 61.439444203508415 ] } },
{ "type": "Feature", "properties": { "kp_id": "KP-00289", "tr_id": "TR-052" }, "geometry": { "type": "Point", "coordinates": [ 26.032912929336405, 61.441667079869561 ] } },
{ "type": "Feature", "properties": { "kp_id": "KP-00290", "tr_id": "TR-052" }, "geometry": { "type": "Point", "coordinates": [ 26.015416060279144, 61.441698731267245 ] } },
{ "type": "Feature", "properties": { "kp_id": "KP-00291", "tr_id": "TR-052" }, "geometry": { "type": "Point", "coordinates": [ 26.051044905704774, 61.441966718225018 ] } },
{ "type": "Feature", "properties": { "kp_id": "KP-00292", "tr_id": "TR-058" }, "geometry": { "type": "Point", "coordinates": [ 25.846299621061398, 61.440394571277338 ] } },
{ "type": "Feature", "properties": { "kp_id": "KP-00293", "tr_id": "TR-058" }, "geometry": { "type": "Point", "coordinates": [ 25.837692520042413, 61.440329290171441 ] } },
{ "type": "Feature", "properties": { "kp_id": "KP-00294", "tr_id": "TR-042" }, "geometry": { "type": "Point", "coordinates": [ 25.803840268116087, 61.440115965140102 ] } },
{ "type": "Feature", "properties": { "kp_id": "KP-00295", "tr_id": "TR-058" }, "geometry": { "type": "Point", "coordinates": [ 25.847740886512888, 61.44050716187796 ] } },
{ "type": "Feature", "properties": { "kp_id": "KP-00296", "tr_id": "TR-054" }, "geometry": { "type": "Point", "coordinates": [ 25.642481313138049, 61.438728366718912 ] } },
{ "type": "Feature", "properties": { "kp_id": "KP-00297", "tr_id": "TR-060" }, "geometry": { "type": "Point", "coordinates": [ 26.082621969549908, 61.442448672709531 ] } },
{ "type": "Feature", "properties": { "kp_id": "KP-00298", "tr_id": "TR-017" }, "geometry": { "type": "Point", "coordinates": [ 25.694209697781854, 61.439312027902609 ] } },
{ "type": "Feature", "properties": { "kp_id": "KP-00299", "tr_id": "TR-042" }, "geometry": { "type": "Point", "coordinates": [ 25.807075724707524, 61.440443764500706 ] } },
{ "type": "Feature", "properties": { "kp_id": "KP-00300", "tr_id": "TR-058" }, "geometry": { "type": "Point", "coordinates": [ 25.852569246793855, 61.440999053609893 ] } },
{ "type": "Feature", "properties": { "kp_id": "KP-00301", "tr_id": "TR-042" }, "geometry": { "type": "Point", "coordinates": [ 25.821160681996073, 61.440740773359281 ] } },
{ "type": "Feature", "properties": { "kp_id": "KP-00302", "tr_id": "TR-095" }, "geometry": { "type": "Point", "coordinates": [ 25.510926643943169, 61.437733719800924 ] } },
{ "type": "Feature", "properties": { "kp_id": "KP-00303", "tr_id": "TR-095" }, "geometry": { "type": "Point", "coordinates": [ 25.522837423332824, 61.437870520431069 ] } },
{ "type": "Feature", "properties": { "kp_id": "KP-00304", "tr_id": "TR-042" }, "geometry": { "type": "Point", "coordinates": [ 25.802501038231892, 61.44073848102807 ] } },
{ "type": "Feature", "properties": { "kp_id": "KP-00305", "tr_id": "TR-042" }, "geometry": { "type": "Point", "coordinates": [ 25.809337818245357, 61.440850226919927 ] } },
{ "type": "Feature", "properties": { "kp_id": "KP-00306", "tr_id": "TR-042" }, "geometry": { "type": "Point", "coordinates": [ 25.817891421511526, 61.440926092527761 ] } },
{ "type": "Feature", "properties": { "kp_id": "KP-00307", "tr_id": "TR-086" }, "geometry": { "type": "Point", "coordinates": [ 25.727262791139342, 61.440115827349793 ] } },
{ "type": "Feature", "properties": { "kp_id": "KP-00308", "tr_id": "TR-058" }, "geometry": { "type": "Point", "coordinates": [ 25.84189862027657, 61.441218003081232 ] } },
{ "type": "Feature", "properties": { "kp_id": "KP-00309", "tr_id": "TR-042" }, "geometry": { "type": "Point", "coordinates": [ 25.822728558571864, 61.441117945536135 ] } },
{ "type": "Feature", "properties": { "kp_id": "KP-00310", "tr_id": "TR-121" }, "geometry": { "type": "Point", "coordinates": [ 25.883182211297679, 61.441639931028533 ] } },
{ "type": "Feature", "properties": { "kp_id": "KP-00311", "tr_id": "TR-058" }, "geometry": { "type": "Point", "coordinates": [ 25.858131838217453, 61.441452244750451 ] } },
{ "type": "Feature", "properties": { "kp_id": "KP-00312", "tr_id": "TR-058" }, "geometry": { "type": "Point", "coordinates": [ 25.854347520667776, 61.441455073751996 ] } },
{ "type": "Feature", "properties": { "kp_id": "KP-00313", "tr_id": "TR-058" }, "geometry": { "type": "Point", "coordinates": [ 25.838995523990821, 61.441338598647853 ] } },
{ "type": "Feature", "properties": { "kp_id": "KP-00314", "tr_id": "TR-042" }, "geometry": { "type": "Point", "coordinates": [ 25.811041554973169, 61.441125273122772 ] } },
{ "type": "Feature", "properties": { "kp_id": "KP-00315", "tr_id": "TR-052" }, "geometry": { "type": "Point", "coordinates": [ 26.019050722143589, 61.442794310361833 ] } },
{ "type": "Feature", "properties": { "kp_id": "KP-00316", "tr_id": "TR-052" }, "geometry": { "type": "Point", "coordinates": [ 26.028122494259016, 61.442892862614272 ] } },
{ "type": "Feature", "properties": { "kp_id": "KP-00317", "tr_id": "TR-095" }, "geometry": { "type": "Point", "coordinates": [ 25.507541463651052, 61.438331137710179 ] } },
{ "type": "Feature", "properties": { "kp_id": "KP-00318", "tr_id": "TR-017" }, "geometry": { "type": "Point", "coordinates": [ 25.712965187114875, 61.440464711759091 ] } },
{ "type": "Feature", "properties": { "kp_id": "KP-00319", "tr_id": "TR-058" }, "geometry": { "type": "Point", "coordinates": [ 25.851517792144985, 61.441713558238717 ] } },
{ "type": "Feature", "properties": { "kp_id": "KP-00320", "tr_id": "TR-054" }, "geometry": { "type": "Point", "coordinates": [ 25.633666724191588, 61.439713014069063 ] } },
{ "type": "Feature", "properties": { "kp_id": "KP-00321", "tr_id": "TR-121" }, "geometry": { "type": "Point", "coordinates": [ 25.881854772852794, 61.442000234932003 ] } },
{ "type": "Feature", "properties": { "kp_id": "KP-00322", "tr_id": "TR-086" }, "geometry": { "type": "Point", "coordinates": [ 25.728232379873955, 61.440701641687767 ] } },
{ "type": "Feature", "properties": { "kp_id": "KP-00323", "tr_id": "TR-058" }, "geometry": { "type": "Point", "coordinates": [ 25.847117205432788, 61.441789533598374 ] } },
{ "type": "Feature", "properties": { "kp_id": "KP-00324", "tr_id": "TR-042" }, "geometry": { "type": "Point", "coordinates": [ 25.802480316188817, 61.441417119324996 ] } },
{ "type": "Feature", "properties": { "kp_id": "KP-00325", "tr_id": "TR-058" }, "geometry": { "type": "Point", "coordinates": [ 25.85322111539033, 61.44195976767039 ] } },
{ "type": "Feature", "properties": { "kp_id": "KP-00326", "tr_id": "TR-095" }, "geometry": { "type": "Point", "coordinates": [ 25.505792710272672, 61.438699296884643 ] } },
{ "type": "Feature", "properties": { "kp_id": "KP-00327", "tr_id": "TR-008" }, "geometry": { "type": "Point", "coordinates": [ 25.56123864647331, 61.439391035095845 ] } },
{ "type": "Feature", "properties": { "kp_id": "KP-00328", "tr_id": "TR-017" }, "geometry": { "type": "Point", "coordinates": [ 25.709922973451182, 61.441299315186342 ] } },
{ "type": "Feature", "properties": { "kp_id": "KP-00329", "tr_id": "TR-017" }, "geometry": { "type": "Point", "coordinates": [ 25.709827346553244, 61.4413031968827 ] } },
{ "type": "Feature", "properties": { "kp_id": "KP-00330", "tr_id": "TR-052" }, "geometry": { "type": "Point", "coordinates": [ 26.026243662889705, 61.444024001046586 ] } },
{ "type": "Feature", "properties": { "kp_id": "KP-00331", "tr_id": "TR-017" }, "geometry": { "type": "Point", "coordinates": [ 25.715264681991322, 61.441510162091461 ] } },
{ "type": "Feature", "properties": { "kp_id": "KP-00332", "tr_id": "TR-058" }, "geometry": { "type": "Point", "coordinates": [ 25.854067881601537, 61.442790345236574 ] } },
{ "type": "Feature", "properties": { "kp_id": "KP-00333", "tr_id": "TR-001" }, "geometry": { "type": "Point", "coordinates": [ 25.765884582386366, 61.442039104016715 ] } },
{ "type": "Feature", "properties": { "kp_id": "KP-00334", "tr_id": "TR-017" }, "geometry": { "type": "Point", "coordinates": [ 25.701141670866633, 61.441737180552401 ] } },
{ "type": "Feature", "properties": { "kp_id": "KP-00335", "tr_id": "TR-052" }, "geometry": { "type": "Point", "coordinates": [ 26.023413370443947, 61.444566633783033 ] } },
{ "type": "Feature", "properties": { "kp_id": "KP-00336", "tr_id": "TR-025" }, "geometry": { "type": "Point", "coordinates": [ 25.625005483970849, 61.441198608510426 ] } },
{ "type": "Feature", "properties": { "kp_id": "KP-00337", "tr_id": "TR-086" }, "geometry": { "type": "Point", "coordinates": [ 25.71685983668462, 61.442124295409279 ] } },
{ "type": "Feature", "properties": { "kp_id": "KP-00338", "tr_id": "TR-095" }, "geometry": { "type": "Point", "coordinates": [ 25.506438014387381, 61.44006555621381 ] } },
{ "type": "Feature", "properties": { "kp_id": "KP-00339", "tr_id": "TR-058" }, "geometry": { "type": "Point", "coordinates": [ 25.844997821646473, 61.443497916025414 ] } },
{ "type": "Feature", "properties": { "kp_id": "KP-00340", "tr_id": "TR-001" }, "geometry": { "type": "Point", "coordinates": [ 25.764637157407972, 61.442845636199223 ] } },
{ "type": "Feature", "properties": { "kp_id": "KP-00341", "tr_id": "TR-058" }, "geometry": { "type": "Point", "coordinates": [ 25.854538464996832, 61.443655586514225 ] } },
{ "type": "Feature", "properties": { "kp_id": "KP-00342", "tr_id": "TR-042" }, "geometry": { "type": "Point", "coordinates": [ 25.800848993538466, 61.443199910893732 ] } },
{ "type": "Feature", "properties": { "kp_id": "KP-00343", "tr_id": "TR-052" }, "geometry": { "type": "Point", "coordinates": [ 26.024157766068996, 61.445367905005 ] } },
{ "type": "Feature", "properties": { "kp_id": "KP-00344", "tr_id": "TR-058" }, "geometry": { "type": "Point", "coordinates": [ 25.862204006145422, 61.444115605672181 ] } },
{ "type": "Feature", "properties": { "kp_id": "KP-00345", "tr_id": "TR-058" }, "geometry": { "type": "Point", "coordinates": [ 25.83222403283732, 61.443903057807631 ] } },
{ "type": "Feature", "properties": { "kp_id": "KP-00346", "tr_id": "TR-058" }, "geometry": { "type": "Point", "coordinates": [ 25.856809193514625, 61.444146914300838 ] } },
{ "type": "Feature", "properties": { "kp_id": "KP-00347", "tr_id": "TR-060" }, "geometry": { "type": "Point", "coordinates": [ 26.090946324925447, 61.445940716707945 ] } },
{ "type": "Feature", "properties": { "kp_id": "KP-00348", "tr_id": "TR-025" }, "geometry": { "type": "Point", "coordinates": [ 25.623807418270275, 61.442193127877715 ] } },
{ "type": "Feature", "properties": { "kp_id": "KP-00349", "tr_id": "TR-025" }, "geometry": { "type": "Point", "coordinates": [ 25.626462344417106, 61.442242351868316 ] } },
{ "type": "Feature", "properties": { "kp_id": "KP-00350", "tr_id": "TR-095" }, "geometry": { "type": "Point", "coordinates": [ 25.504703436299803, 61.441070840653644 ] } },
{ "type": "Feature", "properties": { "kp_id": "KP-00351", "tr_id": "TR-058" }, "geometry": { "type": "Point", "coordinates": [ 25.855306390108264, 61.444474551847215 ] } },
{ "type": "Feature", "properties": { "kp_id": "KP-00352", "tr_id": "TR-060" }, "geometry": { "type": "Point", "coordinates": [ 26.063055275053802, 61.446075305541676 ] } },
{ "type": "Feature", "properties": { "kp_id": "KP-00353", "tr_id": "TR-086" }, "geometry": { "type": "Point", "coordinates": [ 25.731291981917934, 61.443390260950416 ] } },
{ "type": "Feature", "properties": { "kp_id": "KP-00354", "tr_id": "TR-025" }, "geometry": { "type": "Point", "coordinates": [ 25.620259136425432, 61.442343681281884 ] } },
{ "type": "Feature", "properties": { "kp_id": "KP-00355", "tr_id": "TR-086" }, "geometry": { "type": "Point", "coordinates": [ 25.72020778099116, 61.443424827998975 ] } },
{ "type": "Feature", "properties": { "kp_id": "KP-00356", "tr_id": "TR-042" }, "geometry": { "type": "Point", "coordinates": [ 25.825546957661647, 61.444510444516652 ] } },
{ "type": "Feature", "properties": { "kp_id": "KP-00357", "tr_id": "TR-025" }, "geometry": { "type": "Point", "coordinates": [ 25.594347562157704, 61.442361830608668 ] } },
{ "type": "Feature", "properties": { "kp_id": "KP-00358", "tr_id": "TR-095" }, "geometry": { "type": "Point", "coordinates": [ 25.503036621667373, 61.441544095913535 ] } },
{ "type": "Feature", "properties": { "kp_id": "KP-00359", "tr_id": "TR-042" }, "geometry": { "type": "Point", "coordinates": [ 25.808087564984, 61.444557706822849 ] } },
{ "type": "Feature", "properties": { "kp_id": "KP-00360", "tr_id": "TR-042" }, "geometry": { "type": "Point", "coordinates": [ 25.808055483854428, 61.44458651156372 ] } },
{ "type": "Feature", "properties": { "kp_id": "KP-00361", "tr_id": "TR-025" }, "geometry": { "type": "Point", "coordinates": [ 25.618966607778283, 61.442885752806596 ] } },
{ "type": "Feature", "properties": { "kp_id": "KP-00362", "tr_id": "TR-025" }, "geometry": { "type": "Point", "coordinates": [ 25.623218435523384, 61.442942567911864 ] } },
{ "type": "Feature", "properties": { "kp_id": "KP-00363", "tr_id": "TR-086" }, "geometry": { "type": "Point", "coordinates": [ 25.732714741215638, 61.444021730604547 ] } },
{ "type": "Feature", "properties": { "kp_id": "KP-00364", "tr_id": "TR-058" }, "geometry": { "type": "Point", "coordinates": [ 25.860013696540864, 61.445163531167033 ] } },
{ "type": "Feature", "properties": { "kp_id": "KP-00365", "tr_id": "TR-016" }, "geometry": { "type": "Point", "coordinates": [ 25.76601363087471, 61.444555293576663 ] } },
{ "type": "Feature", "properties": { "kp_id": "KP-00366", "tr_id": "TR-025" }, "geometry": { "type": "Point", "coordinates": [ 25.620306340103514, 61.443162930547473 ] } },
{ "type": "Feature", "properties": { "kp_id": "KP-00367", "tr_id": "TR-095" }, "geometry": { "type": "Point", "coordinates": [ 25.50384271360652, 61.441967813483018 ] } },
{ "type": "Feature", "properties": { "kp_id": "KP-00368", "tr_id": "TR-115" }, "geometry": { "type": "Point", "coordinates": [ 26.050569499398879, 61.447061876406771 ] } },
{ "type": "Feature", "properties": { "kp_id": "KP-00369", "tr_id": "TR-058" }, "geometry": { "type": "Point", "coordinates": [ 25.856867416089099, 61.445640757046675 ] } },
{ "type": "Feature", "properties": { "kp_id": "KP-00370", "tr_id": "TR-095" }, "geometry": { "type": "Point", "coordinates": [ 25.508903337395669, 61.442392281535831 ] } },
{ "type": "Feature", "properties": { "kp_id": "KP-00371", "tr_id": "TR-086" }, "geometry": { "type": "Point", "coordinates": [ 25.738711831305043, 61.444717369378523 ] } },
{ "type": "Feature", "properties": { "kp_id": "KP-00372", "tr_id": "TR-025" }, "geometry": { "type": "Point", "coordinates": [ 25.616014692870355, 61.443544461314538 ] } },
{ "type": "Feature", "properties": { "kp_id": "KP-00373", "tr_id": "TR-058" }, "geometry": { "type": "Point", "coordinates": [ 25.861411053799181, 61.44624234191059 ] } },
{ "type": "Feature", "properties": { "kp_id": "KP-00374", "tr_id": "TR-042" }, "geometry": { "type": "Point", "coordinates": [ 25.799824162732222, 61.445737487547767 ] } },
{ "type": "Feature", "properties": { "kp_id": "KP-00375", "tr_id": "TR-086" }, "geometry": { "type": "Point", "coordinates": [ 25.719765942816981, 61.445255414828893 ] } },
{ "type": "Feature", "properties": { "kp_id": "KP-00376", "tr_id": "TR-115" }, "geometry": { "type": "Point", "coordinates": [ 26.042711385981171, 61.447974331970023 ] } },
{ "type": "Feature", "properties": { "kp_id": "KP-00377", "tr_id": "TR-095" }, "geometry": { "type": "Point", "coordinates": [ 25.51496349028999, 61.443572205760674 ] } },
{ "type": "Feature", "properties": { "kp_id": "KP-00378", "tr_id": "TR-008" }, "geometry": { "type": "Point", "coordinates": [ 25.559238687480413, 61.444206476177229 ] } },
{ "type": "Feature", "properties": { "kp_id": "KP-00379", "tr_id": "TR-008" }, "geometry": { "type": "Point", "coordinates": [ 25.587827117053351, 61.444535994510531 ] } },
{ "type": "Feature", "properties": { "kp_id": "KP-00380", "tr_id": "TR-086" }, "geometry": { "type": "Point", "coordinates": [ 25.732179378621389, 61.445959019212872 ] } },
{ "type": "Feature", "properties": { "kp_id": "KP-00381", "tr_id": "TR-052" }, "geometry": { "type": "Point", "coordinates": [ 26.021857977878984, 61.448447810473894 ] } },
{ "type": "Feature", "properties": { "kp_id": "KP-00382", "tr_id": "TR-052" }, "geometry": { "type": "Point", "coordinates": [ 26.030706662690974, 61.448524287576646 ] } },
{ "type": "Feature", "properties": { "kp_id": "KP-00383", "tr_id": "TR-086" }, "geometry": { "type": "Point", "coordinates": [ 25.726467785877006, 61.446132873696797 ] } },
{ "type": "Feature", "properties": { "kp_id": "KP-00384", "tr_id": "TR-054" }, "geometry": { "type": "Point", "coordinates": [ 25.664407080565876, 61.445611858176548 ] } },
{ "type": "Feature", "properties": { "kp_id": "KP-00385", "tr_id": "TR-017" }, "geometry": { "type": "Point", "coordinates": [ 25.696537788241198, 61.446062944022671 ] } },
{ "type": "Feature", "properties": { "kp_id": "KP-00386", "tr_id": "TR-017" }, "geometry": { "type": "Point", "coordinates": [ 25.699841961070504, 61.446208193295782 ] } },
{ "type": "Feature", "properties": { "kp_id": "KP-00387", "tr_id": "TR-095" }, "geometry": { "type": "Point", "coordinates": [ 25.523098814367774, 61.444426611410002 ] } },
{ "type": "Feature", "properties": { "kp_id": "KP-00388", "tr_id": "TR-042" }, "geometry": { "type": "Point", "coordinates": [ 25.800319899933353, 61.447150364887008 ] } },
{ "type": "Feature", "properties": { "kp_id": "KP-00389", "tr_id": "TR-058" }, "geometry": { "type": "Point", "coordinates": [ 25.862042074538518, 61.447723168660147 ] } },
{ "type": "Feature", "properties": { "kp_id": "KP-00390", "tr_id": "TR-086" }, "geometry": { "type": "Point", "coordinates": [ 25.712495440510146, 61.4464032956 ] } },
{ "type": "Feature", "properties": { "kp_id": "KP-00391", "tr_id": "TR-042" }, "geometry": { "type": "Point", "coordinates": [ 25.803100130295388, 61.447525559829202 ] } },
{ "type": "Feature", "properties": { "kp_id": "KP-00392", "tr_id": "TR-058" }, "geometry": { "type": "Point", "coordinates": [ 25.834509802866719, 61.447813096085206 ] } },
{ "type": "Feature", "properties": { "kp_id": "KP-00393", "tr_id": "TR-095" }, "geometry": { "type": "Point", "coordinates": [ 25.510440527805883, 61.444782220480683 ] } },
{ "type": "Feature", "properties": { "kp_id": "KP-00394", "tr_id": "TR-052" }, "geometry": { "type": "Point", "coordinates": [ 26.021196103868057, 61.449461793129728 ] } },
{ "type": "Feature", "properties": { "kp_id": "KP-00395", "tr_id": "TR-042" }, "geometry": { "type": "Point", "coordinates": [ 25.820682666148109, 61.447881359389015 ] } },
{ "type": "Feature", "properties": { "kp_id": "KP-00396", "tr_id": "TR-025" }, "geometry": { "type": "Point", "coordinates": [ 25.613823931859873, 61.446319737044483 ] } },
{ "type": "Feature", "properties": { "kp_id": "KP-00397", "tr_id": "TR-038" }, "geometry": { "type": "Point", "coordinates": [ 25.668701781982637, 61.44694045839524 ] } },
{ "type": "Feature", "properties": { "kp_id": "KP-00398", "tr_id": "TR-095" }, "geometry": { "type": "Point", "coordinates": [ 25.510288423929715, 61.445549856528686 ] } },
{ "type": "Feature", "properties": { "kp_id": "KP-00399", "tr_id": "TR-008" }, "geometry": { "type": "Point", "coordinates": [ 25.587485345919937, 61.446474007436002 ] } },
{ "type": "Feature", "properties": { "kp_id": "KP-00400", "tr_id": "TR-095" }, "geometry": { "type": "Point", "coordinates": [ 25.504783887421297, 61.445673370986064 ] } },
{ "type": "Feature", "properties": { "kp_id": "KP-00401", "tr_id": "TR-086" }, "geometry": { "type": "Point", "coordinates": [ 25.730303910884292, 61.447978478185256 ] } },
{ "type": "Feature", "properties": { "kp_id": "KP-00402", "tr_id": "TR-041" }, "geometry": { "type": "Point", "coordinates": [ 25.54744055374961, 61.446221417107672 ] } },
{ "type": "Feature", "properties": { "kp_id": "KP-00403", "tr_id": "TR-086" }, "geometry": { "type": "Point", "coordinates": [ 25.714823616633613, 61.447961823510781 ] } },
{ "type": "Feature", "properties": { "kp_id": "KP-00404", "tr_id": "TR-042" }, "geometry": { "type": "Point", "coordinates": [ 25.818914097445987, 61.448942080435053 ] } },
{ "type": "Feature", "properties": { "kp_id": "KP-00405", "tr_id": "TR-086" }, "geometry": { "type": "Point", "coordinates": [ 25.716986122917859, 61.448095669835588 ] } },
{ "type": "Feature", "properties": { "kp_id": "KP-00406", "tr_id": "TR-095" }, "geometry": { "type": "Point", "coordinates": [ 25.524294594313581, 61.446184219548648 ] } },
{ "type": "Feature", "properties": { "kp_id": "KP-00407", "tr_id": "TR-041" }, "geometry": { "type": "Point", "coordinates": [ 25.543834129026294, 61.446451186665591 ] } },
{ "type": "Feature", "properties": { "kp_id": "KP-00408", "tr_id": "TR-025" }, "geometry": { "type": "Point", "coordinates": [ 25.611525816320778, 61.447158147897717 ] } },
{ "type": "Feature", "properties": { "kp_id": "KP-00409", "tr_id": "TR-042" }, "geometry": { "type": "Point", "coordinates": [ 25.7987542239463, 61.448949531359446 ] } },
{ "type": "Feature", "properties": { "kp_id": "KP-00410", "tr_id": "TR-008" }, "geometry": { "type": "Point", "coordinates": [ 25.562176120993126, 61.446744026250066 ] } },
{ "type": "Feature", "properties": { "kp_id": "KP-00411", "tr_id": "TR-115" }, "geometry": { "type": "Point", "coordinates": [ 26.029933933420562, 61.450919486164729 ] } },
{ "type": "Feature", "properties": { "kp_id": "KP-00412", "tr_id": "TR-060" }, "geometry": { "type": "Point", "coordinates": [ 26.077757779474751, 61.451301004988608 ] } },
{ "type": "Feature", "properties": { "kp_id": "KP-00413", "tr_id": "TR-016" }, "geometry": { "type": "Point", "coordinates": [ 25.767254192897049, 61.448984974266921 ] } },
{ "type": "Feature", "properties": { "kp_id": "KP-00414", "tr_id": "TR-086" }, "geometry": { "type": "Point", "coordinates": [ 25.73089444089722, 61.448747932481396 ] } },
{ "type": "Feature", "properties": { "kp_id": "KP-00415", "tr_id": "TR-025" }, "geometry": { "type": "Point", "coordinates": [ 25.609612991066761, 61.447633278462803 ] } },
{ "type": "Feature", "properties": { "kp_id": "KP-00416", "tr_id": "TR-008" }, "geometry": { "type": "Point", "coordinates": [ 25.58850821671313, 61.447637195689445 ] } },
{ "type": "Feature", "properties": { "kp_id": "KP-00417", "tr_id": "TR-058" }, "geometry": { "type": "Point", "coordinates": [ 25.844266340025573, 61.450128640167165 ] } },
{ "type": "Feature", "properties": { "kp_id": "KP-00418", "tr_id": "TR-025" }, "geometry": { "type": "Point", "coordinates": [ 25.607044504941786, 61.448007501367144 ] } },
{ "type": "Feature", "properties": { "kp_id": "KP-00419", "tr_id": "TR-041" }, "geometry": { "type": "Point", "coordinates": [ 25.553327334707468, 61.447476484471075 ] } },
{ "type": "Feature", "properties": { "kp_id": "KP-00420", "tr_id": "TR-086" }, "geometry": { "type": "Point", "coordinates": [ 25.727681877523711, 61.449219821785675 ] } },
{ "type": "Feature", "properties": { "kp_id": "KP-00421", "tr_id": "TR-008" }, "geometry": { "type": "Point", "coordinates": [ 25.562514260818237, 61.447661628384971 ] } },
{ "type": "Feature", "properties": { "kp_id": "KP-00422", "tr_id": "TR-086" }, "geometry": { "type": "Point", "coordinates": [ 25.719674840388183, 61.449240523528921 ] } },
{ "type": "Feature", "properties": { "kp_id": "KP-00423", "tr_id": "TR-041" }, "geometry": { "type": "Point", "coordinates": [ 25.552100620720427, 61.447634187337179 ] } },
{ "type": "Feature", "properties": { "kp_id": "KP-00424", "tr_id": "TR-115" }, "geometry": { "type": "Point", "coordinates": [ 26.03033320045245, 61.451964688480039 ] } },
{ "type": "Feature", "properties": { "kp_id": "KP-00425", "tr_id": "TR-016" }, "geometry": { "type": "Point", "coordinates": [ 25.756406823236144, 61.44988560117325 ] } },
{ "type": "Feature", "properties": { "kp_id": "KP-00426", "tr_id": "TR-042" }, "geometry": { "type": "Point", "coordinates": [ 25.817738348725808, 61.450508735436074 ] } },
{ "type": "Feature", "properties": { "kp_id": "KP-00427", "tr_id": "TR-008" }, "geometry": { "type": "Point", "coordinates": [ 25.579786483386883, 61.448431911221981 ] } },
{ "type": "Feature", "properties": { "kp_id": "KP-00428", "tr_id": "TR-086" }, "geometry": { "type": "Point", "coordinates": [ 25.727492081246819, 61.449958071431368 ] } },
{ "type": "Feature", "properties": { "kp_id": "KP-00429", "tr_id": "TR-008" }, "geometry": { "type": "Point", "coordinates": [ 25.58742156930505, 61.448586762269713 ] } },
{ "type": "Feature", "properties": { "kp_id": "KP-00430", "tr_id": "TR-008" }, "geometry": { "type": "Point", "coordinates": [ 25.562627203174333, 61.448332703675717 ] } },
{ "type": "Feature", "properties": { "kp_id": "KP-00431", "tr_id": "TR-086" }, "geometry": { "type": "Point", "coordinates": [ 25.724835856321207, 61.449951324533309 ] } },
{ "type": "Feature", "properties": { "kp_id": "KP-00432", "tr_id": "TR-008" }, "geometry": { "type": "Point", "coordinates": [ 25.590189227244679, 61.448647901257665 ] } },
{ "type": "Feature", "properties": { "kp_id": "KP-00433", "tr_id": "TR-041" }, "geometry": { "type": "Point", "coordinates": [ 25.540535592877774, 61.448178739447656 ] } },
{ "type": "Feature", "properties": { "kp_id": "KP-00434", "tr_id": "TR-025" }, "geometry": { "type": "Point", "coordinates": [ 25.610426706589099, 61.44894466000062 ] } },
{ "type": "Feature", "properties": { "kp_id": "KP-00435", "tr_id": "TR-041" }, "geometry": { "type": "Point", "coordinates": [ 25.540308211518081, 61.448288182134291 ] } },
{ "type": "Feature", "properties": { "kp_id": "KP-00436", "tr_id": "TR-095" }, "geometry": { "type": "Point", "coordinates": [ 25.52050186486964, 61.448089369139637 ] } },
{ "type": "Feature", "properties": { "kp_id": "KP-00437", "tr_id": "TR-086" }, "geometry": { "type": "Point", "coordinates": [ 25.727703102514766, 61.450212367833252 ] } },
{ "type": "Feature", "properties": { "kp_id": "KP-00438", "tr_id": "TR-060" }, "geometry": { "type": "Point", "coordinates": [ 26.08032381250673, 61.453131233841845 ] } },
{ "type": "Feature", "properties": { "kp_id": "KP-00439", "tr_id": "TR-038" }, "geometry": { "type": "Point", "coordinates": [ 25.687778087695786, 61.450140149177528 ] } },
{ "type": "Feature", "properties": { "kp_id": "KP-00440", "tr_id": "TR-008" }, "geometry": { "type": "Point", "coordinates": [ 25.563007274575391, 61.448980905449744 ] } },
{ "type": "Feature", "properties": { "kp_id": "KP-00441", "tr_id": "TR-058" }, "geometry": { "type": "Point", "coordinates": [ 25.857998250174465, 61.451776618610346 ] } },
{ "type": "Feature", "properties": { "kp_id": "KP-00442", "tr_id": "TR-038" }, "geometry": { "type": "Point", "coordinates": [ 25.681593715110655, 61.450195335074959 ] } },
{ "type": "Feature", "properties": { "kp_id": "KP-00443", "tr_id": "TR-038" }, "geometry": { "type": "Point", "coordinates": [ 25.686359653991715, 61.450246896006135 ] } },
{ "type": "Feature", "properties": { "kp_id": "KP-00444", "tr_id": "TR-016" }, "geometry": { "type": "Point", "coordinates": [ 25.767521232934779, 61.451156228722766 ] } },
{ "type": "Feature", "properties": { "kp_id": "KP-00445", "tr_id": "TR-008" }, "geometry": { "type": "Point", "coordinates": [ 25.588873739008811, 61.449459027597626 ] } },
{ "type": "Feature", "properties": { "kp_id": "KP-00446", "tr_id": "TR-038" }, "geometry": { "type": "Point", "coordinates": [ 25.678395700233196, 61.450397854577908 ] } },
{ "type": "Feature", "properties": { "kp_id": "KP-00447", "tr_id": "TR-119" }, "geometry": { "type": "Point", "coordinates": [ 25.892403059553683, 61.452361189444019 ] } },
{ "type": "Feature", "properties": { "kp_id": "KP-00448", "tr_id": "TR-025" }, "geometry": { "type": "Point", "coordinates": [ 25.611604767635608, 61.449860155066887 ] } },
{ "type": "Feature", "properties": { "kp_id": "KP-00449", "tr_id": "TR-042" }, "geometry": { "type": "Point", "coordinates": [ 25.825373172856558, 61.451884433862126 ] } },
{ "type": "Feature", "properties": { "kp_id": "KP-00450", "tr_id": "TR-025" }, "geometry": { "type": "Point", "coordinates": [ 25.621315103194892, 61.450049373884546 ] } },
{ "type": "Feature", "properties": { "kp_id": "KP-00451", "tr_id": "TR-086" }, "geometry": { "type": "Point", "coordinates": [ 25.720093455111233, 61.45118319616298 ] } },
{ "type": "Feature", "properties": { "kp_id": "KP-00452", "tr_id": "TR-086" }, "geometry": { "type": "Point", "coordinates": [ 25.729443079100449, 61.451411597975792 ] } },
{ "type": "Feature", "properties": { "kp_id": "KP-00453", "tr_id": "TR-014" }, "geometry": { "type": "Point", "coordinates": [ 25.861761294627509, 61.45262841892562 ] } },
{ "type": "Feature", "properties": { "kp_id": "KP-00454", "tr_id": "TR-086" }, "geometry": { "type": "Point", "coordinates": [ 25.726247456309466, 61.451480911816219 ] } },
{ "type": "Feature", "properties": { "kp_id": "KP-00455", "tr_id": "TR-086" }, "geometry": { "type": "Point", "coordinates": [ 25.723942520655406, 61.451529171498102 ] } },
{ "type": "Feature", "properties": { "kp_id": "KP-00456", "tr_id": "TR-025" }, "geometry": { "type": "Point", "coordinates": [ 25.614103892963414, 61.450487605622875 ] } },
{ "type": "Feature", "properties": { "kp_id": "KP-00457", "tr_id": "TR-115" }, "geometry": { "type": "Point", "coordinates": [ 26.04925917039823, 61.454254942825294 ] } },
{ "type": "Feature", "properties": { "kp_id": "KP-00458", "tr_id": "TR-095" }, "geometry": { "type": "Point", "coordinates": [ 25.522251982023477, 61.449847153422844 ] } },
{ "type": "Feature", "properties": { "kp_id": "KP-00459", "tr_id": "TR-042" }, "geometry": { "type": "Point", "coordinates": [ 25.812655835025275, 61.452714605135995 ] } },
{ "type": "Feature", "properties": { "kp_id": "KP-00460", "tr_id": "TR-038" }, "geometry": { "type": "Point", "coordinates": [ 25.678899108638777, 61.451507494290908 ] } },
{ "type": "Feature", "properties": { "kp_id": "KP-00461", "tr_id": "TR-016" }, "geometry": { "type": "Point", "coordinates": [ 25.749224177956791, 61.45224288344366 ] } },
{ "type": "Feature", "properties": { "kp_id": "KP-00462", "tr_id": "TR-041" }, "geometry": { "type": "Point", "coordinates": [ 25.547019089096423, 61.450291599296904 ] } },
{ "type": "Feature", "properties": { "kp_id": "KP-00463", "tr_id": "TR-014" }, "geometry": { "type": "Point", "coordinates": [ 25.853633574858602, 61.453271300965127 ] } },
{ "type": "Feature", "properties": { "kp_id": "KP-00464", "tr_id": "TR-025" }, "geometry": { "type": "Point", "coordinates": [ 25.608633090077021, 61.450992906469878 ] } },
{ "type": "Feature", "properties": { "kp_id": "KP-00465", "tr_id": "TR-038" }, "geometry": { "type": "Point", "coordinates": [ 25.685799660679162, 61.451774506799921 ] } },
{ "type": "Feature", "properties": { "kp_id": "KP-00466", "tr_id": "TR-042" }, "geometry": { "type": "Point", "coordinates": [ 25.815997386260655, 61.452986083729563 ] } },
{ "type": "Feature", "properties": { "kp_id": "KP-00467", "tr_id": "TR-038" }, "geometry": { "type": "Point", "coordinates": [ 25.683760484383008, 61.452061730902649 ] } },
{ "type": "Feature", "properties": { "kp_id": "KP-00468", "tr_id": "TR-095" }, "geometry": { "type": "Point", "coordinates": [ 25.522803892516968, 61.450466404745463 ] } },
{ "type": "Feature", "properties": { "kp_id": "KP-00469", "tr_id": "TR-042" }, "geometry": { "type": "Point", "coordinates": [ 25.818337197703229, 61.45341663942019 ] } },
{ "type": "Feature", "properties": { "kp_id": "KP-00470", "tr_id": "TR-016" }, "geometry": { "type": "Point", "coordinates": [ 25.767348445297682, 61.453013126483562 ] } },
{ "type": "Feature", "properties": { "kp_id": "KP-00471", "tr_id": "TR-025" }, "geometry": { "type": "Point", "coordinates": [ 25.617348926284016, 61.45165000574729 ] } },
{ "type": "Feature", "properties": { "kp_id": "KP-00472", "tr_id": "TR-008" }, "geometry": { "type": "Point", "coordinates": [ 25.56843934135718, 61.451366954232242 ] } },
{ "type": "Feature", "properties": { "kp_id": "KP-00473", "tr_id": "TR-008" }, "geometry": { "type": "Point", "coordinates": [ 25.570242041742237, 61.451404775878359 ] } },
{ "type": "Feature", "properties": { "kp_id": "KP-00474", "tr_id": "TR-115" }, "geometry": { "type": "Point", "coordinates": [ 26.051287070945303, 61.45577328518614 ] } },
{ "type": "Feature", "properties": { "kp_id": "KP-00475", "tr_id": "TR-086" }, "geometry": { "type": "Point", "coordinates": [ 25.72311964844171, 61.45311241204643 ] } },
{ "type": "Feature", "properties": { "kp_id": "KP-00476", "tr_id": "TR-025" }, "geometry": { "type": "Point", "coordinates": [ 25.603896901336526, 61.451968433946512 ] } },
{ "type": "Feature", "properties": { "kp_id": "KP-00477", "tr_id": "TR-016" }, "geometry": { "type": "Point", "coordinates": [ 25.758793814092797, 61.453613728798402 ] } },
{ "type": "Feature", "properties": { "kp_id": "KP-00478", "tr_id": "TR-025" }, "geometry": { "type": "Point", "coordinates": [ 25.615532248594057, 61.452373440619368 ] } },
{ "type": "Feature", "properties": { "kp_id": "KP-00479", "tr_id": "TR-038" }, "geometry": { "type": "Point", "coordinates": [ 25.67322308638683, 61.452970775562605 ] } },
{ "type": "Feature", "properties": { "kp_id": "KP-00480", "tr_id": "TR-038" }, "geometry": { "type": "Point", "coordinates": [ 25.675543139412717, 61.453001007703534 ] } },
{ "type": "Feature", "properties": { "kp_id": "KP-00481", "tr_id": "TR-008" }, "geometry": { "type": "Point", "coordinates": [ 25.569483579534971, 61.451992229056543 ] } },
{ "type": "Feature", "properties": { "kp_id": "KP-00482", "tr_id": "TR-025" }, "geometry": { "type": "Point", "coordinates": [ 25.611961984914533, 61.452466562283711 ] } },
{ "type": "Feature", "properties": { "kp_id": "KP-00483", "tr_id": "TR-025" }, "geometry": { "type": "Point", "coordinates": [ 25.610012463701608, 61.45250395699928 ] } },
{ "type": "Feature", "properties": { "kp_id": "KP-00484", "tr_id": "TR-038" }, "geometry": { "type": "Point", "coordinates": [ 25.686066873100028, 61.453282727024686 ] } },
{ "type": "Feature", "properties": { "kp_id": "KP-00485", "tr_id": "TR-042" }, "geometry": { "type": "Point", "coordinates": [ 25.805235697475037, 61.454532351167209 ] } },
{ "type": "Feature", "properties": { "kp_id": "KP-00486", "tr_id": "TR-008" }, "geometry": { "type": "Point", "coordinates": [ 25.572986486906785, 61.452412292055087 ] } },
{ "type": "Feature", "properties": { "kp_id": "KP-00487", "tr_id": "TR-008" }, "geometry": { "type": "Point", "coordinates": [ 25.574906986766351, 61.452441486628203 ] } },
{ "type": "Feature", "properties": { "kp_id": "KP-00488", "tr_id": "TR-016" }, "geometry": { "type": "Point", "coordinates": [ 25.760433274141025, 61.454285256236048 ] } },
{ "type": "Feature", "properties": { "kp_id": "KP-00489", "tr_id": "TR-008" }, "geometry": { "type": "Point", "coordinates": [ 25.577525747425543, 61.452506015394171 ] } },
{ "type": "Feature", "properties": { "kp_id": "KP-00490", "tr_id": "TR-008" }, "geometry": { "type": "Point", "coordinates": [ 25.571207481067926, 61.452442958768735 ] } },
{ "type": "Feature", "properties": { "kp_id": "KP-00491", "tr_id": "TR-041" }, "geometry": { "type": "Point", "coordinates": [ 25.530050373980341, 61.452073628505417 ] } },
{ "type": "Feature", "properties": { "kp_id": "KP-00492", "tr_id": "TR-041" }, "geometry": { "type": "Point", "coordinates": [ 25.541362278069911, 61.452301284800008 ] } },
{ "type": "Feature", "properties": { "kp_id": "KP-00493", "tr_id": "TR-041" }, "geometry": { "type": "Point", "coordinates": [ 25.52505100707295, 61.452257020713823 ] } },
{ "type": "Feature", "properties": { "kp_id": "KP-00494", "tr_id": "TR-008" }, "geometry": { "type": "Point", "coordinates": [ 25.585985706155256, 61.452951699182861 ] } },
{ "type": "Feature", "properties": { "kp_id": "KP-00495", "tr_id": "TR-025" }, "geometry": { "type": "Point", "coordinates": [ 25.605059516349503, 61.453218413343677 ] } },
{ "type": "Feature", "properties": { "kp_id": "KP-00496", "tr_id": "TR-038" }, "geometry": { "type": "Point", "coordinates": [ 25.681042101567247, 61.453990596054226 ] } },
{ "type": "Feature", "properties": { "kp_id": "KP-00497", "tr_id": "TR-041" }, "geometry": { "type": "Point", "coordinates": [ 25.534037287939615, 61.452518914478595 ] } },
{ "type": "Feature", "properties": { "kp_id": "KP-00498", "tr_id": "TR-041" }, "geometry": { "type": "Point", "coordinates": [ 25.528456900740053, 61.452465599998867 ] } },
{ "type": "Feature", "properties": { "kp_id": "KP-00499", "tr_id": "TR-025" }, "geometry": { "type": "Point", "coordinates": [ 25.620901200566735, 61.453474692604992 ] } },
{ "type": "Feature", "properties": { "kp_id": "KP-00500", "tr_id": "TR-042" }, "geometry": { "type": "Point", "coordinates": [ 25.807147259667786, 61.455350210054647 ] } },
{ "type": "Feature", "properties": { "kp_id": "KP-00501", "tr_id": "TR-038" }, "geometry": { "type": "Point", "coordinates": [ 25.668740887275501, 61.454203719124962 ] } },
{ "type": "Feature", "properties": { "kp_id": "KP-00502", "tr_id": "TR-038" }, "geometry": { "type": "Point", "coordinates": [ 25.684798605128307, 61.454375883410329 ] } },
{ "type": "Feature", "properties": { "kp_id": "KP-00503", "tr_id": "TR-098" }, "geometry": { "type": "Point", "coordinates": [ 25.658229018138073, 61.454370346151478 ] } },
{ "type": "Feature", "properties": { "kp_id": "KP-00504", "tr_id": "TR-016" }, "geometry": { "type": "Point", "coordinates": [ 25.767328984572657, 61.455426581082847 ] } },
{ "type": "Feature", "properties": { "kp_id": "KP-00505", "tr_id": "TR-115" }, "geometry": { "type": "Point", "coordinates": [ 26.035407861699845, 61.457668372152924 ] } },
{ "type": "Feature", "properties": { "kp_id": "KP-00506", "tr_id": "TR-042" }, "geometry": { "type": "Point", "coordinates": [ 25.815084991566124, 61.456039581679399 ] } },
{ "type": "Feature", "properties": { "kp_id": "KP-00507", "tr_id": "TR-095" }, "geometry": { "type": "Point", "coordinates": [ 25.505315484955954, 61.45302551268307 ] } },
{ "type": "Feature", "properties": { "kp_id": "KP-00508", "tr_id": "TR-098" }, "geometry": { "type": "Point", "coordinates": [ 25.649064925145204, 61.454641730285992 ] } },
{ "type": "Feature", "properties": { "kp_id": "KP-00509", "tr_id": "TR-016" }, "geometry": { "type": "Point", "coordinates": [ 25.768106003142723, 61.4558724265747 ] } },
{ "type": "Feature", "properties": { "kp_id": "KP-00510", "tr_id": "TR-025" }, "geometry": { "type": "Point", "coordinates": [ 25.611406957894019, 61.45444825260585 ] } },
{ "type": "Feature", "properties": { "kp_id": "KP-00511", "tr_id": "TR-008" }, "geometry": { "type": "Point", "coordinates": [ 25.572092996471149, 61.454401822959127 ] } },
{ "type": "Feature", "properties": { "kp_id": "KP-00512", "tr_id": "TR-074" }, "geometry": { "type": "Point", "coordinates": [ 25.80909192926751, 61.45678479420242 ] } },
{ "type": "Feature", "properties": { "kp_id": "KP-00513", "tr_id": "TR-025" }, "geometry": { "type": "Point", "coordinates": [ 25.609645659687356, 61.454928561469821 ] } },
{ "type": "Feature", "properties": { "kp_id": "KP-00514", "tr_id": "TR-042" }, "geometry": { "type": "Point", "coordinates": [ 25.818457123716819, 61.456990594712749 ] } },
{ "type": "Feature", "properties": { "kp_id": "KP-00515", "tr_id": "TR-095" }, "geometry": { "type": "Point", "coordinates": [ 25.508474264142382, 61.453972990120008 ] } },
{ "type": "Feature", "properties": { "kp_id": "KP-00516", "tr_id": "TR-038" }, "geometry": { "type": "Point", "coordinates": [ 25.6628005742791, 61.455644228910423 ] } },
{ "type": "Feature", "properties": { "kp_id": "KP-00517", "tr_id": "TR-098" }, "geometry": { "type": "Point", "coordinates": [ 25.631024959743488, 61.45543568608722 ] } },
{ "type": "Feature", "properties": { "kp_id": "KP-00518", "tr_id": "TR-095" }, "geometry": { "type": "Point", "coordinates": [ 25.513528827615001, 61.454272361514278 ] } },
{ "type": "Feature", "properties": { "kp_id": "KP-00519", "tr_id": "TR-115" }, "geometry": { "type": "Point", "coordinates": [ 26.036372929894373, 61.45902929590379 ] } },
{ "type": "Feature", "properties": { "kp_id": "KP-00520", "tr_id": "TR-016" }, "geometry": { "type": "Point", "coordinates": [ 25.775004443960594, 61.456946743831772 ] } },
{ "type": "Feature", "properties": { "kp_id": "KP-00521", "tr_id": "TR-074" }, "geometry": { "type": "Point", "coordinates": [ 25.810077708358559, 61.457285760235791 ] } },
{ "type": "Feature", "properties": { "kp_id": "KP-00522", "tr_id": "TR-098" }, "geometry": { "type": "Point", "coordinates": [ 25.635615134178384, 61.455778311255358 ] } },
{ "type": "Feature", "properties": { "kp_id": "KP-00523", "tr_id": "TR-038" }, "geometry": { "type": "Point", "coordinates": [ 25.694333475409667, 61.456452298686216 ] } },
{ "type": "Feature", "properties": { "kp_id": "KP-00524", "tr_id": "TR-025" }, "geometry": { "type": "Point", "coordinates": [ 25.609967612068445, 61.455692310880373 ] } },
{ "type": "Feature", "properties": { "kp_id": "KP-00525", "tr_id": "TR-014" }, "geometry": { "type": "Point", "coordinates": [ 25.86694115505475, 61.458154363442034 ] } },
{ "type": "Feature", "properties": { "kp_id": "KP-00526", "tr_id": "TR-041" }, "geometry": { "type": "Point", "coordinates": [ 25.539326056232699, 61.455267517763815 ] } },
{ "type": "Feature", "properties": { "kp_id": "KP-00527", "tr_id": "TR-095" }, "geometry": { "type": "Point", "coordinates": [ 25.514405949096961, 61.455135968531998 ] } },
{ "type": "Feature", "properties": { "kp_id": "KP-00528", "tr_id": "TR-016" }, "geometry": { "type": "Point", "coordinates": [ 25.777926184039277, 61.45776243939472 ] } },
{ "type": "Feature", "properties": { "kp_id": "KP-00529", "tr_id": "TR-016" }, "geometry": { "type": "Point", "coordinates": [ 25.771818055167163, 61.457716562841114 ] } },
{ "type": "Feature", "properties": { "kp_id": "KP-00530", "tr_id": "TR-038" }, "geometry": { "type": "Point", "coordinates": [ 25.66827818061671, 61.456801027300152 ] } },
{ "type": "Feature", "properties": { "kp_id": "KP-00531", "tr_id": "TR-038" }, "geometry": { "type": "Point", "coordinates": [ 25.681243641164567, 61.457049083428394 ] } },
{ "type": "Feature", "properties": { "kp_id": "KP-00532", "tr_id": "TR-074" }, "geometry": { "type": "Point", "coordinates": [ 25.810504301395678, 61.458302190857452 ] } },
{ "type": "Feature", "properties": { "kp_id": "KP-00533", "tr_id": "TR-038" }, "geometry": { "type": "Point", "coordinates": [ 25.695130231587409, 61.457440898636435 ] } },
{ "type": "Feature", "properties": { "kp_id": "KP-00534", "tr_id": "TR-098" }, "geometry": { "type": "Point", "coordinates": [ 25.632885162891046, 61.456901397843851 ] } },
{ "type": "Feature", "properties": { "kp_id": "KP-00535", "tr_id": "TR-098" }, "geometry": { "type": "Point", "coordinates": [ 25.659252414465765, 61.457191151512532 ] } },
{ "type": "Feature", "properties": { "kp_id": "KP-00536", "tr_id": "TR-098" }, "geometry": { "type": "Point", "coordinates": [ 25.629424603013611, 61.456910024659223 ] } },
{ "type": "Feature", "properties": { "kp_id": "KP-00537", "tr_id": "TR-041" }, "geometry": { "type": "Point", "coordinates": [ 25.535280806705551, 61.45609114750431 ] } },
{ "type": "Feature", "properties": { "kp_id": "KP-00538", "tr_id": "TR-016" }, "geometry": { "type": "Point", "coordinates": [ 25.780071544913106, 61.458510679035058 ] } },
{ "type": "Feature", "properties": { "kp_id": "KP-00539", "tr_id": "TR-098" }, "geometry": { "type": "Point", "coordinates": [ 25.643875537178321, 61.457225754474386 ] } },
{ "type": "Feature", "properties": { "kp_id": "KP-00540", "tr_id": "TR-038" }, "geometry": { "type": "Point", "coordinates": [ 25.677621491823331, 61.457623842566065 ] } },
{ "type": "Feature", "properties": { "kp_id": "KP-00541", "tr_id": "TR-098" }, "geometry": { "type": "Point", "coordinates": [ 25.638695896032761, 61.457396388117864 ] } },
{ "type": "Feature", "properties": { "kp_id": "KP-00542", "tr_id": "TR-038" }, "geometry": { "type": "Point", "coordinates": [ 25.683169518535209, 61.457850146506722 ] } },
{ "type": "Feature", "properties": { "kp_id": "KP-00543", "tr_id": "TR-074" }, "geometry": { "type": "Point", "coordinates": [ 25.797487554435495, 61.459061204868021 ] } },
{ "type": "Feature", "properties": { "kp_id": "KP-00544", "tr_id": "TR-098" }, "geometry": { "type": "Point", "coordinates": [ 25.645719471264368, 61.457680451923316 ] } },
{ "type": "Feature", "properties": { "kp_id": "KP-00545", "tr_id": "TR-038" }, "geometry": { "type": "Point", "coordinates": [ 25.686177739864053, 61.458193364723215 ] } },
{ "type": "Feature", "properties": { "kp_id": "KP-00546", "tr_id": "TR-074" }, "geometry": { "type": "Point", "coordinates": [ 25.813551826152391, 61.459407722930209 ] } },
{ "type": "Feature", "properties": { "kp_id": "KP-00547", "tr_id": "TR-044" }, "geometry": { "type": "Point", "coordinates": [ 25.606285340606934, 61.457617472457024 ] } },
{ "type": "Feature", "properties": { "kp_id": "KP-00548", "tr_id": "TR-074" }, "geometry": { "type": "Point", "coordinates": [ 25.792518378415416, 61.459422933853865 ] } },
{ "type": "Feature", "properties": { "kp_id": "KP-00549", "tr_id": "TR-098" }, "geometry": { "type": "Point", "coordinates": [ 25.644003805226784, 61.458244641918334 ] } },
{ "type": "Feature", "properties": { "kp_id": "KP-00550", "tr_id": "TR-074" }, "geometry": { "type": "Point", "coordinates": [ 25.781786410725918, 61.459901205458756 ] } },
{ "type": "Feature", "properties": { "kp_id": "KP-00551", "tr_id": "TR-098" }, "geometry": { "type": "Point", "coordinates": [ 25.641595233514149, 61.458667003604987 ] } },
{ "type": "Feature", "properties": { "kp_id": "KP-00552", "tr_id": "TR-098" }, "geometry": { "type": "Point", "coordinates": [ 25.634715319367029, 61.458646506113887 ] } },
{ "type": "Feature", "properties": { "kp_id": "KP-00553", "tr_id": "TR-107" }, "geometry": { "type": "Point", "coordinates": [ 25.70733735303514, 61.459479099795352 ] } },
{ "type": "Feature", "properties": { "kp_id": "KP-00554", "tr_id": "TR-060" }, "geometry": { "type": "Point", "coordinates": [ 26.069754056405898, 61.462501798294959 ] } },
{ "type": "Feature", "properties": { "kp_id": "KP-00555", "tr_id": "TR-098" }, "geometry": { "type": "Point", "coordinates": [ 25.644576371121115, 61.45895520425271 ] } },
{ "type": "Feature", "properties": { "kp_id": "KP-00556", "tr_id": "TR-098" }, "geometry": { "type": "Point", "coordinates": [ 25.647520070157046, 61.459066399818624 ] } },
{ "type": "Feature", "properties": { "kp_id": "KP-00557", "tr_id": "TR-014" }, "geometry": { "type": "Point", "coordinates": [ 25.881882464560807, 61.461481036062345 ] } },
{ "type": "Feature", "properties": { "kp_id": "KP-00558", "tr_id": "TR-038" }, "geometry": { "type": "Point", "coordinates": [ 25.68775957427907, 61.459750221051003 ] } },
{ "type": "Feature", "properties": { "kp_id": "KP-00559", "tr_id": "TR-044" }, "geometry": { "type": "Point", "coordinates": [ 25.60526517435429, 61.459026986407203 ] } },
{ "type": "Feature", "properties": { "kp_id": "KP-00560", "tr_id": "TR-098" }, "geometry": { "type": "Point", "coordinates": [ 25.65188924516567, 61.459755399123623 ] } },
{ "type": "Feature", "properties": { "kp_id": "KP-00561", "tr_id": "TR-098" }, "geometry": { "type": "Point", "coordinates": [ 25.648211230588682, 61.459888112452958 ] } },
{ "type": "Feature", "properties": { "kp_id": "KP-00562", "tr_id": "TR-038" }, "geometry": { "type": "Point", "coordinates": [ 25.67470703210164, 61.460630051297606 ] } },
{ "type": "Feature", "properties": { "kp_id": "KP-00563", "tr_id": "TR-044" }, "geometry": { "type": "Point", "coordinates": [ 25.604682836304729, 61.460068512569272 ] } },
{ "type": "Feature", "properties": { "kp_id": "KP-00564", "tr_id": "TR-038" }, "geometry": { "type": "Point", "coordinates": [ 25.682138120536976, 61.460926274045043 ] } },
{ "type": "Feature", "properties": { "kp_id": "KP-00565", "tr_id": "TR-016" }, "geometry": { "type": "Point", "coordinates": [ 25.763287073310451, 61.461749724222685 ] } },
{ "type": "Feature", "properties": { "kp_id": "KP-00566", "tr_id": "TR-074" }, "geometry": { "type": "Point", "coordinates": [ 25.782740814863796, 61.462041404999567 ] } },
{ "type": "Feature", "properties": { "kp_id": "KP-00567", "tr_id": "TR-038" }, "geometry": { "type": "Point", "coordinates": [ 25.680486221498725, 61.461243817271203 ] } },
{ "type": "Feature", "properties": { "kp_id": "KP-00568", "tr_id": "TR-074" }, "geometry": { "type": "Point", "coordinates": [ 25.80033714964059, 61.462565851150451 ] } },
{ "type": "Feature", "properties": { "kp_id": "KP-00569", "tr_id": "TR-014" }, "geometry": { "type": "Point", "coordinates": [ 25.881057262352726, 61.463297037032369 ] } },
{ "type": "Feature", "properties": { "kp_id": "KP-00570", "tr_id": "TR-074" }, "geometry": { "type": "Point", "coordinates": [ 25.786613782401151, 61.462519351675731 ] } },
{ "type": "Feature", "properties": { "kp_id": "KP-00571", "tr_id": "TR-074" }, "geometry": { "type": "Point", "coordinates": [ 25.805685389221587, 61.46275985968655 ] } },
{ "type": "Feature", "properties": { "kp_id": "KP-00572", "tr_id": "TR-044" }, "geometry": { "type": "Point", "coordinates": [ 25.607286616725411, 61.461176100166007 ] } },
{ "type": "Feature", "properties": { "kp_id": "KP-00573", "tr_id": "TR-074" }, "geometry": { "type": "Point", "coordinates": [ 25.801668150009554, 61.463070533333074 ] } },
{ "type": "Feature", "properties": { "kp_id": "KP-00574", "tr_id": "TR-074" }, "geometry": { "type": "Point", "coordinates": [ 25.793876482835817, 61.463037909178304 ] } },
{ "type": "Feature", "properties": { "kp_id": "KP-00575", "tr_id": "TR-074" }, "geometry": { "type": "Point", "coordinates": [ 25.807227678006985, 61.463177511050837 ] } },
{ "type": "Feature", "properties": { "kp_id": "KP-00576", "tr_id": "TR-044" }, "geometry": { "type": "Point", "coordinates": [ 25.602353281091624, 61.461377604775876 ] } },
{ "type": "Feature", "properties": { "kp_id": "KP-00577", "tr_id": "TR-038" }, "geometry": { "type": "Point", "coordinates": [ 25.681429290795116, 61.462258379288414 ] } },
{ "type": "Feature", "properties": { "kp_id": "KP-00578", "tr_id": "TR-098" }, "geometry": { "type": "Point", "coordinates": [ 25.631031887156922, 61.461815424246616 ] } },
{ "type": "Feature", "properties": { "kp_id": "KP-00579", "tr_id": "TR-098" }, "geometry": { "type": "Point", "coordinates": [ 25.650845003717389, 61.462020891689285 ] } },
{ "type": "Feature", "properties": { "kp_id": "KP-00580", "tr_id": "TR-038" }, "geometry": { "type": "Point", "coordinates": [ 25.675461109079464, 61.462737314031536 ] } },
{ "type": "Feature", "properties": { "kp_id": "KP-00581", "tr_id": "TR-074" }, "geometry": { "type": "Point", "coordinates": [ 25.797043146253561, 61.463870778653273 ] } },
{ "type": "Feature", "properties": { "kp_id": "KP-00582", "tr_id": "TR-044" }, "geometry": { "type": "Point", "coordinates": [ 25.610585034357108, 61.462108414407531 ] } },
{ "type": "Feature", "properties": { "kp_id": "KP-00583", "tr_id": "TR-098" }, "geometry": { "type": "Point", "coordinates": [ 25.662323204732527, 61.462818624284786 ] } },
{ "type": "Feature", "properties": { "kp_id": "KP-00584", "tr_id": "TR-098" }, "geometry": { "type": "Point", "coordinates": [ 25.654519413607776, 61.462752411800572 ] } },
{ "type": "Feature", "properties": { "kp_id": "KP-00585", "tr_id": "TR-107" }, "geometry": { "type": "Point", "coordinates": [ 25.695896367586535, 61.463269491948942 ] } },
{ "type": "Feature", "properties": { "kp_id": "KP-00586", "tr_id": "TR-014" }, "geometry": { "type": "Point", "coordinates": [ 25.853392807172252, 61.464733822140566 ] } },
{ "type": "Feature", "properties": { "kp_id": "KP-00587", "tr_id": "TR-074" }, "geometry": { "type": "Point", "coordinates": [ 25.79536834937344, 61.464841184033958 ] } },
{ "type": "Feature", "properties": { "kp_id": "KP-00588", "tr_id": "TR-014" }, "geometry": { "type": "Point", "coordinates": [ 25.875055985427494, 61.465574048049604 ] } },
{ "type": "Feature", "properties": { "kp_id": "KP-00589", "tr_id": "TR-014" }, "geometry": { "type": "Point", "coordinates": [ 25.871042258394372, 61.465764715515661 ] } },
{ "type": "Feature", "properties": { "kp_id": "KP-00590", "tr_id": "TR-014" }, "geometry": { "type": "Point", "coordinates": [ 25.848831450662445, 61.465588011848027 ] } },
{ "type": "Feature", "properties": { "kp_id": "KP-00591", "tr_id": "TR-044" }, "geometry": { "type": "Point", "coordinates": [ 25.60207292948656, 61.463288250865311 ] } },
{ "type": "Feature", "properties": { "kp_id": "KP-00592", "tr_id": "TR-074" }, "geometry": { "type": "Point", "coordinates": [ 25.792366444969293, 61.465214756352239 ] } },
{ "type": "Feature", "properties": { "kp_id": "KP-00593", "tr_id": "TR-044" }, "geometry": { "type": "Point", "coordinates": [ 25.607878293260882, 61.463574881877669 ] } },
{ "type": "Feature", "properties": { "kp_id": "KP-00594", "tr_id": "TR-098" }, "geometry": { "type": "Point", "coordinates": [ 25.658317873407629, 61.464173277934847 ] } },
{ "type": "Feature", "properties": { "kp_id": "KP-00595", "tr_id": "TR-098" }, "geometry": { "type": "Point", "coordinates": [ 25.646902937444004, 61.464199815850769 ] } },
{ "type": "Feature", "properties": { "kp_id": "KP-00596", "tr_id": "TR-074" }, "geometry": { "type": "Point", "coordinates": [ 25.785043783031753, 61.46556070901903 ] } },
{ "type": "Feature", "properties": { "kp_id": "KP-00597", "tr_id": "TR-074" }, "geometry": { "type": "Point", "coordinates": [ 25.789593441497637, 61.46577550183936 ] } },
{ "type": "Feature", "properties": { "kp_id": "KP-00598", "tr_id": "TR-074" }, "geometry": { "type": "Point", "coordinates": [ 25.787102432228011, 61.465837402401192 ] } },
{ "type": "Feature", "properties": { "kp_id": "KP-00599", "tr_id": "TR-063" }, "geometry": { "type": "Point", "coordinates": [ 25.734857140802394, 61.46541716579101 ] } },
{ "type": "Feature", "properties": { "kp_id": "KP-00600", "tr_id": "TR-107" }, "geometry": { "type": "Point", "coordinates": [ 25.69327651402655, 61.465175854272111 ] } },
{ "type": "Feature", "properties": { "kp_id": "KP-00601", "tr_id": "TR-074" }, "geometry": { "type": "Point", "coordinates": [ 25.792458725621611, 61.466171330294387 ] } },
{ "type": "Feature", "properties": { "kp_id": "KP-00602", "tr_id": "TR-074" }, "geometry": { "type": "Point", "coordinates": [ 25.805825617349129, 61.466342909060259 ] } },
{ "type": "Feature", "properties": { "kp_id": "KP-00603", "tr_id": "TR-014" }, "geometry": { "type": "Point", "coordinates": [ 25.849117626286521, 61.466783513877189 ] } },
{ "type": "Feature", "properties": { "kp_id": "KP-00604", "tr_id": "TR-044" }, "geometry": { "type": "Point", "coordinates": [ 25.612041760414478, 61.464602599730149 ] } },
{ "type": "Feature", "properties": { "kp_id": "KP-00605", "tr_id": "TR-014" }, "geometry": { "type": "Point", "coordinates": [ 25.867542241448007, 61.466971876201001 ] } },
{ "type": "Feature", "properties": { "kp_id": "KP-00606", "tr_id": "TR-107" }, "geometry": { "type": "Point", "coordinates": [ 25.70683100136592, 61.465580870161517 ] } },
{ "type": "Feature", "properties": { "kp_id": "KP-00607", "tr_id": "TR-107" }, "geometry": { "type": "Point", "coordinates": [ 25.70681216422356, 61.465630189161608 ] } },
{ "type": "Feature", "properties": { "kp_id": "KP-00608", "tr_id": "TR-014" }, "geometry": { "type": "Point", "coordinates": [ 25.866093528997695, 61.46714940505808 ] } },
{ "type": "Feature", "properties": { "kp_id": "KP-00609", "tr_id": "TR-107" }, "geometry": { "type": "Point", "coordinates": [ 25.700155983089932, 61.465711509989532 ] } },
{ "type": "Feature", "properties": { "kp_id": "KP-00610", "tr_id": "TR-074" }, "geometry": { "type": "Point", "coordinates": [ 25.788239702740526, 61.466556557382198 ] } },
{ "type": "Feature", "properties": { "kp_id": "KP-00611", "tr_id": "TR-014" }, "geometry": { "type": "Point", "coordinates": [ 25.852675259754541, 61.467194162129431 ] } },
{ "type": "Feature", "properties": { "kp_id": "KP-00612", "tr_id": "TR-107" }, "geometry": { "type": "Point", "coordinates": [ 25.674801422877014, 61.465643607540116 ] } },
{ "type": "Feature", "properties": { "kp_id": "KP-00613", "tr_id": "TR-098" }, "geometry": { "type": "Point", "coordinates": [ 25.633428481682252, 61.465256447141272 ] } },
{ "type": "Feature", "properties": { "kp_id": "KP-00614", "tr_id": "TR-098" }, "geometry": { "type": "Point", "coordinates": [ 25.646407278985553, 61.465396266713348 ] } },
{ "type": "Feature", "properties": { "kp_id": "KP-00615", "tr_id": "TR-014" }, "geometry": { "type": "Point", "coordinates": [ 25.864057272407241, 61.467452818455399 ] } },
{ "type": "Feature", "properties": { "kp_id": "KP-00616", "tr_id": "TR-107" }, "geometry": { "type": "Point", "coordinates": [ 25.692619292369749, 61.465958015075771 ] } },
{ "type": "Feature", "properties": { "kp_id": "KP-00617", "tr_id": "TR-098" }, "geometry": { "type": "Point", "coordinates": [ 25.632042165420142, 61.465372077821485 ] } },
{ "type": "Feature", "properties": { "kp_id": "KP-00618", "tr_id": "TR-098" }, "geometry": { "type": "Point", "coordinates": [ 25.637207638432674, 61.465426253314618 ] } },
{ "type": "Feature", "properties": { "kp_id": "KP-00619", "tr_id": "TR-074" }, "geometry": { "type": "Point", "coordinates": [ 25.793071693794836, 61.466936788965 ] } },
{ "type": "Feature", "properties": { "kp_id": "KP-00620", "tr_id": "TR-098" }, "geometry": { "type": "Point", "coordinates": [ 25.628915499466853, 61.465495407325285 ] } },
{ "type": "Feature", "properties": { "kp_id": "KP-00621", "tr_id": "TR-063" }, "geometry": { "type": "Point", "coordinates": [ 25.76540335904874, 61.466822550053088 ] } },
{ "type": "Feature", "properties": { "kp_id": "KP-00622", "tr_id": "TR-044" }, "geometry": { "type": "Point", "coordinates": [ 25.626081897274197, 61.465531189201329 ] } },
{ "type": "Feature", "properties": { "kp_id": "KP-00623", "tr_id": "TR-107" }, "geometry": { "type": "Point", "coordinates": [ 25.67492732092451, 61.4663141630121 ] } },
{ "type": "Feature", "properties": { "kp_id": "KP-00624", "tr_id": "TR-098" }, "geometry": { "type": "Point", "coordinates": [ 25.638570969866638, 61.466179140251469 ] } },
{ "type": "Feature", "properties": { "kp_id": "KP-00625", "tr_id": "TR-044" }, "geometry": { "type": "Point", "coordinates": [ 25.613523781720524, 61.465953468462892 ] } },
{ "type": "Feature", "properties": { "kp_id": "KP-00626", "tr_id": "TR-063" }, "geometry": { "type": "Point", "coordinates": [ 25.756700404215394, 61.467522282451988 ] } },
{ "type": "Feature", "properties": { "kp_id": "KP-00627", "tr_id": "TR-044" }, "geometry": { "type": "Point", "coordinates": [ 25.622629012817491, 61.466244309136179 ] } },
{ "type": "Feature", "properties": { "kp_id": "KP-00628", "tr_id": "TR-107" }, "geometry": { "type": "Point", "coordinates": [ 25.684092923087643, 61.467224663225011 ] } },
{ "type": "Feature", "properties": { "kp_id": "KP-00629", "tr_id": "TR-063" }, "geometry": { "type": "Point", "coordinates": [ 25.742558059689092, 61.467804221973886 ] } },
{ "type": "Feature", "properties": { "kp_id": "KP-00630", "tr_id": "TR-098" }, "geometry": { "type": "Point", "coordinates": [ 25.648675762241588, 61.466987246322496 ] } },
{ "type": "Feature", "properties": { "kp_id": "KP-00631", "tr_id": "TR-107" }, "geometry": { "type": "Point", "coordinates": [ 25.688923720367541, 61.467521602533644 ] } },
{ "type": "Feature", "properties": { "kp_id": "KP-00632", "tr_id": "TR-044" }, "geometry": { "type": "Point", "coordinates": [ 25.621080006034514, 61.466888928923311 ] } },
{ "type": "Feature", "properties": { "kp_id": "KP-00633", "tr_id": "TR-044" }, "geometry": { "type": "Point", "coordinates": [ 25.612671509370887, 61.466941529247734 ] } },
{ "type": "Feature", "properties": { "kp_id": "KP-00634", "tr_id": "TR-098" }, "geometry": { "type": "Point", "coordinates": [ 25.659803666483167, 61.467450358858279 ] } },
{ "type": "Feature", "properties": { "kp_id": "KP-00635", "tr_id": "TR-107" }, "geometry": { "type": "Point", "coordinates": [ 25.675024468541235, 61.4678837484947 ] } },
{ "type": "Feature", "properties": { "kp_id": "KP-00636", "tr_id": "TR-063" }, "geometry": { "type": "Point", "coordinates": [ 25.774423917868447, 61.468837879217183 ] } },
{ "type": "Feature", "properties": { "kp_id": "KP-00637", "tr_id": "TR-098" }, "geometry": { "type": "Point", "coordinates": [ 25.644876946269264, 61.467696228461449 ] } },
{ "type": "Feature", "properties": { "kp_id": "KP-00638", "tr_id": "TR-044" }, "geometry": { "type": "Point", "coordinates": [ 25.597957657133609, 61.467293649491303 ] } },
{ "type": "Feature", "properties": { "kp_id": "KP-00639", "tr_id": "TR-107" }, "geometry": { "type": "Point", "coordinates": [ 25.703175550948526, 61.468339475859821 ] } },
{ "type": "Feature", "properties": { "kp_id": "KP-00640", "tr_id": "TR-063" }, "geometry": { "type": "Point", "coordinates": [ 25.75387582669704, 61.468896246526171 ] } },
{ "type": "Feature", "properties": { "kp_id": "KP-00641", "tr_id": "TR-044" }, "geometry": { "type": "Point", "coordinates": [ 25.609681659093383, 61.467524717626794 ] } },
{ "type": "Feature", "properties": { "kp_id": "KP-00642", "tr_id": "TR-107" }, "geometry": { "type": "Point", "coordinates": [ 25.692296955991697, 61.468426126166605 ] } },
{ "type": "Feature", "properties": { "kp_id": "KP-00643", "tr_id": "TR-063" }, "geometry": { "type": "Point", "coordinates": [ 25.755370028737307, 61.469105868787494 ] } },
{ "type": "Feature", "properties": { "kp_id": "KP-00644", "tr_id": "TR-107" }, "geometry": { "type": "Point", "coordinates": [ 25.70383096998291, 61.468935269092555 ] } },
{ "type": "Feature", "properties": { "kp_id": "KP-00645", "tr_id": "TR-107" }, "geometry": { "type": "Point", "coordinates": [ 25.689628449699825, 61.46882728774726 ] } },
{ "type": "Feature", "properties": { "kp_id": "KP-00646", "tr_id": "TR-107" }, "geometry": { "type": "Point", "coordinates": [ 25.673948415953266, 61.468735817540896 ] } },
{ "type": "Feature", "properties": { "kp_id": "KP-00647", "tr_id": "TR-074" }, "geometry": { "type": "Point", "coordinates": [ 25.812341521136435, 61.470090557718066 ] } },
{ "type": "Feature", "properties": { "kp_id": "KP-00648", "tr_id": "TR-014" }, "geometry": { "type": "Point", "coordinates": [ 25.861712440538025, 61.47052340612214 ] } },
{ "type": "Feature", "properties": { "kp_id": "KP-00649", "tr_id": "TR-107" }, "geometry": { "type": "Point", "coordinates": [ 25.705783156252163, 61.469295164564016 ] } },
{ "type": "Feature", "properties": { "kp_id": "KP-00650", "tr_id": "TR-044" }, "geometry": { "type": "Point", "coordinates": [ 25.62084436165301, 61.4684799194006 ] } },
{ "type": "Feature", "properties": { "kp_id": "KP-00651", "tr_id": "TR-063" }, "geometry": { "type": "Point", "coordinates": [ 25.754932561061647, 61.470134766781243 ] } },
{ "type": "Feature", "properties": { "kp_id": "KP-00652", "tr_id": "TR-069" }, "geometry": { "type": "Point", "coordinates": [ 25.662826722697677, 61.469268712438485 ] } },
{ "type": "Feature", "properties": { "kp_id": "KP-00653", "tr_id": "TR-044" }, "geometry": { "type": "Point", "coordinates": [ 25.623541561045094, 61.468933473444885 ] } },
{ "type": "Feature", "properties": { "kp_id": "KP-00654", "tr_id": "TR-044" }, "geometry": { "type": "Point", "coordinates": [ 25.589742049180206, 61.468609863371583 ] } },
{ "type": "Feature", "properties": { "kp_id": "KP-00655", "tr_id": "TR-044" }, "geometry": { "type": "Point", "coordinates": [ 25.61330954684674, 61.468868960956314 ] } },
{ "type": "Feature", "properties": { "kp_id": "KP-00656", "tr_id": "TR-063" }, "geometry": { "type": "Point", "coordinates": [ 25.763014005016071, 61.470345755851412 ] } },
{ "type": "Feature", "properties": { "kp_id": "KP-00657", "tr_id": "TR-107" }, "geometry": { "type": "Point", "coordinates": [ 25.689966682388299, 61.469757843312088 ] } },
{ "type": "Feature", "properties": { "kp_id": "KP-00658", "tr_id": "TR-063" }, "geometry": { "type": "Point", "coordinates": [ 25.769791164863307, 61.47052832392221 ] } },
{ "type": "Feature", "properties": { "kp_id": "KP-00659", "tr_id": "TR-113" }, "geometry": { "type": "Point", "coordinates": [ 25.827657033100948, 61.471117783018286 ] } },
{ "type": "Feature", "properties": { "kp_id": "KP-00660", "tr_id": "TR-044" }, "geometry": { "type": "Point", "coordinates": [ 25.591483964606006, 61.468897237051493 ] } },
{ "type": "Feature", "properties": { "kp_id": "KP-00661", "tr_id": "TR-044" }, "geometry": { "type": "Point", "coordinates": [ 25.585014601288037, 61.468935121899676 ] } },
{ "type": "Feature", "properties": { "kp_id": "KP-00662", "tr_id": "TR-044" }, "geometry": { "type": "Point", "coordinates": [ 25.597788367651596, 61.469079722114792 ] } },
{ "type": "Feature", "properties": { "kp_id": "KP-00663", "tr_id": "TR-115" }, "geometry": { "type": "Point", "coordinates": [ 26.05343474742882, 61.473303441998311 ] } },
{ "type": "Feature", "properties": { "kp_id": "KP-00664", "tr_id": "TR-044" }, "geometry": { "type": "Point", "coordinates": [ 25.601888224259593, 61.469501512460781 ] } },
{ "type": "Feature", "properties": { "kp_id": "KP-00665", "tr_id": "TR-063" }, "geometry": { "type": "Point", "coordinates": [ 25.765920805987552, 61.47112521840738 ] } },
{ "type": "Feature", "properties": { "kp_id": "KP-00666", "tr_id": "TR-069" }, "geometry": { "type": "Point", "coordinates": [ 25.668687100952035, 61.470228904138764 ] } },
{ "type": "Feature", "properties": { "kp_id": "KP-00667", "tr_id": "TR-044" }, "geometry": { "type": "Point", "coordinates": [ 25.605119276260623, 61.469766962176045 ] } },
{ "type": "Feature", "properties": { "kp_id": "KP-00668", "tr_id": "TR-044" }, "geometry": { "type": "Point", "coordinates": [ 25.612930217665372, 61.469863315691477 ] } },
{ "type": "Feature", "properties": { "kp_id": "KP-00669", "tr_id": "TR-078" }, "geometry": { "type": "Point", "coordinates": [ 25.633553768280976, 61.470076546727284 ] } },
{ "type": "Feature", "properties": { "kp_id": "KP-00670", "tr_id": "TR-107" }, "geometry": { "type": "Point", "coordinates": [ 25.691557792474562, 61.47097448037907 ] } },
{ "type": "Feature", "properties": { "kp_id": "KP-00671", "tr_id": "TR-063" }, "geometry": { "type": "Point", "coordinates": [ 25.766894734883703, 61.471706770089227 ] } },
{ "type": "Feature", "properties": { "kp_id": "KP-00672", "tr_id": "TR-107" }, "geometry": { "type": "Point", "coordinates": [ 25.707679806023876, 61.471387062456394 ] } },
{ "type": "Feature", "properties": { "kp_id": "KP-00673", "tr_id": "TR-107" }, "geometry": { "type": "Point", "coordinates": [ 25.69323770743204, 61.471319136567047 ] } },
{ "type": "Feature", "properties": { "kp_id": "KP-00674", "tr_id": "TR-044" }, "geometry": { "type": "Point", "coordinates": [ 25.591985225182274, 61.470431214085593 ] } },
{ "type": "Feature", "properties": { "kp_id": "KP-00675", "tr_id": "TR-044" }, "geometry": { "type": "Point", "coordinates": [ 25.598456955459763, 61.470703775572879 ] } },
{ "type": "Feature", "properties": { "kp_id": "KP-00676", "tr_id": "TR-063" }, "geometry": { "type": "Point", "coordinates": [ 25.752578692393911, 61.472391220513245 ] } },
{ "type": "Feature", "properties": { "kp_id": "KP-00677", "tr_id": "TR-044" }, "geometry": { "type": "Point", "coordinates": [ 25.602564673843958, 61.470940766122162 ] } },
{ "type": "Feature", "properties": { "kp_id": "KP-00678", "tr_id": "TR-063" }, "geometry": { "type": "Point", "coordinates": [ 25.755631190171179, 61.47248631636829 ] } },
{ "type": "Feature", "properties": { "kp_id": "KP-00679", "tr_id": "TR-019" }, "geometry": { "type": "Point", "coordinates": [ 25.709076301450281, 61.472055155409933 ] } },
{ "type": "Feature", "properties": { "kp_id": "KP-00680", "tr_id": "TR-078" }, "geometry": { "type": "Point", "coordinates": [ 25.622403798353417, 61.471380423302456 ] } },
{ "type": "Feature", "properties": { "kp_id": "KP-00681", "tr_id": "TR-063" }, "geometry": { "type": "Point", "coordinates": [ 25.766012650549253, 61.472968932007937 ] } },
{ "type": "Feature", "properties": { "kp_id": "KP-00682", "tr_id": "TR-107" }, "geometry": { "type": "Point", "coordinates": [ 25.692038832550654, 61.472441208800234 ] } },
{ "type": "Feature", "properties": { "kp_id": "KP-00683", "tr_id": "TR-044" }, "geometry": { "type": "Point", "coordinates": [ 25.613103322778851, 61.471691846528167 ] } },
{ "type": "Feature", "properties": { "kp_id": "KP-00684", "tr_id": "TR-078" }, "geometry": { "type": "Point", "coordinates": [ 25.621883518995926, 61.472202167902253 ] } },
{ "type": "Feature", "properties": { "kp_id": "KP-00685", "tr_id": "TR-063" }, "geometry": { "type": "Point", "coordinates": [ 25.764388536038709, 61.473917911126705 ] } },
{ "type": "Feature", "properties": { "kp_id": "KP-00686", "tr_id": "TR-063" }, "geometry": { "type": "Point", "coordinates": [ 25.744125387878587, 61.473812424543098 ] } },
{ "type": "Feature", "properties": { "kp_id": "KP-00687", "tr_id": "TR-044" }, "geometry": { "type": "Point", "coordinates": [ 25.613323546203432, 61.472592062685479 ] } },
{ "type": "Feature", "properties": { "kp_id": "KP-00688", "tr_id": "TR-078" }, "geometry": { "type": "Point", "coordinates": [ 25.616337776134799, 61.472679778705569 ] } },
{ "type": "Feature", "properties": { "kp_id": "KP-00689", "tr_id": "TR-107" }, "geometry": { "type": "Point", "coordinates": [ 25.692167438059663, 61.473433807211677 ] } },
{ "type": "Feature", "properties": { "kp_id": "KP-00690", "tr_id": "TR-107" }, "geometry": { "type": "Point", "coordinates": [ 25.695783813707685, 61.47357319347519 ] } },
{ "type": "Feature", "properties": { "kp_id": "KP-00691", "tr_id": "TR-107" }, "geometry": { "type": "Point", "coordinates": [ 25.699719934649679, 61.473906984833036 ] } },
{ "type": "Feature", "properties": { "kp_id": "KP-00692", "tr_id": "TR-063" }, "geometry": { "type": "Point", "coordinates": [ 25.757307121569639, 61.474477918013868 ] } },
{ "type": "Feature", "properties": { "kp_id": "KP-00693", "tr_id": "TR-069" }, "geometry": { "type": "Point", "coordinates": [ 25.670788127915397, 61.473696434764626 ] } },
{ "type": "Feature", "properties": { "kp_id": "KP-00694", "tr_id": "TR-044" }, "geometry": { "type": "Point", "coordinates": [ 25.603872068147385, 61.473117158106596 ] } },
{ "type": "Feature", "properties": { "kp_id": "KP-00695", "tr_id": "TR-044" }, "geometry": { "type": "Point", "coordinates": [ 25.606656745244532, 61.473154500412576 ] } },
{ "type": "Feature", "properties": { "kp_id": "KP-00696", "tr_id": "TR-019" }, "geometry": { "type": "Point", "coordinates": [ 25.714275684012556, 61.474300989211649 ] } },
{ "type": "Feature", "properties": { "kp_id": "KP-00697", "tr_id": "TR-063" }, "geometry": { "type": "Point", "coordinates": [ 25.766561512836549, 61.474788538254273 ] } },
{ "type": "Feature", "properties": { "kp_id": "KP-00698", "tr_id": "TR-089" }, "geometry": { "type": "Point", "coordinates": [ 25.857458235225355, 61.47574309979796 ] } },
{ "type": "Feature", "properties": { "kp_id": "KP-00699", "tr_id": "TR-089" }, "geometry": { "type": "Point", "coordinates": [ 25.855423285340603, 61.475736107729119 ] } },
{ "type": "Feature", "properties": { "kp_id": "KP-00700", "tr_id": "TR-137" }, "geometry": { "type": "Point", "coordinates": [ 25.593199168308701, 61.473320825839949 ] } },
{ "type": "Feature", "properties": { "kp_id": "KP-00701", "tr_id": "TR-069" }, "geometry": { "type": "Point", "coordinates": [ 25.671588304910834, 61.474186019372588 ] } },
{ "type": "Feature", "properties": { "kp_id": "KP-00702", "tr_id": "TR-063" }, "geometry": { "type": "Point", "coordinates": [ 25.755211219912695, 61.475044523662362 ] } },
{ "type": "Feature", "properties": { "kp_id": "KP-00703", "tr_id": "TR-107" }, "geometry": { "type": "Point", "coordinates": [ 25.694298828575253, 61.474602746984608 ] } },
{ "type": "Feature", "properties": { "kp_id": "KP-00704", "tr_id": "TR-019" }, "geometry": { "type": "Point", "coordinates": [ 25.71118653691121, 61.474858599536027 ] } },
{ "type": "Feature", "properties": { "kp_id": "KP-00705", "tr_id": "TR-063" }, "geometry": { "type": "Point", "coordinates": [ 25.759580173068059, 61.475324585327606 ] } },
{ "type": "Feature", "properties": { "kp_id": "KP-00706", "tr_id": "TR-069" }, "geometry": { "type": "Point", "coordinates": [ 25.673085609907908, 61.474625635529812 ] } },
{ "type": "Feature", "properties": { "kp_id": "KP-00707", "tr_id": "TR-113" }, "geometry": { "type": "Point", "coordinates": [ 25.811677308026518, 61.475980946537845 ] } },
{ "type": "Feature", "properties": { "kp_id": "KP-00708", "tr_id": "TR-044" }, "geometry": { "type": "Point", "coordinates": [ 25.60976646694548, 61.474308672413116 ] } },
{ "type": "Feature", "properties": { "kp_id": "KP-00709", "tr_id": "TR-019" }, "geometry": { "type": "Point", "coordinates": [ 25.712541286657078, 61.47534185454672 ] } },
{ "type": "Feature", "properties": { "kp_id": "KP-00710", "tr_id": "TR-063" }, "geometry": { "type": "Point", "coordinates": [ 25.753321493119156, 61.475747529317296 ] } },
{ "type": "Feature", "properties": { "kp_id": "KP-00711", "tr_id": "TR-063" }, "geometry": { "type": "Point", "coordinates": [ 25.75596347446665, 61.475782724229738 ] } },
{ "type": "Feature", "properties": { "kp_id": "KP-00712", "tr_id": "TR-107" }, "geometry": { "type": "Point", "coordinates": [ 25.696015616906692, 61.475265717738218 ] } },
{ "type": "Feature", "properties": { "kp_id": "KP-00713", "tr_id": "TR-089" }, "geometry": { "type": "Point", "coordinates": [ 25.863090698581722, 61.477217884491104 ] } },
{ "type": "Feature", "properties": { "kp_id": "KP-00714", "tr_id": "TR-019" }, "geometry": { "type": "Point", "coordinates": [ 25.711054732278999, 61.476178622471743 ] } },
{ "type": "Feature", "properties": { "kp_id": "KP-00715", "tr_id": "TR-078" }, "geometry": { "type": "Point", "coordinates": [ 25.628534985756577, 61.475555449335431 ] } },
{ "type": "Feature", "properties": { "kp_id": "KP-00716", "tr_id": "TR-063" }, "geometry": { "type": "Point", "coordinates": [ 25.752840556146769, 61.476758421850924 ] } },
{ "type": "Feature", "properties": { "kp_id": "KP-00717", "tr_id": "TR-019" }, "geometry": { "type": "Point", "coordinates": [ 25.710213893854959, 61.476381876835347 ] } },
{ "type": "Feature", "properties": { "kp_id": "KP-00718", "tr_id": "TR-089" }, "geometry": { "type": "Point", "coordinates": [ 25.873565428137649, 61.477947199997544 ] } },
{ "type": "Feature", "properties": { "kp_id": "KP-00719", "tr_id": "TR-089" }, "geometry": { "type": "Point", "coordinates": [ 25.859467486777568, 61.478183519882151 ] } },
{ "type": "Feature", "properties": { "kp_id": "KP-00720", "tr_id": "TR-089" }, "geometry": { "type": "Point", "coordinates": [ 25.875202991202368, 61.478377947851833 ] } },
{ "type": "Feature", "properties": { "kp_id": "KP-00721", "tr_id": "TR-019" }, "geometry": { "type": "Point", "coordinates": [ 25.698402146071892, 61.476812538681877 ] } },
{ "type": "Feature", "properties": { "kp_id": "KP-00722", "tr_id": "TR-089" }, "geometry": { "type": "Point", "coordinates": [ 25.864345465034432, 61.478382874089434 ] } },
{ "type": "Feature", "properties": { "kp_id": "KP-00723", "tr_id": "TR-063" }, "geometry": { "type": "Point", "coordinates": [ 25.75610442703799, 61.477635974947482 ] } },
{ "type": "Feature", "properties": { "kp_id": "KP-00724", "tr_id": "TR-063" }, "geometry": { "type": "Point", "coordinates": [ 25.762855700444678, 61.477699427192263 ] } },
{ "type": "Feature", "properties": { "kp_id": "KP-00725", "tr_id": "TR-078" }, "geometry": { "type": "Point", "coordinates": [ 25.611841197950081, 61.476252412228632 ] } },
{ "type": "Feature", "properties": { "kp_id": "KP-00726", "tr_id": "TR-059" }, "geometry": { "type": "Point", "coordinates": [ 25.74211916559906, 61.477563478679905 ] } },
{ "type": "Feature", "properties": { "kp_id": "KP-00727", "tr_id": "TR-019" }, "geometry": { "type": "Point", "coordinates": [ 25.714950881903196, 61.47736494239772 ] } },
{ "type": "Feature", "properties": { "kp_id": "KP-00728", "tr_id": "TR-019" }, "geometry": { "type": "Point", "coordinates": [ 25.719856295504762, 61.477456952149304 ] } },
{ "type": "Feature", "properties": { "kp_id": "KP-00729", "tr_id": "TR-019" }, "geometry": { "type": "Point", "coordinates": [ 25.71333727820905, 61.47748368337141 ] } },
{ "type": "Feature", "properties": { "kp_id": "KP-00730", "tr_id": "TR-113" }, "geometry": { "type": "Point", "coordinates": [ 25.829932164301336, 61.478534587490827 ] } },
{ "type": "Feature", "properties": { "kp_id": "KP-00731", "tr_id": "TR-063" }, "geometry": { "type": "Point", "coordinates": [ 25.75367553092579, 61.477998912959727 ] } },
{ "type": "Feature", "properties": { "kp_id": "KP-00732", "tr_id": "TR-019" }, "geometry": { "type": "Point", "coordinates": [ 25.715496890623491, 61.477767102650269 ] } },
{ "type": "Feature", "properties": { "kp_id": "KP-00733", "tr_id": "TR-089" }, "geometry": { "type": "Point", "coordinates": [ 25.872415120528522, 61.479163748989805 ] } },
{ "type": "Feature", "properties": { "kp_id": "KP-00734", "tr_id": "TR-078" }, "geometry": { "type": "Point", "coordinates": [ 25.615195949114025, 61.476896063687896 ] } },
{ "type": "Feature", "properties": { "kp_id": "KP-00735", "tr_id": "TR-089" }, "geometry": { "type": "Point", "coordinates": [ 25.875380017913749, 61.479295876759032 ] } },
{ "type": "Feature", "properties": { "kp_id": "KP-00736", "tr_id": "TR-078" }, "geometry": { "type": "Point", "coordinates": [ 25.628442371269333, 61.477185359172907 ] } },
{ "type": "Feature", "properties": { "kp_id": "KP-00737", "tr_id": "TR-078" }, "geometry": { "type": "Point", "coordinates": [ 25.61366526710173, 61.477052760158855 ] } },
{ "type": "Feature", "properties": { "kp_id": "KP-00738", "tr_id": "TR-059" }, "geometry": { "type": "Point", "coordinates": [ 25.745153769032537, 61.478451842970614 ] } },
{ "type": "Feature", "properties": { "kp_id": "KP-00739", "tr_id": "TR-059" }, "geometry": { "type": "Point", "coordinates": [ 25.743018542954943, 61.478462344736457 ] } },
{ "type": "Feature", "properties": { "kp_id": "KP-00740", "tr_id": "TR-137" }, "geometry": { "type": "Point", "coordinates": [ 25.60734614947609, 61.477175786909754 ] } },
{ "type": "Feature", "properties": { "kp_id": "KP-00741", "tr_id": "TR-137" }, "geometry": { "type": "Point", "coordinates": [ 25.596342732733074, 61.47706706841398 ] } },
{ "type": "Feature", "properties": { "kp_id": "KP-00742", "tr_id": "TR-137" }, "geometry": { "type": "Point", "coordinates": [ 25.591304416088033, 61.477162876138891 ] } },
{ "type": "Feature", "properties": { "kp_id": "KP-00743", "tr_id": "TR-089" }, "geometry": { "type": "Point", "coordinates": [ 25.865555254552412, 61.479822873415088 ] } },
{ "type": "Feature", "properties": { "kp_id": "KP-00744", "tr_id": "TR-113" }, "geometry": { "type": "Point", "coordinates": [ 25.830944843530542, 61.479553633139425 ] } },
{ "type": "Feature", "properties": { "kp_id": "KP-00745", "tr_id": "TR-113" }, "geometry": { "type": "Point", "coordinates": [ 25.812042646569441, 61.479425925873613 ] } },
{ "type": "Feature", "properties": { "kp_id": "KP-00746", "tr_id": "TR-019" }, "geometry": { "type": "Point", "coordinates": [ 25.72484038423055, 61.478668158631287 ] } },
{ "type": "Feature", "properties": { "kp_id": "KP-00747", "tr_id": "TR-059" }, "geometry": { "type": "Point", "coordinates": [ 25.74415607114182, 61.478999060338907 ] } },
{ "type": "Feature", "properties": { "kp_id": "KP-00748", "tr_id": "TR-063" }, "geometry": { "type": "Point", "coordinates": [ 25.76134748091274, 61.47938521547924 ] } },
{ "type": "Feature", "properties": { "kp_id": "KP-00749", "tr_id": "TR-078" }, "geometry": { "type": "Point", "coordinates": [ 25.625764890224058, 61.478090424132091 ] } },
{ "type": "Feature", "properties": { "kp_id": "KP-00750", "tr_id": "TR-078" }, "geometry": { "type": "Point", "coordinates": [ 25.622704400347377, 61.47818585980518 ] } },
{ "type": "Feature", "properties": { "kp_id": "KP-00751", "tr_id": "TR-078" }, "geometry": { "type": "Point", "coordinates": [ 25.617174124497193, 61.478132312680764 ] } },
{ "type": "Feature", "properties": { "kp_id": "KP-00752", "tr_id": "TR-078" }, "geometry": { "type": "Point", "coordinates": [ 25.62794662870159, 61.478405785813329 ] } },
{ "type": "Feature", "properties": { "kp_id": "KP-00753", "tr_id": "TR-089" }, "geometry": { "type": "Point", "coordinates": [ 25.878883581744731, 61.480808625194427 ] } },
{ "type": "Feature", "properties": { "kp_id": "KP-00754", "tr_id": "TR-019" }, "geometry": { "type": "Point", "coordinates": [ 25.724521234009437, 61.479556030325625 ] } },
{ "type": "Feature", "properties": { "kp_id": "KP-00755", "tr_id": "TR-113" }, "geometry": { "type": "Point", "coordinates": [ 25.846613611772415, 61.480664421761169 ] } },
{ "type": "Feature", "properties": { "kp_id": "KP-00756", "tr_id": "TR-137" }, "geometry": { "type": "Point", "coordinates": [ 25.60084681559033, 61.478407350669059 ] } },
{ "type": "Feature", "properties": { "kp_id": "KP-00757", "tr_id": "TR-059" }, "geometry": { "type": "Point", "coordinates": [ 25.727724208245224, 61.479700348151887 ] } },
{ "type": "Feature", "properties": { "kp_id": "KP-00758", "tr_id": "TR-089" }, "geometry": { "type": "Point", "coordinates": [ 25.880192259930375, 61.481241183231873 ] } },
{ "type": "Feature", "properties": { "kp_id": "KP-00759", "tr_id": "TR-113" }, "geometry": { "type": "Point", "coordinates": [ 25.81629499048644, 61.480746315643323 ] } },
{ "type": "Feature", "properties": { "kp_id": "KP-00760", "tr_id": "TR-063" }, "geometry": { "type": "Point", "coordinates": [ 25.75805345928946, 61.480277529137972 ] } },
{ "type": "Feature", "properties": { "kp_id": "KP-00761", "tr_id": "TR-137" }, "geometry": { "type": "Point", "coordinates": [ 25.590751898410439, 61.47868387937342 ] } },
{ "type": "Feature", "properties": { "kp_id": "KP-00762", "tr_id": "TR-019" }, "geometry": { "type": "Point", "coordinates": [ 25.697022309563227, 61.479854595712958 ] } },
{ "type": "Feature", "properties": { "kp_id": "KP-00763", "tr_id": "TR-137" }, "geometry": { "type": "Point", "coordinates": [ 25.606760394672225, 61.479174568749443 ] } },
{ "type": "Feature", "properties": { "kp_id": "KP-00764", "tr_id": "TR-089" }, "geometry": { "type": "Point", "coordinates": [ 25.881956498841745, 61.481934645960521 ] } },
{ "type": "Feature", "properties": { "kp_id": "KP-00765", "tr_id": "TR-137" }, "geometry": { "type": "Point", "coordinates": [ 25.60155433344271, 61.479475885981309 ] } },
{ "type": "Feature", "properties": { "kp_id": "KP-00766", "tr_id": "TR-019" }, "geometry": { "type": "Point", "coordinates": [ 25.71625334414172, 61.480629533874158 ] } },
{ "type": "Feature", "properties": { "kp_id": "KP-00767", "tr_id": "TR-113" }, "geometry": { "type": "Point", "coordinates": [ 25.818530363438555, 61.48159052536446 ] } },
{ "type": "Feature", "properties": { "kp_id": "KP-00768", "tr_id": "TR-063" }, "geometry": { "type": "Point", "coordinates": [ 25.753284111043506, 61.481066192719489 ] } },
{ "type": "Feature", "properties": { "kp_id": "KP-00769", "tr_id": "TR-059" }, "geometry": { "type": "Point", "coordinates": [ 25.731288407310295, 61.480910436732067 ] } },
{ "type": "Feature", "properties": { "kp_id": "KP-00770", "tr_id": "TR-069" }, "geometry": { "type": "Point", "coordinates": [ 25.675968798955878, 61.480408712607797 ] } },
{ "type": "Feature", "properties": { "kp_id": "KP-00771", "tr_id": "TR-089" }, "geometry": { "type": "Point", "coordinates": [ 25.883379289595712, 61.482440442137694 ] } },
{ "type": "Feature", "properties": { "kp_id": "KP-00772", "tr_id": "TR-113" }, "geometry": { "type": "Point", "coordinates": [ 25.833763266005352, 61.482062256866449 ] } },
{ "type": "Feature", "properties": { "kp_id": "KP-00773", "tr_id": "TR-078" }, "geometry": { "type": "Point", "coordinates": [ 25.622776434863326, 61.480140026412073 ] } },
{ "type": "Feature", "properties": { "kp_id": "KP-00774", "tr_id": "TR-069" }, "geometry": { "type": "Point", "coordinates": [ 25.676895980611597, 61.480874807896882 ] } },
{ "type": "Feature", "properties": { "kp_id": "KP-00775", "tr_id": "TR-137" }, "geometry": { "type": "Point", "coordinates": [ 25.601996027598965, 61.480141046799716 ] } },
{ "type": "Feature", "properties": { "kp_id": "KP-00776", "tr_id": "TR-078" }, "geometry": { "type": "Point", "coordinates": [ 25.625942691141098, 61.480542630351799 ] } },
{ "type": "Feature", "properties": { "kp_id": "KP-00777", "tr_id": "TR-069" }, "geometry": { "type": "Point", "coordinates": [ 25.650475603430355, 61.480809655467638 ] } },
{ "type": "Feature", "properties": { "kp_id": "KP-00778", "tr_id": "TR-137" }, "geometry": { "type": "Point", "coordinates": [ 25.603469920460959, 61.480426892826451 ] } },
{ "type": "Feature", "properties": { "kp_id": "KP-00779", "tr_id": "TR-059" }, "geometry": { "type": "Point", "coordinates": [ 25.750426760704563, 61.481960326073299 ] } },
{ "type": "Feature", "properties": { "kp_id": "KP-00780", "tr_id": "TR-069" }, "geometry": { "type": "Point", "coordinates": [ 25.67357596153462, 61.481250230939438 ] } },
{ "type": "Feature", "properties": { "kp_id": "KP-00781", "tr_id": "TR-078" }, "geometry": { "type": "Point", "coordinates": [ 25.626745396408943, 61.480905850205254 ] } },
{ "type": "Feature", "properties": { "kp_id": "KP-00782", "tr_id": "TR-078" }, "geometry": { "type": "Point", "coordinates": [ 25.628283187232167, 61.480970864975674 ] } },
{ "type": "Feature", "properties": { "kp_id": "KP-00783", "tr_id": "TR-019" }, "geometry": { "type": "Point", "coordinates": [ 25.709540877721185, 61.481806861091258 ] } },
{ "type": "Feature", "properties": { "kp_id": "KP-00784", "tr_id": "TR-137" }, "geometry": { "type": "Point", "coordinates": [ 25.598398613197478, 61.480712982036074 ] } },
{ "type": "Feature", "properties": { "kp_id": "KP-00785", "tr_id": "TR-078" }, "geometry": { "type": "Point", "coordinates": [ 25.633165654888746, 61.481096713180484 ] } },
{ "type": "Feature", "properties": { "kp_id": "KP-00786", "tr_id": "TR-069" }, "geometry": { "type": "Point", "coordinates": [ 25.675463317506807, 61.481685717223428 ] } },
{ "type": "Feature", "properties": { "kp_id": "KP-00787", "tr_id": "TR-078" }, "geometry": { "type": "Point", "coordinates": [ 25.630521386581854, 61.481247052607735 ] } },
{ "type": "Feature", "properties": { "kp_id": "KP-00788", "tr_id": "TR-069" }, "geometry": { "type": "Point", "coordinates": [ 25.667299598192152, 61.481648754019794 ] } },
{ "type": "Feature", "properties": { "kp_id": "KP-00789", "tr_id": "TR-089" }, "geometry": { "type": "Point", "coordinates": [ 25.885166588132627, 61.483656996473449 ] } },
{ "type": "Feature", "properties": { "kp_id": "KP-00790", "tr_id": "TR-137" }, "geometry": { "type": "Point", "coordinates": [ 25.600312051006451, 61.481261470813607 ] } },
{ "type": "Feature", "properties": { "kp_id": "KP-00791", "tr_id": "TR-019" }, "geometry": { "type": "Point", "coordinates": [ 25.712804528582243, 61.482522629415669 ] } },
{ "type": "Feature", "properties": { "kp_id": "KP-00792", "tr_id": "TR-137" }, "geometry": { "type": "Point", "coordinates": [ 25.591809569304605, 61.481338786278208 ] } },
{ "type": "Feature", "properties": { "kp_id": "KP-00793", "tr_id": "TR-078" }, "geometry": { "type": "Point", "coordinates": [ 25.629050251158912, 61.481994652339644 ] } },
{ "type": "Feature", "properties": { "kp_id": "KP-00794", "tr_id": "TR-078" }, "geometry": { "type": "Point", "coordinates": [ 25.622469286777203, 61.482108207900488 ] } },
{ "type": "Feature", "properties": { "kp_id": "KP-00795", "tr_id": "TR-019" }, "geometry": { "type": "Point", "coordinates": [ 25.713781314799025, 61.483057789434355 ] } },
{ "type": "Feature", "properties": { "kp_id": "KP-00796", "tr_id": "TR-059" }, "geometry": { "type": "Point", "coordinates": [ 25.74615408030785, 61.483381327837613 ] } },
{ "type": "Feature", "properties": { "kp_id": "KP-00797", "tr_id": "TR-059" }, "geometry": { "type": "Point", "coordinates": [ 25.736447586589478, 61.483315030881137 ] } },
{ "type": "Feature", "properties": { "kp_id": "KP-00798", "tr_id": "TR-059" }, "geometry": { "type": "Point", "coordinates": [ 25.734386398972813, 61.483407570570535 ] } },
{ "type": "Feature", "properties": { "kp_id": "KP-00799", "tr_id": "TR-019" }, "geometry": { "type": "Point", "coordinates": [ 25.715990734974927, 61.483333474144651 ] } },
{ "type": "Feature", "properties": { "kp_id": "KP-00800", "tr_id": "TR-089" }, "geometry": { "type": "Point", "coordinates": [ 25.871784739958606, 61.484951926326758 ] } },
{ "type": "Feature", "properties": { "kp_id": "KP-00801", "tr_id": "TR-089" }, "geometry": { "type": "Point", "coordinates": [ 25.871683827046301, 61.484951763830516 ] } },
{ "type": "Feature", "properties": { "kp_id": "KP-00802", "tr_id": "TR-078" }, "geometry": { "type": "Point", "coordinates": [ 25.617550448133443, 61.482698033203015 ] } },
{ "type": "Feature", "properties": { "kp_id": "KP-00803", "tr_id": "TR-059" }, "geometry": { "type": "Point", "coordinates": [ 25.733682048142512, 61.483843857324963 ] } },
{ "type": "Feature", "properties": { "kp_id": "KP-00804", "tr_id": "TR-059" }, "geometry": { "type": "Point", "coordinates": [ 25.745214797461088, 61.483995602853661 ] } },
{ "type": "Feature", "properties": { "kp_id": "KP-00805", "tr_id": "TR-069" }, "geometry": { "type": "Point", "coordinates": [ 25.670367987858988, 61.483418807593871 ] } },
{ "type": "Feature", "properties": { "kp_id": "KP-00806", "tr_id": "TR-137" }, "geometry": { "type": "Point", "coordinates": [ 25.595347149700487, 61.482678411848418 ] } },
{ "type": "Feature", "properties": { "kp_id": "KP-00807", "tr_id": "TR-059" }, "geometry": { "type": "Point", "coordinates": [ 25.731896663383747, 61.484113670269863 ] } },
{ "type": "Feature", "properties": { "kp_id": "KP-00808", "tr_id": "TR-078" }, "geometry": { "type": "Point", "coordinates": [ 25.631614463813516, 61.48317776666282 ] } },
{ "type": "Feature", "properties": { "kp_id": "KP-00809", "tr_id": "TR-019" }, "geometry": { "type": "Point", "coordinates": [ 25.698086523823878, 61.483832604640206 ] } },
{ "type": "Feature", "properties": { "kp_id": "KP-00810", "tr_id": "TR-059" }, "geometry": { "type": "Point", "coordinates": [ 25.727942236691423, 61.484199818874863 ] } },
{ "type": "Feature", "properties": { "kp_id": "KP-00811", "tr_id": "TR-069" }, "geometry": { "type": "Point", "coordinates": [ 25.650864010141223, 61.483624065198811 ] } },
{ "type": "Feature", "properties": { "kp_id": "KP-00812", "tr_id": "TR-113" }, "geometry": { "type": "Point", "coordinates": [ 25.837921531685161, 61.48537759312655 ] } },
{ "type": "Feature", "properties": { "kp_id": "KP-00813", "tr_id": "TR-019" }, "geometry": { "type": "Point", "coordinates": [ 25.719147904217419, 61.48439838021028 ] } },
{ "type": "Feature", "properties": { "kp_id": "KP-00814", "tr_id": "TR-137" }, "geometry": { "type": "Point", "coordinates": [ 25.588674150785497, 61.483222434617488 ] } },
{ "type": "Feature", "properties": { "kp_id": "KP-00815", "tr_id": "TR-113" }, "geometry": { "type": "Point", "coordinates": [ 25.834345037055524, 61.485649421130759 ] } },
{ "type": "Feature", "properties": { "kp_id": "KP-00816", "tr_id": "TR-059" }, "geometry": { "type": "Point", "coordinates": [ 25.733472449276825, 61.485139931026779 ] } },
{ "type": "Feature", "properties": { "kp_id": "KP-00817", "tr_id": "TR-019" }, "geometry": { "type": "Point", "coordinates": [ 25.697313064791427, 61.484833695770924 ] } },
{ "type": "Feature", "properties": { "kp_id": "KP-00818", "tr_id": "TR-019" }, "geometry": { "type": "Point", "coordinates": [ 25.718079857312247, 61.485125334807393 ] } },
{ "type": "Feature", "properties": { "kp_id": "KP-00819", "tr_id": "TR-137" }, "geometry": { "type": "Point", "coordinates": [ 25.592869105542494, 61.484041899781431 ] } },
{ "type": "Feature", "properties": { "kp_id": "KP-00820", "tr_id": "TR-059" }, "geometry": { "type": "Point", "coordinates": [ 25.721240980451316, 61.485373259127201 ] } },
{ "type": "Feature", "properties": { "kp_id": "KP-00821", "tr_id": "TR-089" }, "geometry": { "type": "Point", "coordinates": [ 25.882287994468278, 61.486839196728091 ] } },
{ "type": "Feature", "properties": { "kp_id": "KP-00822", "tr_id": "TR-059" }, "geometry": { "type": "Point", "coordinates": [ 25.730028398656351, 61.485579626311804 ] } },
{ "type": "Feature", "properties": { "kp_id": "KP-00823", "tr_id": "TR-059" }, "geometry": { "type": "Point", "coordinates": [ 25.727113970590125, 61.485576709669743 ] } },
{ "type": "Feature", "properties": { "kp_id": "KP-00824", "tr_id": "TR-059" }, "geometry": { "type": "Point", "coordinates": [ 25.739063456901359, 61.486056250099487 ] } },
{ "type": "Feature", "properties": { "kp_id": "KP-00825", "tr_id": "TR-059" }, "geometry": { "type": "Point", "coordinates": [ 25.72605691337203, 61.486062680143583 ] } },
{ "type": "Feature", "properties": { "kp_id": "KP-00826", "tr_id": "TR-059" }, "geometry": { "type": "Point", "coordinates": [ 25.741611212576842, 61.486265103269751 ] } },
{ "type": "Feature", "properties": { "kp_id": "KP-00827", "tr_id": "TR-113" }, "geometry": { "type": "Point", "coordinates": [ 25.828570781215181, 61.487065828067628 ] } },
{ "type": "Feature", "properties": { "kp_id": "KP-00828", "tr_id": "TR-019" }, "geometry": { "type": "Point", "coordinates": [ 25.697509666996556, 61.486042793524618 ] } },
{ "type": "Feature", "properties": { "kp_id": "KP-00829", "tr_id": "TR-059" }, "geometry": { "type": "Point", "coordinates": [ 25.737625776899375, 61.486476838600531 ] } },
{ "type": "Feature", "properties": { "kp_id": "KP-00830", "tr_id": "TR-104" }, "geometry": { "type": "Point", "coordinates": [ 25.583825038310582, 61.485053424351996 ] } },
{ "type": "Feature", "properties": { "kp_id": "KP-00831", "tr_id": "TR-089" }, "geometry": { "type": "Point", "coordinates": [ 25.879518251796465, 61.48781226938506 ] } },
{ "type": "Feature", "properties": { "kp_id": "KP-00832", "tr_id": "TR-125" }, "geometry": { "type": "Point", "coordinates": [ 25.627488952445727, 61.485510483111945 ] } },
{ "type": "Feature", "properties": { "kp_id": "KP-00833", "tr_id": "TR-089" }, "geometry": { "type": "Point", "coordinates": [ 25.877521595717916, 61.487842940815867 ] } },
{ "type": "Feature", "properties": { "kp_id": "KP-00834", "tr_id": "TR-019" }, "geometry": { "type": "Point", "coordinates": [ 25.716134522465357, 61.486560046588771 ] } },
{ "type": "Feature", "properties": { "kp_id": "KP-00835", "tr_id": "TR-137" }, "geometry": { "type": "Point", "coordinates": [ 25.611331391973032, 61.485608126468286 ] } },
{ "type": "Feature", "properties": { "kp_id": "KP-00836", "tr_id": "TR-125" }, "geometry": { "type": "Point", "coordinates": [ 25.640540872558709, 61.48594620655814 ] } },
{ "type": "Feature", "properties": { "kp_id": "KP-00837", "tr_id": "TR-134" }, "geometry": { "type": "Point", "coordinates": [ 25.651391877332223, 61.486400696766538 ] } },
{ "type": "Feature", "properties": { "kp_id": "KP-00838", "tr_id": "TR-089" }, "geometry": { "type": "Point", "coordinates": [ 25.871324645001724, 61.488479561137623 ] } },
{ "type": "Feature", "properties": { "kp_id": "KP-00839", "tr_id": "TR-089" }, "geometry": { "type": "Point", "coordinates": [ 25.878402691846198, 61.488698330464842 ] } },
{ "type": "Feature", "properties": { "kp_id": "KP-00840", "tr_id": "TR-072" }, "geometry": { "type": "Point", "coordinates": [ 25.698275782477623, 61.487168067659525 ] } },
{ "type": "Feature", "properties": { "kp_id": "KP-00841", "tr_id": "TR-069" }, "geometry": { "type": "Point", "coordinates": [ 25.67395381759232, 61.487029272049888 ] } },
{ "type": "Feature", "properties": { "kp_id": "KP-00842", "tr_id": "TR-104" }, "geometry": { "type": "Point", "coordinates": [ 25.588399602118482, 61.486347252047736 ] } },
{ "type": "Feature", "properties": { "kp_id": "KP-00843", "tr_id": "TR-125" }, "geometry": { "type": "Point", "coordinates": [ 25.627026722899906, 61.486916800088032 ] } },
{ "type": "Feature", "properties": { "kp_id": "KP-00844", "tr_id": "TR-072" }, "geometry": { "type": "Point", "coordinates": [ 25.717635191458783, 61.487825701129061 ] } },
{ "type": "Feature", "properties": { "kp_id": "KP-00845", "tr_id": "TR-036" }, "geometry": { "type": "Point", "coordinates": [ 25.876847439652046, 61.489441170161975 ] } },
{ "type": "Feature", "properties": { "kp_id": "KP-00846", "tr_id": "TR-104" }, "geometry": { "type": "Point", "coordinates": [ 25.571753868580082, 61.486587803674105 ] } },
{ "type": "Feature", "properties": { "kp_id": "KP-00847", "tr_id": "TR-125" }, "geometry": { "type": "Point", "coordinates": [ 25.615817974298711, 61.487123060969253 ] } },
{ "type": "Feature", "properties": { "kp_id": "KP-00848", "tr_id": "TR-059" }, "geometry": { "type": "Point", "coordinates": [ 25.733345371498029, 61.488307569205297 ] } },
{ "type": "Feature", "properties": { "kp_id": "KP-00849", "tr_id": "TR-113" }, "geometry": { "type": "Point", "coordinates": [ 25.828010258251279, 61.489181125218359 ] } },
{ "type": "Feature", "properties": { "kp_id": "KP-00850", "tr_id": "TR-125" }, "geometry": { "type": "Point", "coordinates": [ 25.632977203682767, 61.487382735477603 ] } },
{ "type": "Feature", "properties": { "kp_id": "KP-00851", "tr_id": "TR-104" }, "geometry": { "type": "Point", "coordinates": [ 25.58659610391183, 61.48691164119208 ] } },
{ "type": "Feature", "properties": { "kp_id": "KP-00852", "tr_id": "TR-104" }, "geometry": { "type": "Point", "coordinates": [ 25.589684228916365, 61.48695872724192 ] } },
{ "type": "Feature", "properties": { "kp_id": "KP-00853", "tr_id": "TR-125" }, "geometry": { "type": "Point", "coordinates": [ 25.642096745777675, 61.487496456311767 ] } },
{ "type": "Feature", "properties": { "kp_id": "KP-00854", "tr_id": "TR-059" }, "geometry": { "type": "Point", "coordinates": [ 25.738211989709239, 61.488436030444348 ] } },
{ "type": "Feature", "properties": { "kp_id": "KP-00855", "tr_id": "TR-104" }, "geometry": { "type": "Point", "coordinates": [ 25.574928331896768, 61.487223142548892 ] } },
{ "type": "Feature", "properties": { "kp_id": "KP-00856", "tr_id": "TR-072" }, "geometry": { "type": "Point", "coordinates": [ 25.698600382130515, 61.488575180460032 ] } },
{ "type": "Feature", "properties": { "kp_id": "KP-00857", "tr_id": "TR-059" }, "geometry": { "type": "Point", "coordinates": [ 25.72747162046528, 61.48914824724401 ] } },
{ "type": "Feature", "properties": { "kp_id": "KP-00858", "tr_id": "TR-072" }, "geometry": { "type": "Point", "coordinates": [ 25.718898737931017, 61.489099818436735 ] } },
{ "type": "Feature", "properties": { "kp_id": "KP-00859", "tr_id": "TR-104" }, "geometry": { "type": "Point", "coordinates": [ 25.586618720231634, 61.487810213204895 ] } },
{ "type": "Feature", "properties": { "kp_id": "KP-00860", "tr_id": "TR-036" }, "geometry": { "type": "Point", "coordinates": [ 25.875327540054958, 61.490547837122278 ] } },
{ "type": "Feature", "properties": { "kp_id": "KP-00861", "tr_id": "TR-072" }, "geometry": { "type": "Point", "coordinates": [ 25.714804057365356, 61.489271544448478 ] } },
{ "type": "Feature", "properties": { "kp_id": "KP-00862", "tr_id": "TR-059" }, "geometry": { "type": "Point", "coordinates": [ 25.732633797022881, 61.489502762812755 ] } },
{ "type": "Feature", "properties": { "kp_id": "KP-00863", "tr_id": "TR-134" }, "geometry": { "type": "Point", "coordinates": [ 25.656219128312795, 61.488876977855327 ] } },
{ "type": "Feature", "properties": { "kp_id": "KP-00864", "tr_id": "TR-059" }, "geometry": { "type": "Point", "coordinates": [ 25.731559188070481, 61.489647368000696 ] } },
{ "type": "Feature", "properties": { "kp_id": "KP-00865", "tr_id": "TR-134" }, "geometry": { "type": "Point", "coordinates": [ 25.657293524581714, 61.489000711928831 ] } },
{ "type": "Feature", "properties": { "kp_id": "KP-00866", "tr_id": "TR-104" }, "geometry": { "type": "Point", "coordinates": [ 25.596525759529349, 61.488436956876022 ] } },
{ "type": "Feature", "properties": { "kp_id": "KP-00867", "tr_id": "TR-082" }, "geometry": { "type": "Point", "coordinates": [ 25.439803666349359, 61.486902617829926 ] } },
{ "type": "Feature", "properties": { "kp_id": "KP-00868", "tr_id": "TR-104" }, "geometry": { "type": "Point", "coordinates": [ 25.593645871492281, 61.488666726218767 ] } },
{ "type": "Feature", "properties": { "kp_id": "KP-00869", "tr_id": "TR-104" }, "geometry": { "type": "Point", "coordinates": [ 25.577951352764853, 61.488532728554659 ] } },
{ "type": "Feature", "properties": { "kp_id": "KP-00870", "tr_id": "TR-072" }, "geometry": { "type": "Point", "coordinates": [ 25.717960566981805, 61.489941987072257 ] } },
{ "type": "Feature", "properties": { "kp_id": "KP-00871", "tr_id": "TR-036" }, "geometry": { "type": "Point", "coordinates": [ 25.879035144471725, 61.491377788912011 ] } },
{ "type": "Feature", "properties": { "kp_id": "KP-00872", "tr_id": "TR-104" }, "geometry": { "type": "Point", "coordinates": [ 25.595163170677889, 61.488837439493906 ] } },
{ "type": "Feature", "properties": { "kp_id": "KP-00873", "tr_id": "TR-134" }, "geometry": { "type": "Point", "coordinates": [ 25.660654786457492, 61.489640289064155 ] } },
{ "type": "Feature", "properties": { "kp_id": "KP-00874", "tr_id": "TR-072" }, "geometry": { "type": "Point", "coordinates": [ 25.696746942655921, 61.490127627654054 ] } },
{ "type": "Feature", "properties": { "kp_id": "KP-00875", "tr_id": "TR-104" }, "geometry": { "type": "Point", "coordinates": [ 25.5816928782024, 61.489009913514458 ] } },
{ "type": "Feature", "properties": { "kp_id": "KP-00876", "tr_id": "TR-104" }, "geometry": { "type": "Point", "coordinates": [ 25.587601309278458, 61.489095715564872 ] } },
{ "type": "Feature", "properties": { "kp_id": "KP-00877", "tr_id": "TR-059" }, "geometry": { "type": "Point", "coordinates": [ 25.730886373917293, 61.490545912562276 ] } },
{ "type": "Feature", "properties": { "kp_id": "KP-00878", "tr_id": "TR-072" }, "geometry": { "type": "Point", "coordinates": [ 25.698470428938315, 61.490259855575083 ] } },
{ "type": "Feature", "properties": { "kp_id": "KP-00879", "tr_id": "TR-134" }, "geometry": { "type": "Point", "coordinates": [ 25.658717570951001, 61.489955544316288 ] } },
{ "type": "Feature", "properties": { "kp_id": "KP-00880", "tr_id": "TR-134" }, "geometry": { "type": "Point", "coordinates": [ 25.65573797878293, 61.489959197338464 ] } },
{ "type": "Feature", "properties": { "kp_id": "KP-00881", "tr_id": "TR-036" }, "geometry": { "type": "Point", "coordinates": [ 25.879137514754312, 61.49218768242018 ] } },
{ "type": "Feature", "properties": { "kp_id": "KP-00882", "tr_id": "TR-072" }, "geometry": { "type": "Point", "coordinates": [ 25.718793346561657, 61.49083259866736 ] } },
{ "type": "Feature", "properties": { "kp_id": "KP-00883", "tr_id": "TR-125" }, "geometry": { "type": "Point", "coordinates": [ 25.630142207375542, 61.489974292123009 ] } },
{ "type": "Feature", "properties": { "kp_id": "KP-00884", "tr_id": "TR-072" }, "geometry": { "type": "Point", "coordinates": [ 25.700672168638096, 61.490685344648035 ] } },
{ "type": "Feature", "properties": { "kp_id": "KP-00885", "tr_id": "TR-134" }, "geometry": { "type": "Point", "coordinates": [ 25.658043328424704, 61.490278781836459 ] } },
{ "type": "Feature", "properties": { "kp_id": "KP-00886", "tr_id": "TR-072" }, "geometry": { "type": "Point", "coordinates": [ 25.714183063048871, 61.490852151710108 ] } },
{ "type": "Feature", "properties": { "kp_id": "KP-00887", "tr_id": "TR-024" }, "geometry": { "type": "Point", "coordinates": [ 25.566763810684407, 61.48938675057888 ] } },
{ "type": "Feature", "properties": { "kp_id": "KP-00888", "tr_id": "TR-036" }, "geometry": { "type": "Point", "coordinates": [ 25.880923872552945, 61.492602112525454 ] } },
{ "type": "Feature", "properties": { "kp_id": "KP-00889", "tr_id": "TR-104" }, "geometry": { "type": "Point", "coordinates": [ 25.585598669910755, 61.489992893804512 ] } },
{ "type": "Feature", "properties": { "kp_id": "KP-00890", "tr_id": "TR-072" }, "geometry": { "type": "Point", "coordinates": [ 25.709228486113361, 61.491234870776722 ] } },
{ "type": "Feature", "properties": { "kp_id": "KP-00891", "tr_id": "TR-125" }, "geometry": { "type": "Point", "coordinates": [ 25.635551024920446, 61.490537348065722 ] } },
{ "type": "Feature", "properties": { "kp_id": "KP-00892", "tr_id": "TR-134" }, "geometry": { "type": "Point", "coordinates": [ 25.657410987884955, 61.49086778737729 ] } },
{ "type": "Feature", "properties": { "kp_id": "KP-00893", "tr_id": "TR-072" }, "geometry": { "type": "Point", "coordinates": [ 25.722314743681086, 61.491496616521637 ] } },
{ "type": "Feature", "properties": { "kp_id": "KP-00894", "tr_id": "TR-134" }, "geometry": { "type": "Point", "coordinates": [ 25.681043904257557, 61.491146999929441 ] } },
{ "type": "Feature", "properties": { "kp_id": "KP-00895", "tr_id": "TR-059" }, "geometry": { "type": "Point", "coordinates": [ 25.73015983926183, 61.491634155946812 ] } },
{ "type": "Feature", "properties": { "kp_id": "KP-00896", "tr_id": "TR-072" }, "geometry": { "type": "Point", "coordinates": [ 25.706029218465932, 61.491431735519875 ] } },
{ "type": "Feature", "properties": { "kp_id": "KP-00897", "tr_id": "TR-104" }, "geometry": { "type": "Point", "coordinates": [ 25.580532736623184, 61.490205367555689 ] } },
{ "type": "Feature", "properties": { "kp_id": "KP-00898", "tr_id": "TR-024" }, "geometry": { "type": "Point", "coordinates": [ 25.566484802442535, 61.490108336426289 ] } },
{ "type": "Feature", "properties": { "kp_id": "KP-00899", "tr_id": "TR-024" }, "geometry": { "type": "Point", "coordinates": [ 25.569085267446429, 61.490306455191821 ] } },
{ "type": "Feature", "properties": { "kp_id": "KP-00900", "tr_id": "TR-125" }, "geometry": { "type": "Point", "coordinates": [ 25.616080093909538, 61.490830819374082 ] } },
{ "type": "Feature", "properties": { "kp_id": "KP-00901", "tr_id": "TR-036" }, "geometry": { "type": "Point", "coordinates": [ 25.88180120617729, 61.493350587364681 ] } },
{ "type": "Feature", "properties": { "kp_id": "KP-00902", "tr_id": "TR-072" }, "geometry": { "type": "Point", "coordinates": [ 25.695464753540282, 61.491785614975782 ] } },
{ "type": "Feature", "properties": { "kp_id": "KP-00903", "tr_id": "TR-134" }, "geometry": { "type": "Point", "coordinates": [ 25.653077039104694, 61.491442139962835 ] } },
{ "type": "Feature", "properties": { "kp_id": "KP-00904", "tr_id": "TR-134" }, "geometry": { "type": "Point", "coordinates": [ 25.64893404572798, 61.491528013942641 ] } },
{ "type": "Feature", "properties": { "kp_id": "KP-00905", "tr_id": "TR-024" }, "geometry": { "type": "Point", "coordinates": [ 25.564065728193526, 61.490779840036083 ] } },
{ "type": "Feature", "properties": { "kp_id": "KP-00906", "tr_id": "TR-134" }, "geometry": { "type": "Point", "coordinates": [ 25.646741533240956, 61.491797738671849 ] } },
{ "type": "Feature", "properties": { "kp_id": "KP-00907", "tr_id": "TR-072" }, "geometry": { "type": "Point", "coordinates": [ 25.695435822373799, 61.492396514840422 ] } },
{ "type": "Feature", "properties": { "kp_id": "KP-00908", "tr_id": "TR-134" }, "geometry": { "type": "Point", "coordinates": [ 25.656250000829839, 61.492020645464784 ] } },
{ "type": "Feature", "properties": { "kp_id": "KP-00909", "tr_id": "TR-072" }, "geometry": { "type": "Point", "coordinates": [ 25.707091074606279, 61.492530936551042 ] } },
{ "type": "Feature", "properties": { "kp_id": "KP-00910", "tr_id": "TR-024" }, "geometry": { "type": "Point", "coordinates": [ 25.572189714822382, 61.491223207286183 ] } },
{ "type": "Feature", "properties": { "kp_id": "KP-00911", "tr_id": "TR-072" }, "geometry": { "type": "Point", "coordinates": [ 25.698850707172909, 61.492574180533872 ] } },
{ "type": "Feature", "properties": { "kp_id": "KP-00912", "tr_id": "TR-134" }, "geometry": { "type": "Point", "coordinates": [ 25.651655563984164, 61.492129509653189 ] } },
{ "type": "Feature", "properties": { "kp_id": "KP-00913", "tr_id": "TR-024" }, "geometry": { "type": "Point", "coordinates": [ 25.561535196037283, 61.491254681762811 ] } },
{ "type": "Feature", "properties": { "kp_id": "KP-00914", "tr_id": "TR-134" }, "geometry": { "type": "Point", "coordinates": [ 25.661522556706469, 61.492328569238083 ] } },
{ "type": "Feature", "properties": { "kp_id": "KP-00915", "tr_id": "TR-072" }, "geometry": { "type": "Point", "coordinates": [ 25.69744262773899, 61.492722822899125 ] } },
{ "type": "Feature", "properties": { "kp_id": "KP-00916", "tr_id": "TR-072" }, "geometry": { "type": "Point", "coordinates": [ 25.711285664267102, 61.492917507219872 ] } },
{ "type": "Feature", "properties": { "kp_id": "KP-00917", "tr_id": "TR-072" }, "geometry": { "type": "Point", "coordinates": [ 25.694260255445805, 61.492816313347603 ] } },
{ "type": "Feature", "properties": { "kp_id": "KP-00918", "tr_id": "TR-072" }, "geometry": { "type": "Point", "coordinates": [ 25.705682066240744, 61.492928695943384 ] } },
{ "type": "Feature", "properties": { "kp_id": "KP-00919", "tr_id": "TR-072" }, "geometry": { "type": "Point", "coordinates": [ 25.70384375008566, 61.492927483585071 ] } },
{ "type": "Feature", "properties": { "kp_id": "KP-00920", "tr_id": "TR-036" }, "geometry": { "type": "Point", "coordinates": [ 25.880984031214933, 61.494507083746804 ] } },
{ "type": "Feature", "properties": { "kp_id": "KP-00921", "tr_id": "TR-125" }, "geometry": { "type": "Point", "coordinates": [ 25.642477085706105, 61.492429796255955 ] } },
{ "type": "Feature", "properties": { "kp_id": "KP-00922", "tr_id": "TR-036" }, "geometry": { "type": "Point", "coordinates": [ 25.873165511341789, 61.494563675017972 ] } },
{ "type": "Feature", "properties": { "kp_id": "KP-00923", "tr_id": "TR-125" }, "geometry": { "type": "Point", "coordinates": [ 25.619755365918707, 61.492258762580072 ] } },
{ "type": "Feature", "properties": { "kp_id": "KP-00924", "tr_id": "TR-036" }, "geometry": { "type": "Point", "coordinates": [ 25.884255845646905, 61.494686863494373 ] } },
{ "type": "Feature", "properties": { "kp_id": "KP-00925", "tr_id": "TR-072" }, "geometry": { "type": "Point", "coordinates": [ 25.727522260804026, 61.49335972261769 ] } },
{ "type": "Feature", "properties": { "kp_id": "KP-00926", "tr_id": "TR-134" }, "geometry": { "type": "Point", "coordinates": [ 25.655933646406496, 61.492690485278516 ] } },
{ "type": "Feature", "properties": { "kp_id": "KP-00927", "tr_id": "TR-024" }, "geometry": { "type": "Point", "coordinates": [ 25.568661210661016, 61.491871034324291 ] } },
{ "type": "Feature", "properties": { "kp_id": "KP-00928", "tr_id": "TR-072" }, "geometry": { "type": "Point", "coordinates": [ 25.699815849188873, 61.493190493047386 ] } },
{ "type": "Feature", "properties": { "kp_id": "KP-00929", "tr_id": "TR-125" }, "geometry": { "type": "Point", "coordinates": [ 25.636613237690622, 61.492786494399532 ] } },
{ "type": "Feature", "properties": { "kp_id": "KP-00930", "tr_id": "TR-125" }, "geometry": { "type": "Point", "coordinates": [ 25.620350866766646, 61.492626651015087 ] } },
{ "type": "Feature", "properties": { "kp_id": "KP-00931", "tr_id": "TR-125" }, "geometry": { "type": "Point", "coordinates": [ 25.639223040451583, 61.492850697672559 ] } },
{ "type": "Feature", "properties": { "kp_id": "KP-00932", "tr_id": "TR-125" }, "geometry": { "type": "Point", "coordinates": [ 25.633604954526074, 61.492797688615532 ] } },
{ "type": "Feature", "properties": { "kp_id": "KP-00933", "tr_id": "TR-072" }, "geometry": { "type": "Point", "coordinates": [ 25.717281425790919, 61.493674518752762 ] } },
{ "type": "Feature", "properties": { "kp_id": "KP-00934", "tr_id": "TR-072" }, "geometry": { "type": "Point", "coordinates": [ 25.698519403557249, 61.493514917407445 ] } },
{ "type": "Feature", "properties": { "kp_id": "KP-00935", "tr_id": "TR-125" }, "geometry": { "type": "Point", "coordinates": [ 25.614088030056518, 61.492710478475367 ] } },
{ "type": "Feature", "properties": { "kp_id": "KP-00936", "tr_id": "TR-134" }, "geometry": { "type": "Point", "coordinates": [ 25.647327077894325, 61.493050055649711 ] } },
{ "type": "Feature", "properties": { "kp_id": "KP-00937", "tr_id": "TR-072" }, "geometry": { "type": "Point", "coordinates": [ 25.695688121358227, 61.493538408462747 ] } },
{ "type": "Feature", "properties": { "kp_id": "KP-00938", "tr_id": "TR-125" }, "geometry": { "type": "Point", "coordinates": [ 25.618564419569847, 61.49279202787298 ] } },
{ "type": "Feature", "properties": { "kp_id": "KP-00939", "tr_id": "TR-072" }, "geometry": { "type": "Point", "coordinates": [ 25.707258874223854, 61.493679466815173 ] } },
{ "type": "Feature", "properties": { "kp_id": "KP-00940", "tr_id": "TR-104" }, "geometry": { "type": "Point", "coordinates": [ 25.586373425084201, 61.49250562551628 ] } },
{ "type": "Feature", "properties": { "kp_id": "KP-00941", "tr_id": "TR-104" }, "geometry": { "type": "Point", "coordinates": [ 25.577144869462689, 61.492412957901649 ] } },
{ "type": "Feature", "properties": { "kp_id": "KP-00942", "tr_id": "TR-104" }, "geometry": { "type": "Point", "coordinates": [ 25.579302138031881, 61.49262083475751 ] } },
{ "type": "Feature", "properties": { "kp_id": "KP-00943", "tr_id": "TR-024" }, "geometry": { "type": "Point", "coordinates": [ 25.564608279620018, 61.49249529111534 ] } },
{ "type": "Feature", "properties": { "kp_id": "KP-00944", "tr_id": "TR-104" }, "geometry": { "type": "Point", "coordinates": [ 25.599652684558148, 61.492869547209686 ] } },
{ "type": "Feature", "properties": { "kp_id": "KP-00945", "tr_id": "TR-036" }, "geometry": { "type": "Point", "coordinates": [ 25.874208424968135, 61.495487114615422 ] } },
{ "type": "Feature", "properties": { "kp_id": "KP-00946", "tr_id": "TR-125" }, "geometry": { "type": "Point", "coordinates": [ 25.621099571460004, 61.493163265879147 ] } },
{ "type": "Feature", "properties": { "kp_id": "KP-00947", "tr_id": "TR-125" }, "geometry": { "type": "Point", "coordinates": [ 25.63945513048402, 61.493515124122773 ] } },
{ "type": "Feature", "properties": { "kp_id": "KP-00948", "tr_id": "TR-036" }, "geometry": { "type": "Point", "coordinates": [ 25.881259436012915, 61.495715590825583 ] } },
{ "type": "Feature", "properties": { "kp_id": "KP-00949", "tr_id": "TR-036" }, "geometry": { "type": "Point", "coordinates": [ 25.88419405792127, 61.495851999571876 ] } },
{ "type": "Feature", "properties": { "kp_id": "KP-00950", "tr_id": "TR-036" }, "geometry": { "type": "Point", "coordinates": [ 25.866571170568612, 61.495713215155476 ] } },
{ "type": "Feature", "properties": { "kp_id": "KP-00951", "tr_id": "TR-036" }, "geometry": { "type": "Point", "coordinates": [ 25.872354256385353, 61.495763351957628 ] } },
{ "type": "Feature", "properties": { "kp_id": "KP-00952", "tr_id": "TR-024" }, "geometry": { "type": "Point", "coordinates": [ 25.544336530142388, 61.49271450903327 ] } },
{ "type": "Feature", "properties": { "kp_id": "KP-00953", "tr_id": "TR-024" }, "geometry": { "type": "Point", "coordinates": [ 25.561255244094642, 61.492905782449746 ] } },
{ "type": "Feature", "properties": { "kp_id": "KP-00954", "tr_id": "TR-072" }, "geometry": { "type": "Point", "coordinates": [ 25.699353976758161, 61.494322067684614 ] } },
{ "type": "Feature", "properties": { "kp_id": "KP-00955", "tr_id": "TR-134" }, "geometry": { "type": "Point", "coordinates": [ 25.666455980713508, 61.494067743139993 ] } },
{ "type": "Feature", "properties": { "kp_id": "KP-00956", "tr_id": "TR-104" }, "geometry": { "type": "Point", "coordinates": [ 25.588041383228273, 61.493281544166905 ] } },
{ "type": "Feature", "properties": { "kp_id": "KP-00957", "tr_id": "TR-036" }, "geometry": { "type": "Point", "coordinates": [ 25.876438984034429, 61.496125526432877 ] } },
{ "type": "Feature", "properties": { "kp_id": "KP-00958", "tr_id": "TR-036" }, "geometry": { "type": "Point", "coordinates": [ 25.871413333957609, 61.496121776644834 ] } },
{ "type": "Feature", "properties": { "kp_id": "KP-00959", "tr_id": "TR-024" }, "geometry": { "type": "Point", "coordinates": [ 25.574268009898443, 61.493357775544538 ] } },
{ "type": "Feature", "properties": { "kp_id": "KP-00960", "tr_id": "TR-125" }, "geometry": { "type": "Point", "coordinates": [ 25.62790245216323, 61.493931738908337 ] } },
{ "type": "Feature", "properties": { "kp_id": "KP-00961", "tr_id": "TR-134" }, "geometry": { "type": "Point", "coordinates": [ 25.657911941750424, 61.494254571668513 ] } },
{ "type": "Feature", "properties": { "kp_id": "KP-00962", "tr_id": "TR-104" }, "geometry": { "type": "Point", "coordinates": [ 25.596430051030445, 61.493665383459685 ] } },
{ "type": "Feature", "properties": { "kp_id": "KP-00963", "tr_id": "TR-024" }, "geometry": { "type": "Point", "coordinates": [ 25.565844524213961, 61.493364663924602 ] } },
{ "type": "Feature", "properties": { "kp_id": "KP-00964", "tr_id": "TR-036" }, "geometry": { "type": "Point", "coordinates": [ 25.864714608523606, 61.496182242092964 ] } },
{ "type": "Feature", "properties": { "kp_id": "KP-00965", "tr_id": "TR-125" }, "geometry": { "type": "Point", "coordinates": [ 25.618573434174355, 61.493931925283611 ] } },
{ "type": "Feature", "properties": { "kp_id": "KP-00966", "tr_id": "TR-072" }, "geometry": { "type": "Point", "coordinates": [ 25.714396434659452, 61.494883943642378 ] } },
{ "type": "Feature", "properties": { "kp_id": "KP-00967", "tr_id": "TR-036" }, "geometry": { "type": "Point", "coordinates": [ 25.879712824250483, 61.496377326437901 ] } },
{ "type": "Feature", "properties": { "kp_id": "KP-00968", "tr_id": "TR-072" }, "geometry": { "type": "Point", "coordinates": [ 25.693954513996641, 61.4948183542351 ] } },
{ "type": "Feature", "properties": { "kp_id": "KP-00969", "tr_id": "TR-125" }, "geometry": { "type": "Point", "coordinates": [ 25.61568576032661, 61.494047388167772 ] } },
{ "type": "Feature", "properties": { "kp_id": "KP-00970", "tr_id": "TR-072" }, "geometry": { "type": "Point", "coordinates": [ 25.727397641223458, 61.495138048759614 ] } },
{ "type": "Feature", "properties": { "kp_id": "KP-00971", "tr_id": "TR-072" }, "geometry": { "type": "Point", "coordinates": [ 25.701268351675225, 61.494907755846768 ] } },
{ "type": "Feature", "properties": { "kp_id": "KP-00972", "tr_id": "TR-104" }, "geometry": { "type": "Point", "coordinates": [ 25.583311063154845, 61.493849445491641 ] } },
{ "type": "Feature", "properties": { "kp_id": "KP-00973", "tr_id": "TR-024" }, "geometry": { "type": "Point", "coordinates": [ 25.557794952140224, 61.493718959032726 ] } },
{ "type": "Feature", "properties": { "kp_id": "KP-00974", "tr_id": "TR-024" }, "geometry": { "type": "Point", "coordinates": [ 25.562057483622187, 61.49383427577591 ] } },
{ "type": "Feature", "properties": { "kp_id": "KP-00975", "tr_id": "TR-072" }, "geometry": { "type": "Point", "coordinates": [ 25.722038318731354, 61.49544470321019 ] } },
{ "type": "Feature", "properties": { "kp_id": "KP-00976", "tr_id": "TR-072" }, "geometry": { "type": "Point", "coordinates": [ 25.710609366010591, 61.495341621312186 ] } },
{ "type": "Feature", "properties": { "kp_id": "KP-00977", "tr_id": "TR-134" }, "geometry": { "type": "Point", "coordinates": [ 25.663962676904109, 61.494982217038668 ] } },
{ "type": "Feature", "properties": { "kp_id": "KP-00978", "tr_id": "TR-024" }, "geometry": { "type": "Point", "coordinates": [ 25.568882109489277, 61.494054461039774 ] } },
{ "type": "Feature", "properties": { "kp_id": "KP-00979", "tr_id": "TR-104" }, "geometry": { "type": "Point", "coordinates": [ 25.57936800250701, 61.494217188529923 ] } },
{ "type": "Feature", "properties": { "kp_id": "KP-00980", "tr_id": "TR-104" }, "geometry": { "type": "Point", "coordinates": [ 25.581328649468261, 61.494248065430035 ] } },
{ "type": "Feature", "properties": { "kp_id": "KP-00981", "tr_id": "TR-072" }, "geometry": { "type": "Point", "coordinates": [ 25.713089573467396, 61.495610734233772 ] } },
{ "type": "Feature", "properties": { "kp_id": "KP-00982", "tr_id": "TR-036" }, "geometry": { "type": "Point", "coordinates": [ 25.876566160716994, 61.497143105488952 ] } },
{ "type": "Feature", "properties": { "kp_id": "KP-00983", "tr_id": "TR-125" }, "geometry": { "type": "Point", "coordinates": [ 25.621501119154594, 61.494849926554728 ] } },
{ "type": "Feature", "properties": { "kp_id": "KP-00984", "tr_id": "TR-024" }, "geometry": { "type": "Point", "coordinates": [ 25.572515503262238, 61.494405011268988 ] } },
{ "type": "Feature", "properties": { "kp_id": "KP-00985", "tr_id": "TR-003" }, "geometry": { "type": "Point", "coordinates": [ 25.645246402633958, 61.495220389865288 ] } },
{ "type": "Feature", "properties": { "kp_id": "KP-00986", "tr_id": "TR-104" }, "geometry": { "type": "Point", "coordinates": [ 25.585535983545036, 61.494747143076687 ] } },
{ "type": "Feature", "properties": { "kp_id": "KP-00987", "tr_id": "TR-036" }, "geometry": { "type": "Point", "coordinates": [ 25.867504333189146, 61.497428847072435 ] } },
{ "type": "Feature", "properties": { "kp_id": "KP-00988", "tr_id": "TR-072" }, "geometry": { "type": "Point", "coordinates": [ 25.703259741997645, 61.495975559717046 ] } },
{ "type": "Feature", "properties": { "kp_id": "KP-00989", "tr_id": "TR-104" }, "geometry": { "type": "Point", "coordinates": [ 25.579126065762996, 61.494772258354963 ] } },
{ "type": "Feature", "properties": { "kp_id": "KP-00990", "tr_id": "TR-072" }, "geometry": { "type": "Point", "coordinates": [ 25.727204700503862, 61.496323696997585 ] } },
{ "type": "Feature", "properties": { "kp_id": "KP-00991", "tr_id": "TR-083" }, "geometry": { "type": "Point", "coordinates": [ 25.847749711610639, 61.497524919204068 ] } },
{ "type": "Feature", "properties": { "kp_id": "KP-00992", "tr_id": "TR-072" }, "geometry": { "type": "Point", "coordinates": [ 25.699571428225891, 61.496348574988538 ] } },
{ "type": "Feature", "properties": { "kp_id": "KP-00993", "tr_id": "TR-134" }, "geometry": { "type": "Point", "coordinates": [ 25.658827662514408, 61.495963116457659 ] } },
{ "type": "Feature", "properties": { "kp_id": "KP-00994", "tr_id": "TR-134" }, "geometry": { "type": "Point", "coordinates": [ 25.664639030923301, 61.496030000782042 ] } },
{ "type": "Feature", "properties": { "kp_id": "KP-00995", "tr_id": "TR-072" }, "geometry": { "type": "Point", "coordinates": [ 25.707607822750074, 61.496459906964311 ] } },
{ "type": "Feature", "properties": { "kp_id": "KP-00996", "tr_id": "TR-072" }, "geometry": { "type": "Point", "coordinates": [ 25.706468624617784, 61.496543125849726 ] } },
{ "type": "Feature", "properties": { "kp_id": "KP-00997", "tr_id": "TR-024" }, "geometry": { "type": "Point", "coordinates": [ 25.56313114713609, 61.495111686785272 ] } },
{ "type": "Feature", "properties": { "kp_id": "KP-00998", "tr_id": "TR-083" }, "geometry": { "type": "Point", "coordinates": [ 25.853919078142688, 61.497952094141098 ] } },
{ "type": "Feature", "properties": { "kp_id": "KP-00999", "tr_id": "TR-072" }, "geometry": { "type": "Point", "coordinates": [ 25.7088453456265, 61.496673871616323 ] } },
{ "type": "Feature", "properties": { "kp_id": "KP-01000", "tr_id": "TR-072" }, "geometry": { "type": "Point", "coordinates": [ 25.706148555164614, 61.496942142249495 ] } },
{ "type": "Feature", "properties": { "kp_id": "KP-01001", "tr_id": "TR-134" }, "geometry": { "type": "Point", "coordinates": [ 25.670226009249493, 61.496611174865052 ] } },
{ "type": "Feature", "properties": { "kp_id": "KP-01002", "tr_id": "TR-024" }, "geometry": { "type": "Point", "coordinates": [ 25.570708809159488, 61.4956261147451 ] } },
{ "type": "Feature", "properties": { "kp_id": "KP-01003", "tr_id": "TR-104" }, "geometry": { "type": "Point", "coordinates": [ 25.600343936183169, 61.49594591415925 ] } },
{ "type": "Feature", "properties": { "kp_id": "KP-01004", "tr_id": "TR-072" }, "geometry": { "type": "Point", "coordinates": [ 25.703490774848483, 61.497033405407741 ] } },
{ "type": "Feature", "properties": { "kp_id": "KP-01005", "tr_id": "TR-125" }, "geometry": { "type": "Point", "coordinates": [ 25.62732404334216, 61.49637181545377 ] } },
{ "type": "Feature", "properties": { "kp_id": "KP-01006", "tr_id": "TR-134" }, "geometry": { "type": "Point", "coordinates": [ 25.661765274414488, 61.496718433044492 ] } },
{ "type": "Feature", "properties": { "kp_id": "KP-01007", "tr_id": "TR-036" }, "geometry": { "type": "Point", "coordinates": [ 25.867099872561898, 61.49859997216582 ] } },
{ "type": "Feature", "properties": { "kp_id": "KP-01008", "tr_id": "TR-134" }, "geometry": { "type": "Point", "coordinates": [ 25.665851118441605, 61.496822288119994 ] } },
{ "type": "Feature", "properties": { "kp_id": "KP-01009", "tr_id": "TR-036" }, "geometry": { "type": "Point", "coordinates": [ 25.880012911962691, 61.498774171817793 ] } },
{ "type": "Feature", "properties": { "kp_id": "KP-01010", "tr_id": "TR-125" }, "geometry": { "type": "Point", "coordinates": [ 25.615173641557266, 61.496370081611417 ] } },
{ "type": "Feature", "properties": { "kp_id": "KP-01011", "tr_id": "TR-024" }, "geometry": { "type": "Point", "coordinates": [ 25.572258766356278, 61.495956545926774 ] } },
{ "type": "Feature", "properties": { "kp_id": "KP-01012", "tr_id": "TR-083" }, "geometry": { "type": "Point", "coordinates": [ 25.83256698382128, 61.498445811293038 ] } },
{ "type": "Feature", "properties": { "kp_id": "KP-01013", "tr_id": "TR-072" }, "geometry": { "type": "Point", "coordinates": [ 25.705355410881499, 61.497314528286765 ] } },
{ "type": "Feature", "properties": { "kp_id": "KP-01014", "tr_id": "TR-072" }, "geometry": { "type": "Point", "coordinates": [ 25.695294868127021, 61.49728757912785 ] } },
{ "type": "Feature", "properties": { "kp_id": "KP-01015", "tr_id": "TR-072" }, "geometry": { "type": "Point", "coordinates": [ 25.718146535621571, 61.497568611912989 ] } },
{ "type": "Feature", "properties": { "kp_id": "KP-01016", "tr_id": "TR-083" }, "geometry": { "type": "Point", "coordinates": [ 25.856038853499125, 61.498800492146692 ] } },
{ "type": "Feature", "properties": { "kp_id": "KP-01017", "tr_id": "TR-125" }, "geometry": { "type": "Point", "coordinates": [ 25.625318278296326, 61.49668541031069 ] } },
{ "type": "Feature", "properties": { "kp_id": "KP-01018", "tr_id": "TR-134" }, "geometry": { "type": "Point", "coordinates": [ 25.658607955474228, 61.497027914119954 ] } },
{ "type": "Feature", "properties": { "kp_id": "KP-01019", "tr_id": "TR-134" }, "geometry": { "type": "Point", "coordinates": [ 25.664204049194801, 61.497108549902222 ] } },
{ "type": "Feature", "properties": { "kp_id": "KP-01020", "tr_id": "TR-036" }, "geometry": { "type": "Point", "coordinates": [ 25.866142963046222, 61.49903713601077 ] } },
{ "type": "Feature", "properties": { "kp_id": "KP-01021", "tr_id": "TR-134" }, "geometry": { "type": "Point", "coordinates": [ 25.67355119592273, 61.497303932084186 ] } },
{ "type": "Feature", "properties": { "kp_id": "KP-01022", "tr_id": "TR-036" }, "geometry": { "type": "Point", "coordinates": [ 25.881874079580001, 61.49919832198399 ] } },
{ "type": "Feature", "properties": { "kp_id": "KP-01023", "tr_id": "TR-104" }, "geometry": { "type": "Point", "coordinates": [ 25.588191020577078, 61.496491323803568 ] } },
{ "type": "Feature", "properties": { "kp_id": "KP-01024", "tr_id": "TR-083" }, "geometry": { "type": "Point", "coordinates": [ 25.851364135644108, 61.49902270498518 ] } },
{ "type": "Feature", "properties": { "kp_id": "KP-01025", "tr_id": "TR-083" }, "geometry": { "type": "Point", "coordinates": [ 25.84569382251324, 61.498996368124196 ] } },
{ "type": "Feature", "properties": { "kp_id": "KP-01026", "tr_id": "TR-134" }, "geometry": { "type": "Point", "coordinates": [ 25.655735023966795, 61.497415262128911 ] } },
{ "type": "Feature", "properties": { "kp_id": "KP-01027", "tr_id": "TR-134" }, "geometry": { "type": "Point", "coordinates": [ 25.668466088155682, 61.497575820474609 ] } },
{ "type": "Feature", "properties": { "kp_id": "KP-01028", "tr_id": "TR-024" }, "geometry": { "type": "Point", "coordinates": [ 25.55227651669734, 61.49639904485398 ] } },
{ "type": "Feature", "properties": { "kp_id": "KP-01029", "tr_id": "TR-036" }, "geometry": { "type": "Point", "coordinates": [ 25.865037151058644, 61.499454272020699 ] } },
{ "type": "Feature", "properties": { "kp_id": "KP-01030", "tr_id": "TR-134" }, "geometry": { "type": "Point", "coordinates": [ 25.65751354081716, 61.497701835211217 ] } },
{ "type": "Feature", "properties": { "kp_id": "KP-01031", "tr_id": "TR-024" }, "geometry": { "type": "Point", "coordinates": [ 25.569258505302606, 61.496821137288151 ] } },
{ "type": "Feature", "properties": { "kp_id": "KP-01032", "tr_id": "TR-072" }, "geometry": { "type": "Point", "coordinates": [ 25.70512370769011, 61.49836467074168 ] } },
{ "type": "Feature", "properties": { "kp_id": "KP-01033", "tr_id": "TR-024" }, "geometry": { "type": "Point", "coordinates": [ 25.567551530371855, 61.49711077516956 ] } },
{ "type": "Feature", "properties": { "kp_id": "KP-01034", "tr_id": "TR-072" }, "geometry": { "type": "Point", "coordinates": [ 25.707742396840992, 61.498563194720475 ] } },
{ "type": "Feature", "properties": { "kp_id": "KP-01035", "tr_id": "TR-036" }, "geometry": { "type": "Point", "coordinates": [ 25.864165653966747, 61.499983255351189 ] } },
{ "type": "Feature", "properties": { "kp_id": "KP-01036", "tr_id": "TR-104" }, "geometry": { "type": "Point", "coordinates": [ 25.592354439737608, 61.497482975641802 ] } },
{ "type": "Feature", "properties": { "kp_id": "KP-01037", "tr_id": "TR-083" }, "geometry": { "type": "Point", "coordinates": [ 25.819898509685913, 61.499654444391133 ] } },
{ "type": "Feature", "properties": { "kp_id": "KP-01038", "tr_id": "TR-024" }, "geometry": { "type": "Point", "coordinates": [ 25.550220959811412, 61.497089832604161 ] } },
{ "type": "Feature", "properties": { "kp_id": "KP-01039", "tr_id": "TR-072" }, "geometry": { "type": "Point", "coordinates": [ 25.71773843484015, 61.498836246149409 ] } },
{ "type": "Feature", "properties": { "kp_id": "KP-01040", "tr_id": "TR-104" }, "geometry": { "type": "Point", "coordinates": [ 25.586975906624357, 61.497678469053291 ] } },
{ "type": "Feature", "properties": { "kp_id": "KP-01041", "tr_id": "TR-072" }, "geometry": { "type": "Point", "coordinates": [ 25.720756322717556, 61.499101130729485 ] } },
{ "type": "Feature", "properties": { "kp_id": "KP-01042", "tr_id": "TR-003" }, "geometry": { "type": "Point", "coordinates": [ 25.649540010264072, 61.498441920283341 ] } },
{ "type": "Feature", "properties": { "kp_id": "KP-01043", "tr_id": "TR-072" }, "geometry": { "type": "Point", "coordinates": [ 25.704406666556867, 61.499054654534675 ] } },
{ "type": "Feature", "properties": { "kp_id": "KP-01044", "tr_id": "TR-036" }, "geometry": { "type": "Point", "coordinates": [ 25.863209703319583, 61.500477808238557 ] } },
{ "type": "Feature", "properties": { "kp_id": "KP-01045", "tr_id": "TR-072" }, "geometry": { "type": "Point", "coordinates": [ 25.722706268103014, 61.499325757323192 ] } },
{ "type": "Feature", "properties": { "kp_id": "KP-01046", "tr_id": "TR-134" }, "geometry": { "type": "Point", "coordinates": [ 25.657867734605119, 61.498740098206731 ] } },
{ "type": "Feature", "properties": { "kp_id": "KP-01047", "tr_id": "TR-134" }, "geometry": { "type": "Point", "coordinates": [ 25.659736208152875, 61.498842330074076 ] } },
{ "type": "Feature", "properties": { "kp_id": "KP-01048", "tr_id": "TR-024" }, "geometry": { "type": "Point", "coordinates": [ 25.562977638640351, 61.49787773841819 ] } },
{ "type": "Feature", "properties": { "kp_id": "KP-01049", "tr_id": "TR-083" }, "geometry": { "type": "Point", "coordinates": [ 25.847903482664009, 61.50061328791481 ] } },
{ "type": "Feature", "properties": { "kp_id": "KP-01050", "tr_id": "TR-072" }, "geometry": { "type": "Point", "coordinates": [ 25.706968829940198, 61.499453961789598 ] } },
{ "type": "Feature", "properties": { "kp_id": "KP-01051", "tr_id": "TR-104" }, "geometry": { "type": "Point", "coordinates": [ 25.582524833451217, 61.498405882658751 ] } },
{ "type": "Feature", "properties": { "kp_id": "KP-01052", "tr_id": "TR-024" }, "geometry": { "type": "Point", "coordinates": [ 25.568611264144302, 61.498273851070998 ] } },
{ "type": "Feature", "properties": { "kp_id": "KP-01053", "tr_id": "TR-003" }, "geometry": { "type": "Point", "coordinates": [ 25.645389416267207, 61.499069210099137 ] } },
{ "type": "Feature", "properties": { "kp_id": "KP-01054", "tr_id": "TR-003" }, "geometry": { "type": "Point", "coordinates": [ 25.643438625427518, 61.499074313960513 ] } },
{ "type": "Feature", "properties": { "kp_id": "KP-01055", "tr_id": "TR-072" }, "geometry": { "type": "Point", "coordinates": [ 25.717149169694864, 61.499829317208146 ] } },
{ "type": "Feature", "properties": { "kp_id": "KP-01056", "tr_id": "TR-003" }, "geometry": { "type": "Point", "coordinates": [ 25.649069729034007, 61.499187837329742 ] } },
{ "type": "Feature", "properties": { "kp_id": "KP-01057", "tr_id": "TR-036" }, "geometry": { "type": "Point", "coordinates": [ 25.861021335977192, 61.501200135958705 ] } },
{ "type": "Feature", "properties": { "kp_id": "KP-01058", "tr_id": "TR-072" }, "geometry": { "type": "Point", "coordinates": [ 25.722586662446457, 61.500004585526092 ] } },
{ "type": "Feature", "properties": { "kp_id": "KP-01059", "tr_id": "TR-003" }, "geometry": { "type": "Point", "coordinates": [ 25.645740053062482, 61.499508689474176 ] } },
{ "type": "Feature", "properties": { "kp_id": "KP-01060", "tr_id": "TR-104" }, "geometry": { "type": "Point", "coordinates": [ 25.582929437606388, 61.498932204070371 ] } },
{ "type": "Feature", "properties": { "kp_id": "KP-01061", "tr_id": "TR-134" }, "geometry": { "type": "Point", "coordinates": [ 25.670174498748466, 61.500007879042371 ] } },
{ "type": "Feature", "properties": { "kp_id": "KP-01062", "tr_id": "TR-134" }, "geometry": { "type": "Point", "coordinates": [ 25.663950472680014, 61.500017042653703 ] } },
{ "type": "Feature", "properties": { "kp_id": "KP-01063", "tr_id": "TR-083" }, "geometry": { "type": "Point", "coordinates": [ 25.835151733026123, 61.501643256597482 ] } },
{ "type": "Feature", "properties": { "kp_id": "KP-01064", "tr_id": "TR-003" }, "geometry": { "type": "Point", "coordinates": [ 25.649947511345808, 61.499962233022302 ] } },
{ "type": "Feature", "properties": { "kp_id": "KP-01065", "tr_id": "TR-083" }, "geometry": { "type": "Point", "coordinates": [ 25.854184680872041, 61.501928649228503 ] } },
{ "type": "Feature", "properties": { "kp_id": "KP-01066", "tr_id": "TR-036" }, "geometry": { "type": "Point", "coordinates": [ 25.878812219672355, 61.502139475016705 ] } },
{ "type": "Feature", "properties": { "kp_id": "KP-01067", "tr_id": "TR-024" }, "geometry": { "type": "Point", "coordinates": [ 25.566481638999296, 61.499238701473544 ] } },
{ "type": "Feature", "properties": { "kp_id": "KP-01068", "tr_id": "TR-083" }, "geometry": { "type": "Point", "coordinates": [ 25.845905482293464, 61.501929546959119 ] } },
{ "type": "Feature", "properties": { "kp_id": "KP-01069", "tr_id": "TR-024" }, "geometry": { "type": "Point", "coordinates": [ 25.563069325387911, 61.499310918396525 ] } },
{ "type": "Feature", "properties": { "kp_id": "KP-01070", "tr_id": "TR-083" }, "geometry": { "type": "Point", "coordinates": [ 25.840155121509298, 61.502097258314372 ] } },
{ "type": "Feature", "properties": { "kp_id": "KP-01071", "tr_id": "TR-083" }, "geometry": { "type": "Point", "coordinates": [ 25.857512425154425, 61.502348161047792 ] } },
{ "type": "Feature", "properties": { "kp_id": "KP-01072", "tr_id": "TR-024" }, "geometry": { "type": "Point", "coordinates": [ 25.548910363108735, 61.499481933880816 ] } },
{ "type": "Feature", "properties": { "kp_id": "KP-01073", "tr_id": "TR-003" }, "geometry": { "type": "Point", "coordinates": [ 25.644795315009986, 61.50048930715085 ] } },
{ "type": "Feature", "properties": { "kp_id": "KP-01074", "tr_id": "TR-083" }, "geometry": { "type": "Point", "coordinates": [ 25.844240264350546, 61.50256140086789 ] } },
{ "type": "Feature", "properties": { "kp_id": "KP-01075", "tr_id": "TR-072" }, "geometry": { "type": "Point", "coordinates": [ 25.715254432246965, 61.50141452945752 ] } },
{ "type": "Feature", "properties": { "kp_id": "KP-01076", "tr_id": "TR-109" }, "geometry": { "type": "Point", "coordinates": [ 25.89314449192749, 61.503209953632371 ] } },
{ "type": "Feature", "properties": { "kp_id": "KP-01077", "tr_id": "TR-062" }, "geometry": { "type": "Point", "coordinates": [ 25.545622942191645, 61.500010903279787 ] } },
{ "type": "Feature", "properties": { "kp_id": "KP-01078", "tr_id": "TR-036" }, "geometry": { "type": "Point", "coordinates": [ 25.880349705245894, 61.503235772451958 ] } },
{ "type": "Feature", "properties": { "kp_id": "KP-01079", "tr_id": "TR-109" }, "geometry": { "type": "Point", "coordinates": [ 25.889535221303099, 61.503446407059172 ] } },
{ "type": "Feature", "properties": { "kp_id": "KP-01080", "tr_id": "TR-083" }, "geometry": { "type": "Point", "coordinates": [ 25.855767187437188, 61.503579061633054 ] } },
{ "type": "Feature", "properties": { "kp_id": "KP-01081", "tr_id": "TR-024" }, "geometry": { "type": "Point", "coordinates": [ 25.565536038451846, 61.500935934117713 ] } },
{ "type": "Feature", "properties": { "kp_id": "KP-01082", "tr_id": "TR-024" }, "geometry": { "type": "Point", "coordinates": [ 25.561033115745019, 61.500914430465663 ] } },
{ "type": "Feature", "properties": { "kp_id": "KP-01083", "tr_id": "TR-083" }, "geometry": { "type": "Point", "coordinates": [ 25.824766704114676, 61.503485935623914 ] } },
{ "type": "Feature", "properties": { "kp_id": "KP-01084", "tr_id": "TR-083" }, "geometry": { "type": "Point", "coordinates": [ 25.842296197218698, 61.503678938842803 ] } },
{ "type": "Feature", "properties": { "kp_id": "KP-01085", "tr_id": "TR-131" }, "geometry": { "type": "Point", "coordinates": [ 25.694612186041628, 61.50237199881618 ] } },
{ "type": "Feature", "properties": { "kp_id": "KP-01086", "tr_id": "TR-046" }, "geometry": { "type": "Point", "coordinates": [ 25.719203085430628, 61.502893221390131 ] } },
{ "type": "Feature", "properties": { "kp_id": "KP-01087", "tr_id": "TR-083" }, "geometry": { "type": "Point", "coordinates": [ 25.85711612167265, 61.504129593323256 ] } },
{ "type": "Feature", "properties": { "kp_id": "KP-01088", "tr_id": "TR-062" }, "geometry": { "type": "Point", "coordinates": [ 25.544060689303745, 61.501330013931032 ] } },
{ "type": "Feature", "properties": { "kp_id": "KP-01089", "tr_id": "TR-035" }, "geometry": { "type": "Point", "coordinates": [ 25.604434764481564, 61.502017935410024 ] } },
{ "type": "Feature", "properties": { "kp_id": "KP-01090", "tr_id": "TR-083" }, "geometry": { "type": "Point", "coordinates": [ 25.830833942155021, 61.504156305171044 ] } },
{ "type": "Feature", "properties": { "kp_id": "KP-01091", "tr_id": "TR-083" }, "geometry": { "type": "Point", "coordinates": [ 25.839942824828714, 61.504298250221822 ] } },
{ "type": "Feature", "properties": { "kp_id": "KP-01092", "tr_id": "TR-046" }, "geometry": { "type": "Point", "coordinates": [ 25.723979283872133, 61.503328597885179 ] } },
{ "type": "Feature", "properties": { "kp_id": "KP-01093", "tr_id": "TR-003" }, "geometry": { "type": "Point", "coordinates": [ 25.642795266213028, 61.502576685499328 ] } },
{ "type": "Feature", "properties": { "kp_id": "KP-01094", "tr_id": "TR-083" }, "geometry": { "type": "Point", "coordinates": [ 25.855658012967911, 61.504856477669563 ] } },
{ "type": "Feature", "properties": { "kp_id": "KP-01095", "tr_id": "TR-083" }, "geometry": { "type": "Point", "coordinates": [ 25.837626067090468, 61.504793225397961 ] } },
{ "type": "Feature", "properties": { "kp_id": "KP-01096", "tr_id": "TR-024" }, "geometry": { "type": "Point", "coordinates": [ 25.561478093227471, 61.502208029547425 ] } },
{ "type": "Feature", "properties": { "kp_id": "KP-01097", "tr_id": "TR-125" }, "geometry": { "type": "Point", "coordinates": [ 25.616242583925818, 61.502803695769437 ] } },
{ "type": "Feature", "properties": { "kp_id": "KP-01098", "tr_id": "TR-082" }, "geometry": { "type": "Point", "coordinates": [ 25.469018358804917, 61.501268152627397 ] } },
{ "type": "Feature", "properties": { "kp_id": "KP-01099", "tr_id": "TR-024" }, "geometry": { "type": "Point", "coordinates": [ 25.565876651902137, 61.502405857409933 ] } },
{ "type": "Feature", "properties": { "kp_id": "KP-01100", "tr_id": "TR-083" }, "geometry": { "type": "Point", "coordinates": [ 25.853645577692376, 61.505145360189601 ] } },
{ "type": "Feature", "properties": { "kp_id": "KP-01101", "tr_id": "TR-046" }, "geometry": { "type": "Point", "coordinates": [ 25.715623065678752, 61.503962170049689 ] } },
{ "type": "Feature", "properties": { "kp_id": "KP-01102", "tr_id": "TR-109" }, "geometry": { "type": "Point", "coordinates": [ 25.882765944208771, 61.505619566823327 ] } },
{ "type": "Feature", "properties": { "kp_id": "KP-01103", "tr_id": "TR-083" }, "geometry": { "type": "Point", "coordinates": [ 25.836888754473915, 61.505309918285491 ] } },
{ "type": "Feature", "properties": { "kp_id": "KP-01104", "tr_id": "TR-062" }, "geometry": { "type": "Point", "coordinates": [ 25.544921624875936, 61.502723876688556 ] } },
{ "type": "Feature", "properties": { "kp_id": "KP-01105", "tr_id": "TR-024" }, "geometry": { "type": "Point", "coordinates": [ 25.57847714862066, 61.503423089758222 ] } },
{ "type": "Feature", "properties": { "kp_id": "KP-01106", "tr_id": "TR-062" }, "geometry": { "type": "Point", "coordinates": [ 25.562646012588573, 61.503920983281908 ] } },
{ "type": "Feature", "properties": { "kp_id": "KP-01107", "tr_id": "TR-062" }, "geometry": { "type": "Point", "coordinates": [ 25.559241326720201, 61.503953481776477 ] } },
{ "type": "Feature", "properties": { "kp_id": "KP-01108", "tr_id": "TR-083" }, "geometry": { "type": "Point", "coordinates": [ 25.835231625592186, 61.506602274880599 ] } },
{ "type": "Feature", "properties": { "kp_id": "KP-01109", "tr_id": "TR-142" }, "geometry": { "type": "Point", "coordinates": [ 25.818342956401722, 61.50660474801105 ] } },
{ "type": "Feature", "properties": { "kp_id": "KP-01110", "tr_id": "TR-114" }, "geometry": { "type": "Point", "coordinates": [ 25.866832161817602, 61.507434198858938 ] } },
{ "type": "Feature", "properties": { "kp_id": "KP-01111", "tr_id": "TR-003" }, "geometry": { "type": "Point", "coordinates": [ 25.659775184412446, 61.505560810055158 ] } },
{ "type": "Feature", "properties": { "kp_id": "KP-01112", "tr_id": "TR-082" }, "geometry": { "type": "Point", "coordinates": [ 25.483064491844932, 61.503735539899111 ] } },
{ "type": "Feature", "properties": { "kp_id": "KP-01113", "tr_id": "TR-003" }, "geometry": { "type": "Point", "coordinates": [ 25.65622026318016, 61.505576258787528 ] } },
{ "type": "Feature", "properties": { "kp_id": "KP-01114", "tr_id": "TR-003" }, "geometry": { "type": "Point", "coordinates": [ 25.636120635497498, 61.505380045340921 ] } },
{ "type": "Feature", "properties": { "kp_id": "KP-01115", "tr_id": "TR-003" }, "geometry": { "type": "Point", "coordinates": [ 25.656422566046484, 61.505682507956379 ] } },
{ "type": "Feature", "properties": { "kp_id": "KP-01116", "tr_id": "TR-062" }, "geometry": { "type": "Point", "coordinates": [ 25.544481586779337, 61.504800701405969 ] } },
{ "type": "Feature", "properties": { "kp_id": "KP-01117", "tr_id": "TR-102" }, "geometry": { "type": "Point", "coordinates": [ 25.513379777117386, 61.504595695637008 ] } },
{ "type": "Feature", "properties": { "kp_id": "KP-01118", "tr_id": "TR-062" }, "geometry": { "type": "Point", "coordinates": [ 25.559108625163397, 61.505315331838368 ] } },
{ "type": "Feature", "properties": { "kp_id": "KP-01119", "tr_id": "TR-046" }, "geometry": { "type": "Point", "coordinates": [ 25.713945058998537, 61.507019720626118 ] } },
{ "type": "Feature", "properties": { "kp_id": "KP-01120", "tr_id": "TR-062" }, "geometry": { "type": "Point", "coordinates": [ 25.56076893019938, 61.505589536177801 ] } },
{ "type": "Feature", "properties": { "kp_id": "KP-01121", "tr_id": "TR-046" }, "geometry": { "type": "Point", "coordinates": [ 25.714831147062668, 61.507277651337219 ] } },
{ "type": "Feature", "properties": { "kp_id": "KP-01122", "tr_id": "TR-114" }, "geometry": { "type": "Point", "coordinates": [ 25.864830520643331, 61.508689798793064 ] } },
{ "type": "Feature", "properties": { "kp_id": "KP-01123", "tr_id": "TR-102" }, "geometry": { "type": "Point", "coordinates": [ 25.513500802778193, 61.505403917657496 ] } },
{ "type": "Feature", "properties": { "kp_id": "KP-01124", "tr_id": "TR-102" }, "geometry": { "type": "Point", "coordinates": [ 25.5020109764958, 61.505304709234494 ] } },
{ "type": "Feature", "properties": { "kp_id": "KP-01125", "tr_id": "TR-131" }, "geometry": { "type": "Point", "coordinates": [ 25.670769270548213, 61.507182727685525 ] } },
{ "type": "Feature", "properties": { "kp_id": "KP-01126", "tr_id": "TR-062" }, "geometry": { "type": "Point", "coordinates": [ 25.55688119734592, 61.506161780694754 ] } },
{ "type": "Feature", "properties": { "kp_id": "KP-01127", "tr_id": "TR-114" }, "geometry": { "type": "Point", "coordinates": [ 25.862982356002586, 61.509197606864056 ] } },
{ "type": "Feature", "properties": { "kp_id": "KP-01128", "tr_id": "TR-131" }, "geometry": { "type": "Point", "coordinates": [ 25.685462176545137, 61.507746541491287 ] } },
{ "type": "Feature", "properties": { "kp_id": "KP-01129", "tr_id": "TR-109" }, "geometry": { "type": "Point", "coordinates": [ 25.891415704132378, 61.509644871750801 ] } },
{ "type": "Feature", "properties": { "kp_id": "KP-01130", "tr_id": "TR-046" }, "geometry": { "type": "Point", "coordinates": [ 25.719659277853012, 61.508174197421212 ] } },
{ "type": "Feature", "properties": { "kp_id": "KP-01131", "tr_id": "TR-046" }, "geometry": { "type": "Point", "coordinates": [ 25.716973208459049, 61.508159050222794 ] } },
{ "type": "Feature", "properties": { "kp_id": "KP-01132", "tr_id": "TR-046" }, "geometry": { "type": "Point", "coordinates": [ 25.702882697440643, 61.508221803814948 ] } },
{ "type": "Feature", "properties": { "kp_id": "KP-01133", "tr_id": "TR-109" }, "geometry": { "type": "Point", "coordinates": [ 25.907977215840521, 61.51002058709534 ] } },
{ "type": "Feature", "properties": { "kp_id": "KP-01134", "tr_id": "TR-131" }, "geometry": { "type": "Point", "coordinates": [ 25.699403752741713, 61.50822635899258 ] } },
{ "type": "Feature", "properties": { "kp_id": "KP-01135", "tr_id": "TR-062" }, "geometry": { "type": "Point", "coordinates": [ 25.557981374655601, 61.506810988131377 ] } },
{ "type": "Feature", "properties": { "kp_id": "KP-01136", "tr_id": "TR-046" }, "geometry": { "type": "Point", "coordinates": [ 25.712754068658072, 61.508429503264459 ] } },
{ "type": "Feature", "properties": { "kp_id": "KP-01137", "tr_id": "TR-109" }, "geometry": { "type": "Point", "coordinates": [ 25.883585982147427, 61.509941198664507 ] } },
{ "type": "Feature", "properties": { "kp_id": "KP-01138", "tr_id": "TR-118" }, "geometry": { "type": "Point", "coordinates": [ 25.639041285045451, 61.507824761467269 ] } },
{ "type": "Feature", "properties": { "kp_id": "KP-01139", "tr_id": "TR-109" }, "geometry": { "type": "Point", "coordinates": [ 25.904851480137726, 61.510219262334623 ] } },
{ "type": "Feature", "properties": { "kp_id": "KP-01140", "tr_id": "TR-062" }, "geometry": { "type": "Point", "coordinates": [ 25.570614898045832, 61.507191445128846 ] } },
{ "type": "Feature", "properties": { "kp_id": "KP-01141", "tr_id": "TR-046" }, "geometry": { "type": "Point", "coordinates": [ 25.718514267039833, 61.508701553442542 ] } },
{ "type": "Feature", "properties": { "kp_id": "KP-01142", "tr_id": "TR-046" }, "geometry": { "type": "Point", "coordinates": [ 25.705867654081839, 61.508744429871861 ] } },
{ "type": "Feature", "properties": { "kp_id": "KP-01143", "tr_id": "TR-046" }, "geometry": { "type": "Point", "coordinates": [ 25.707930667234439, 61.508787867084614 ] } },
{ "type": "Feature", "properties": { "kp_id": "KP-01144", "tr_id": "TR-102" }, "geometry": { "type": "Point", "coordinates": [ 25.503439343607248, 61.506745537146777 ] } },
{ "type": "Feature", "properties": { "kp_id": "KP-01145", "tr_id": "TR-046" }, "geometry": { "type": "Point", "coordinates": [ 25.710202422962531, 61.508888800025559 ] } },
{ "type": "Feature", "properties": { "kp_id": "KP-01146", "tr_id": "TR-131" }, "geometry": { "type": "Point", "coordinates": [ 25.680998436030578, 61.508629826003485 ] } },
{ "type": "Feature", "properties": { "kp_id": "KP-01147", "tr_id": "TR-062" }, "geometry": { "type": "Point", "coordinates": [ 25.558500262901902, 61.507471236024287 ] } },
{ "type": "Feature", "properties": { "kp_id": "KP-01148", "tr_id": "TR-131" }, "geometry": { "type": "Point", "coordinates": [ 25.698930122742862, 61.508901523556965 ] } },
{ "type": "Feature", "properties": { "kp_id": "KP-01149", "tr_id": "TR-131" }, "geometry": { "type": "Point", "coordinates": [ 25.696728168400028, 61.50890938960962 ] } },
{ "type": "Feature", "properties": { "kp_id": "KP-01150", "tr_id": "TR-046" }, "geometry": { "type": "Point", "coordinates": [ 25.720723097932517, 61.509338184821736 ] } },
{ "type": "Feature", "properties": { "kp_id": "KP-01151", "tr_id": "TR-062" }, "geometry": { "type": "Point", "coordinates": [ 25.544823024885318, 61.507640978766787 ] } },
{ "type": "Feature", "properties": { "kp_id": "KP-01152", "tr_id": "TR-131" }, "geometry": { "type": "Point", "coordinates": [ 25.6888661427047, 61.509171019115804 ] } },
{ "type": "Feature", "properties": { "kp_id": "KP-01153", "tr_id": "TR-046" }, "geometry": { "type": "Point", "coordinates": [ 25.702700137630963, 61.509379740325898 ] } },
{ "type": "Feature", "properties": { "kp_id": "KP-01154", "tr_id": "TR-062" }, "geometry": { "type": "Point", "coordinates": [ 25.568848707291874, 61.508137088051981 ] } },
{ "type": "Feature", "properties": { "kp_id": "KP-01155", "tr_id": "TR-102" }, "geometry": { "type": "Point", "coordinates": [ 25.499114475480845, 61.507577358851812 ] } },
{ "type": "Feature", "properties": { "kp_id": "KP-01156", "tr_id": "TR-046" }, "geometry": { "type": "Point", "coordinates": [ 25.718331749676931, 61.50990457646455 ] } },
{ "type": "Feature", "properties": { "kp_id": "KP-01157", "tr_id": "TR-109" }, "geometry": { "type": "Point", "coordinates": [ 25.878318430680558, 61.511493028592604 ] } },
{ "type": "Feature", "properties": { "kp_id": "KP-01158", "tr_id": "TR-131" }, "geometry": { "type": "Point", "coordinates": [ 25.677125355353375, 61.509768178309706 ] } },
{ "type": "Feature", "properties": { "kp_id": "KP-01159", "tr_id": "TR-114" }, "geometry": { "type": "Point", "coordinates": [ 25.860013672533167, 61.511482535004866 ] } },
{ "type": "Feature", "properties": { "kp_id": "KP-01160", "tr_id": "TR-114" }, "geometry": { "type": "Point", "coordinates": [ 25.869586063477065, 61.511605427258935 ] } },
{ "type": "Feature", "properties": { "kp_id": "KP-01161", "tr_id": "TR-046" }, "geometry": { "type": "Point", "coordinates": [ 25.717054825187546, 61.510316625450095 ] } },
{ "type": "Feature", "properties": { "kp_id": "KP-01162", "tr_id": "TR-142" }, "geometry": { "type": "Point", "coordinates": [ 25.811791218912294, 61.511195560566804 ] } },
{ "type": "Feature", "properties": { "kp_id": "KP-01163", "tr_id": "TR-046" }, "geometry": { "type": "Point", "coordinates": [ 25.724733100820824, 61.510452748371037 ] } },
{ "type": "Feature", "properties": { "kp_id": "KP-01164", "tr_id": "TR-109" }, "geometry": { "type": "Point", "coordinates": [ 25.889541942743563, 61.511899126803648 ] } },
{ "type": "Feature", "properties": { "kp_id": "KP-01165", "tr_id": "TR-062" }, "geometry": { "type": "Point", "coordinates": [ 25.549809199713515, 61.508732255918972 ] } },
{ "type": "Feature", "properties": { "kp_id": "KP-01166", "tr_id": "TR-046" }, "geometry": { "type": "Point", "coordinates": [ 25.713362941557456, 61.510470828961836 ] } },
{ "type": "Feature", "properties": { "kp_id": "KP-01167", "tr_id": "TR-035" }, "geometry": { "type": "Point", "coordinates": [ 25.581397653510621, 61.509362242110754 ] } },
{ "type": "Feature", "properties": { "kp_id": "KP-01168", "tr_id": "TR-046" }, "geometry": { "type": "Point", "coordinates": [ 25.704976211998734, 61.510635044381047 ] } },
{ "type": "Feature", "properties": { "kp_id": "KP-01169", "tr_id": "TR-035" }, "geometry": { "type": "Point", "coordinates": [ 25.589962305012975, 61.509693674934056 ] } },
{ "type": "Feature", "properties": { "kp_id": "KP-01170", "tr_id": "TR-102" }, "geometry": { "type": "Point", "coordinates": [ 25.498604607735537, 61.508804163552959 ] } },
{ "type": "Feature", "properties": { "kp_id": "KP-01171", "tr_id": "TR-142" }, "geometry": { "type": "Point", "coordinates": [ 25.787468640515531, 61.511699132751929 ] } },
{ "type": "Feature", "properties": { "kp_id": "KP-01172", "tr_id": "TR-046" }, "geometry": { "type": "Point", "coordinates": [ 25.717748204591988, 61.511091239439779 ] } },
{ "type": "Feature", "properties": { "kp_id": "KP-01173", "tr_id": "TR-109" }, "geometry": { "type": "Point", "coordinates": [ 25.876654519500743, 61.512509800376563 ] } },
{ "type": "Feature", "properties": { "kp_id": "KP-01174", "tr_id": "TR-046" }, "geometry": { "type": "Point", "coordinates": [ 25.703165824908037, 61.511047461423125 ] } },
{ "type": "Feature", "properties": { "kp_id": "KP-01175", "tr_id": "TR-118" }, "geometry": { "type": "Point", "coordinates": [ 25.656672326951163, 61.510611234994798 ] } },
{ "type": "Feature", "properties": { "kp_id": "KP-01176", "tr_id": "TR-062" }, "geometry": { "type": "Point", "coordinates": [ 25.540602166170292, 61.509424847595255 ] } },
{ "type": "Feature", "properties": { "kp_id": "KP-01177", "tr_id": "TR-035" }, "geometry": { "type": "Point", "coordinates": [ 25.585680958268295, 61.509913248151115 ] } },
{ "type": "Feature", "properties": { "kp_id": "KP-01178", "tr_id": "TR-102" }, "geometry": { "type": "Point", "coordinates": [ 25.513615125821094, 61.509164155363521 ] } },
{ "type": "Feature", "properties": { "kp_id": "KP-01179", "tr_id": "TR-102" }, "geometry": { "type": "Point", "coordinates": [ 25.505199200634728, 61.509339542781817 ] } },
{ "type": "Feature", "properties": { "kp_id": "KP-01180", "tr_id": "TR-046" }, "geometry": { "type": "Point", "coordinates": [ 25.729564469403371, 61.511666804943268 ] } },
{ "type": "Feature", "properties": { "kp_id": "KP-01181", "tr_id": "TR-046" }, "geometry": { "type": "Point", "coordinates": [ 25.732904054287058, 61.511699378377983 ] } },
{ "type": "Feature", "properties": { "kp_id": "KP-01182", "tr_id": "TR-114" }, "geometry": { "type": "Point", "coordinates": [ 25.855733934579323, 61.512869923840782 ] } },
{ "type": "Feature", "properties": { "kp_id": "KP-01183", "tr_id": "TR-114" }, "geometry": { "type": "Point", "coordinates": [ 25.869918228227387, 61.513060830401315 ] } },
{ "type": "Feature", "properties": { "kp_id": "KP-01184", "tr_id": "TR-046" }, "geometry": { "type": "Point", "coordinates": [ 25.714931560763798, 61.511734183566858 ] } },
{ "type": "Feature", "properties": { "kp_id": "KP-01185", "tr_id": "TR-102" }, "geometry": { "type": "Point", "coordinates": [ 25.496909697284384, 61.509662972586511 ] } },
{ "type": "Feature", "properties": { "kp_id": "KP-01186", "tr_id": "TR-062" }, "geometry": { "type": "Point", "coordinates": [ 25.547993963618563, 61.510217687393563 ] } },
{ "type": "Feature", "properties": { "kp_id": "KP-01187", "tr_id": "TR-035" }, "geometry": { "type": "Point", "coordinates": [ 25.582208319869636, 61.510608388126933 ] } },
{ "type": "Feature", "properties": { "kp_id": "KP-01188", "tr_id": "TR-102" }, "geometry": { "type": "Point", "coordinates": [ 25.511382819272566, 61.510029409224281 ] } },
{ "type": "Feature", "properties": { "kp_id": "KP-01189", "tr_id": "TR-062" }, "geometry": { "type": "Point", "coordinates": [ 25.555417295521124, 61.510562407552385 ] } },
{ "type": "Feature", "properties": { "kp_id": "KP-01190", "tr_id": "TR-046" }, "geometry": { "type": "Point", "coordinates": [ 25.731374986662857, 61.51231444835345 ] } },
{ "type": "Feature", "properties": { "kp_id": "KP-01191", "tr_id": "TR-118" }, "geometry": { "type": "Point", "coordinates": [ 25.654631047754862, 61.511589439810564 ] } },
{ "type": "Feature", "properties": { "kp_id": "KP-01192", "tr_id": "TR-062" }, "geometry": { "type": "Point", "coordinates": [ 25.553399441913381, 61.510629806988177 ] } },
{ "type": "Feature", "properties": { "kp_id": "KP-01193", "tr_id": "TR-109" }, "geometry": { "type": "Point", "coordinates": [ 25.897060566204289, 61.513951469504235 ] } },
{ "type": "Feature", "properties": { "kp_id": "KP-01194", "tr_id": "TR-109" }, "geometry": { "type": "Point", "coordinates": [ 25.884902274247938, 61.513879723150957 ] } },
{ "type": "Feature", "properties": { "kp_id": "KP-01195", "tr_id": "TR-118" }, "geometry": { "type": "Point", "coordinates": [ 25.634680590340647, 61.511636164512041 ] } },
{ "type": "Feature", "properties": { "kp_id": "KP-01196", "tr_id": "TR-102" }, "geometry": { "type": "Point", "coordinates": [ 25.494498647712135, 61.510200749385646 ] } },
{ "type": "Feature", "properties": { "kp_id": "KP-01197", "tr_id": "TR-142" }, "geometry": { "type": "Point", "coordinates": [ 25.789314667421149, 61.513228573699685 ] } },
{ "type": "Feature", "properties": { "kp_id": "KP-01198", "tr_id": "TR-142" }, "geometry": { "type": "Point", "coordinates": [ 25.813981449581572, 61.51346622094151 ] } },
{ "type": "Feature", "properties": { "kp_id": "KP-01199", "tr_id": "TR-109" }, "geometry": { "type": "Point", "coordinates": [ 25.888762889844216, 61.514193084902253 ] } },
{ "type": "Feature", "properties": { "kp_id": "KP-01200", "tr_id": "TR-114" }, "geometry": { "type": "Point", "coordinates": [ 25.852722694729405, 61.514016573465632 ] } },
{ "type": "Feature", "properties": { "kp_id": "KP-01201", "tr_id": "TR-010" }, "geometry": { "type": "Point", "coordinates": [ 25.736235772108223, 61.513008941408373 ] } },
{ "type": "Feature", "properties": { "kp_id": "KP-01202", "tr_id": "TR-046" }, "geometry": { "type": "Point", "coordinates": [ 25.730340561718759, 61.513002010893821 ] } },
{ "type": "Feature", "properties": { "kp_id": "KP-01203", "tr_id": "TR-046" }, "geometry": { "type": "Point", "coordinates": [ 25.703059959876043, 61.512747682598423 ] } },
{ "type": "Feature", "properties": { "kp_id": "KP-01204", "tr_id": "TR-142" }, "geometry": { "type": "Point", "coordinates": [ 25.803367613306925, 61.513702892006968 ] } },
{ "type": "Feature", "properties": { "kp_id": "KP-01205", "tr_id": "TR-035" }, "geometry": { "type": "Point", "coordinates": [ 25.580506637562891, 61.511760709547723 ] } },
{ "type": "Feature", "properties": { "kp_id": "KP-01206", "tr_id": "TR-142" }, "geometry": { "type": "Point", "coordinates": [ 25.818646938958217, 61.514079840226152 ] } },
{ "type": "Feature", "properties": { "kp_id": "KP-01207", "tr_id": "TR-062" }, "geometry": { "type": "Point", "coordinates": [ 25.547056292763635, 61.511544651131516 ] } },
{ "type": "Feature", "properties": { "kp_id": "KP-01208", "tr_id": "TR-131" }, "geometry": { "type": "Point", "coordinates": [ 25.691945383138236, 61.513020566521924 ] } },
{ "type": "Feature", "properties": { "kp_id": "KP-01209", "tr_id": "TR-035" }, "geometry": { "type": "Point", "coordinates": [ 25.593156210407972, 61.512046487936544 ] } },
{ "type": "Feature", "properties": { "kp_id": "KP-01210", "tr_id": "TR-035" }, "geometry": { "type": "Point", "coordinates": [ 25.584494381579624, 61.512001888415895 ] } },
{ "type": "Feature", "properties": { "kp_id": "KP-01211", "tr_id": "TR-035" }, "geometry": { "type": "Point", "coordinates": [ 25.579423272136427, 61.51195413426268 ] } },
{ "type": "Feature", "properties": { "kp_id": "KP-01212", "tr_id": "TR-035" }, "geometry": { "type": "Point", "coordinates": [ 25.598736428519327, 61.512168074544149 ] } },
{ "type": "Feature", "properties": { "kp_id": "KP-01213", "tr_id": "TR-114" }, "geometry": { "type": "Point", "coordinates": [ 25.8481716232988, 61.514544662874201 ] } },
{ "type": "Feature", "properties": { "kp_id": "KP-01214", "tr_id": "TR-142" }, "geometry": { "type": "Point", "coordinates": [ 25.808418589312971, 61.514215429733305 ] } },
{ "type": "Feature", "properties": { "kp_id": "KP-01215", "tr_id": "TR-109" }, "geometry": { "type": "Point", "coordinates": [ 25.908289013436978, 61.51507188795604 ] } },
{ "type": "Feature", "properties": { "kp_id": "KP-01216", "tr_id": "TR-142" }, "geometry": { "type": "Point", "coordinates": [ 25.804982679176483, 61.514215606943601 ] } },
{ "type": "Feature", "properties": { "kp_id": "KP-01217", "tr_id": "TR-109" }, "geometry": { "type": "Point", "coordinates": [ 25.888735196089204, 61.51513933492437 ] } },
{ "type": "Feature", "properties": { "kp_id": "KP-01218", "tr_id": "TR-010" }, "geometry": { "type": "Point", "coordinates": [ 25.738237471515699, 61.513840973406516 ] } },
{ "type": "Feature", "properties": { "kp_id": "KP-01219", "tr_id": "TR-035" }, "geometry": { "type": "Point", "coordinates": [ 25.589384906362106, 61.512468755645457 ] } },
{ "type": "Feature", "properties": { "kp_id": "KP-01220", "tr_id": "TR-046" }, "geometry": { "type": "Point", "coordinates": [ 25.718382113819448, 61.513847199530126 ] } },
{ "type": "Feature", "properties": { "kp_id": "KP-01221", "tr_id": "TR-102" }, "geometry": { "type": "Point", "coordinates": [ 25.512820316525051, 61.51180966536328 ] } },
{ "type": "Feature", "properties": { "kp_id": "KP-01222", "tr_id": "TR-109" }, "geometry": { "type": "Point", "coordinates": [ 25.882953701855449, 61.515352234135243 ] } },
{ "type": "Feature", "properties": { "kp_id": "KP-01223", "tr_id": "TR-010" }, "geometry": { "type": "Point", "coordinates": [ 25.737238515371487, 61.514105861774588 ] } },
{ "type": "Feature", "properties": { "kp_id": "KP-01224", "tr_id": "TR-109" }, "geometry": { "type": "Point", "coordinates": [ 25.901692967054139, 61.515582269225455 ] } },
{ "type": "Feature", "properties": { "kp_id": "KP-01225", "tr_id": "TR-062" }, "geometry": { "type": "Point", "coordinates": [ 25.539551898454743, 61.512335023658139 ] } },
{ "type": "Feature", "properties": { "kp_id": "KP-01226", "tr_id": "TR-131" }, "geometry": { "type": "Point", "coordinates": [ 25.689121376980943, 61.513952738714607 ] } },
{ "type": "Feature", "properties": { "kp_id": "KP-01227", "tr_id": "TR-114" }, "geometry": { "type": "Point", "coordinates": [ 25.860436622426761, 61.515535926391429 ] } },
{ "type": "Feature", "properties": { "kp_id": "KP-01228", "tr_id": "TR-102" }, "geometry": { "type": "Point", "coordinates": [ 25.488798736479939, 61.512019606898171 ] } },
{ "type": "Feature", "properties": { "kp_id": "KP-01229", "tr_id": "TR-062" }, "geometry": { "type": "Point", "coordinates": [ 25.552101352468455, 61.51298288158771 ] } },
{ "type": "Feature", "properties": { "kp_id": "KP-01230", "tr_id": "TR-114" }, "geometry": { "type": "Point", "coordinates": [ 25.848283219636521, 61.515828396822762 ] } },
{ "type": "Feature", "properties": { "kp_id": "KP-01231", "tr_id": "TR-118" }, "geometry": { "type": "Point", "coordinates": [ 25.626849336573944, 61.513789857126625 ] } },
{ "type": "Feature", "properties": { "kp_id": "KP-01232", "tr_id": "TR-046" }, "geometry": { "type": "Point", "coordinates": [ 25.700790582362306, 61.514517181255904 ] } },
{ "type": "Feature", "properties": { "kp_id": "KP-01233", "tr_id": "TR-109" }, "geometry": { "type": "Point", "coordinates": [ 25.90107933937848, 61.516306643024713 ] } },
{ "type": "Feature", "properties": { "kp_id": "KP-01234", "tr_id": "TR-114" }, "geometry": { "type": "Point", "coordinates": [ 25.85836527167616, 61.51604640974174 ] } },
{ "type": "Feature", "properties": { "kp_id": "KP-01235", "tr_id": "TR-035" }, "geometry": { "type": "Point", "coordinates": [ 25.59640442372109, 61.51362180409469 ] } },
{ "type": "Feature", "properties": { "kp_id": "KP-01236", "tr_id": "TR-131" }, "geometry": { "type": "Point", "coordinates": [ 25.67704854180926, 61.514574924081927 ] } },
{ "type": "Feature", "properties": { "kp_id": "KP-01237", "tr_id": "TR-062" }, "geometry": { "type": "Point", "coordinates": [ 25.545537331310456, 61.51333309101468 ] } },
{ "type": "Feature", "properties": { "kp_id": "KP-01238", "tr_id": "TR-062" }, "geometry": { "type": "Point", "coordinates": [ 25.557977176802613, 61.513500670127669 ] } },
{ "type": "Feature", "properties": { "kp_id": "KP-01239", "tr_id": "TR-118" }, "geometry": { "type": "Point", "coordinates": [ 25.655152430756836, 61.514557189383886 ] } },
{ "type": "Feature", "properties": { "kp_id": "KP-01240", "tr_id": "TR-118" }, "geometry": { "type": "Point", "coordinates": [ 25.654246730274753, 61.514550034590741 ] } },
{ "type": "Feature", "properties": { "kp_id": "KP-01241", "tr_id": "TR-131" }, "geometry": { "type": "Point", "coordinates": [ 25.673912202434654, 61.514766611270723 ] } },
{ "type": "Feature", "properties": { "kp_id": "KP-01242", "tr_id": "TR-062" }, "geometry": { "type": "Point", "coordinates": [ 25.552907343429435, 61.51372122171275 ] } },
{ "type": "Feature", "properties": { "kp_id": "KP-01243", "tr_id": "TR-118" }, "geometry": { "type": "Point", "coordinates": [ 25.658488705151679, 61.514899445649625 ] } },
{ "type": "Feature", "properties": { "kp_id": "KP-01244", "tr_id": "TR-062" }, "geometry": { "type": "Point", "coordinates": [ 25.554947018759748, 61.513903719491637 ] } },
{ "type": "Feature", "properties": { "kp_id": "KP-01245", "tr_id": "TR-062" }, "geometry": { "type": "Point", "coordinates": [ 25.537230639797091, 61.513784210310277 ] } },
{ "type": "Feature", "properties": { "kp_id": "KP-01246", "tr_id": "TR-131" }, "geometry": { "type": "Point", "coordinates": [ 25.675446534026054, 61.515197933058509 ] } },
{ "type": "Feature", "properties": { "kp_id": "KP-01247", "tr_id": "TR-109" }, "geometry": { "type": "Point", "coordinates": [ 25.891131203469563, 61.517140571003971 ] } },
{ "type": "Feature", "properties": { "kp_id": "KP-01248", "tr_id": "TR-012" }, "geometry": { "type": "Point", "coordinates": [ 25.52661049296924, 61.513746684711037 ] } },
{ "type": "Feature", "properties": { "kp_id": "KP-01249", "tr_id": "TR-067" }, "geometry": { "type": "Point", "coordinates": [ 25.785121270846478, 61.516401096395086 ] } },
{ "type": "Feature", "properties": { "kp_id": "KP-01250", "tr_id": "TR-035" }, "geometry": { "type": "Point", "coordinates": [ 25.585759088040817, 61.514548145479331 ] } },
{ "type": "Feature", "properties": { "kp_id": "KP-01251", "tr_id": "TR-114" }, "geometry": { "type": "Point", "coordinates": [ 25.859378356870575, 61.517327921284732 ] } },
{ "type": "Feature", "properties": { "kp_id": "KP-01252", "tr_id": "TR-114" }, "geometry": { "type": "Point", "coordinates": [ 25.873486737291884, 61.517499688650922 ] } },
{ "type": "Feature", "properties": { "kp_id": "KP-01253", "tr_id": "TR-082" }, "geometry": { "type": "Point", "coordinates": [ 25.482146534477923, 61.513845030515441 ] } },
{ "type": "Feature", "properties": { "kp_id": "KP-01254", "tr_id": "TR-114" }, "geometry": { "type": "Point", "coordinates": [ 25.847974284098278, 61.517438555920705 ] } },
{ "type": "Feature", "properties": { "kp_id": "KP-01255", "tr_id": "TR-012" }, "geometry": { "type": "Point", "coordinates": [ 25.525787822592086, 61.514493975529 ] } },
{ "type": "Feature", "properties": { "kp_id": "KP-01256", "tr_id": "TR-012" }, "geometry": { "type": "Point", "coordinates": [ 25.534282606104949, 61.514646281136905 ] } },
{ "type": "Feature", "properties": { "kp_id": "KP-01257", "tr_id": "TR-012" }, "geometry": { "type": "Point", "coordinates": [ 25.529720528926333, 61.514839505768485 ] } },
{ "type": "Feature", "properties": { "kp_id": "KP-01258", "tr_id": "TR-004" }, "geometry": { "type": "Point", "coordinates": [ 25.900077094822894, 61.51843854035404 ] } },
{ "type": "Feature", "properties": { "kp_id": "KP-01259", "tr_id": "TR-010" }, "geometry": { "type": "Point", "coordinates": [ 25.730742048834678, 61.516974755719026 ] } },
{ "type": "Feature", "properties": { "kp_id": "KP-01260", "tr_id": "TR-142" }, "geometry": { "type": "Point", "coordinates": [ 25.80292542800354, 61.517742472751188 ] } },
{ "type": "Feature", "properties": { "kp_id": "KP-01261", "tr_id": "TR-062" }, "geometry": { "type": "Point", "coordinates": [ 25.549586455148226, 61.515296502603249 ] } },
{ "type": "Feature", "properties": { "kp_id": "KP-01262", "tr_id": "TR-088" }, "geometry": { "type": "Point", "coordinates": [ 25.690810830249582, 61.516966654042854 ] } },
{ "type": "Feature", "properties": { "kp_id": "KP-01263", "tr_id": "TR-118" }, "geometry": { "type": "Point", "coordinates": [ 25.627645967648192, 61.516385064112207 ] } },
{ "type": "Feature", "properties": { "kp_id": "KP-01264", "tr_id": "TR-010" }, "geometry": { "type": "Point", "coordinates": [ 25.741596034497142, 61.517544050726777 ] } },
{ "type": "Feature", "properties": { "kp_id": "KP-01265", "tr_id": "TR-114" }, "geometry": { "type": "Point", "coordinates": [ 25.845516202419049, 61.518500539941648 ] } },
{ "type": "Feature", "properties": { "kp_id": "KP-01266", "tr_id": "TR-004" }, "geometry": { "type": "Point", "coordinates": [ 25.890634917765816, 61.51889626756747 ] } },
{ "type": "Feature", "properties": { "kp_id": "KP-01267", "tr_id": "TR-004" }, "geometry": { "type": "Point", "coordinates": [ 25.880902327631237, 61.518926522566879 ] } },
{ "type": "Feature", "properties": { "kp_id": "KP-01268", "tr_id": "TR-142" }, "geometry": { "type": "Point", "coordinates": [ 25.804912169891182, 61.518283052762087 ] } },
{ "type": "Feature", "properties": { "kp_id": "KP-01269", "tr_id": "TR-142" }, "geometry": { "type": "Point", "coordinates": [ 25.800742106396946, 61.518263190297972 ] } },
{ "type": "Feature", "properties": { "kp_id": "KP-01270", "tr_id": "TR-088" }, "geometry": { "type": "Point", "coordinates": [ 25.676637825310298, 61.517118846060171 ] } },
{ "type": "Feature", "properties": { "kp_id": "KP-01271", "tr_id": "TR-084" }, "geometry": { "type": "Point", "coordinates": [ 25.919247590066465, 61.519269407525073 ] } },
{ "type": "Feature", "properties": { "kp_id": "KP-01272", "tr_id": "TR-035" }, "geometry": { "type": "Point", "coordinates": [ 25.597176006128532, 61.516416556554532 ] } },
{ "type": "Feature", "properties": { "kp_id": "KP-01273", "tr_id": "TR-114" }, "geometry": { "type": "Point", "coordinates": [ 25.872057735864914, 61.519121674213956 ] } },
{ "type": "Feature", "properties": { "kp_id": "KP-01274", "tr_id": "TR-046" }, "geometry": { "type": "Point", "coordinates": [ 25.704730186077544, 61.517664337646558 ] } },
{ "type": "Feature", "properties": { "kp_id": "KP-01275", "tr_id": "TR-046" }, "geometry": { "type": "Point", "coordinates": [ 25.704757542125257, 61.517702046495039 ] } },
{ "type": "Feature", "properties": { "kp_id": "KP-01276", "tr_id": "TR-062" }, "geometry": { "type": "Point", "coordinates": [ 25.559395567185867, 61.516273445051084 ] } },
{ "type": "Feature", "properties": { "kp_id": "KP-01277", "tr_id": "TR-062" }, "geometry": { "type": "Point", "coordinates": [ 25.567909830394594, 61.516384954562554 ] } },
{ "type": "Feature", "properties": { "kp_id": "KP-01278", "tr_id": "TR-004" }, "geometry": { "type": "Point", "coordinates": [ 25.88957640964939, 61.519416853178029 ] } },
{ "type": "Feature", "properties": { "kp_id": "KP-01279", "tr_id": "TR-004" }, "geometry": { "type": "Point", "coordinates": [ 25.899596654198604, 61.519586470647091 ] } },
{ "type": "Feature", "properties": { "kp_id": "KP-01280", "tr_id": "TR-088" }, "geometry": { "type": "Point", "coordinates": [ 25.678067944245232, 61.517635642578774 ] } },
{ "type": "Feature", "properties": { "kp_id": "KP-01281", "tr_id": "TR-082" }, "geometry": { "type": "Point", "coordinates": [ 25.475168946968303, 61.515556597041346 ] } },
{ "type": "Feature", "properties": { "kp_id": "KP-01282", "tr_id": "TR-010" }, "geometry": { "type": "Point", "coordinates": [ 25.733261940326027, 61.518202588645956 ] } },
{ "type": "Feature", "properties": { "kp_id": "KP-01283", "tr_id": "TR-035" }, "geometry": { "type": "Point", "coordinates": [ 25.601181426526196, 61.517172208245533 ] } },
{ "type": "Feature", "properties": { "kp_id": "KP-01284", "tr_id": "TR-010" }, "geometry": { "type": "Point", "coordinates": [ 25.747263260626816, 61.518621159128109 ] } },
{ "type": "Feature", "properties": { "kp_id": "KP-01285", "tr_id": "TR-046" }, "geometry": { "type": "Point", "coordinates": [ 25.70752529504842, 61.518508471272689 ] } },
{ "type": "Feature", "properties": { "kp_id": "KP-01286", "tr_id": "TR-004" }, "geometry": { "type": "Point", "coordinates": [ 25.885412635094738, 61.520154991049466 ] } },
{ "type": "Feature", "properties": { "kp_id": "KP-01287", "tr_id": "TR-084" }, "geometry": { "type": "Point", "coordinates": [ 25.91774916976102, 61.520661761059365 ] } },
{ "type": "Feature", "properties": { "kp_id": "KP-01288", "tr_id": "TR-118" }, "geometry": { "type": "Point", "coordinates": [ 25.624660583048495, 61.518056506707616 ] } },
{ "type": "Feature", "properties": { "kp_id": "KP-01289", "tr_id": "TR-088" }, "geometry": { "type": "Point", "coordinates": [ 25.689900524728454, 61.518745452110785 ] } },
{ "type": "Feature", "properties": { "kp_id": "KP-01290", "tr_id": "TR-012" }, "geometry": { "type": "Point", "coordinates": [ 25.543000643232638, 61.517396764765081 ] } },
{ "type": "Feature", "properties": { "kp_id": "KP-01291", "tr_id": "TR-088" }, "geometry": { "type": "Point", "coordinates": [ 25.704276192322833, 61.519057087691571 ] } },
{ "type": "Feature", "properties": { "kp_id": "KP-01292", "tr_id": "TR-088" }, "geometry": { "type": "Point", "coordinates": [ 25.666918015625704, 61.518717340766173 ] } },
{ "type": "Feature", "properties": { "kp_id": "KP-01293", "tr_id": "TR-114" }, "geometry": { "type": "Point", "coordinates": [ 25.844882673319798, 61.520383595926326 ] } },
{ "type": "Feature", "properties": { "kp_id": "KP-01294", "tr_id": "TR-035" }, "geometry": { "type": "Point", "coordinates": [ 25.600237075235889, 61.518117265350483 ] } },
{ "type": "Feature", "properties": { "kp_id": "KP-01295", "tr_id": "TR-048" }, "geometry": { "type": "Point", "coordinates": [ 25.657964750036541, 61.518768626091038 ] } },
{ "type": "Feature", "properties": { "kp_id": "KP-01296", "tr_id": "TR-004" }, "geometry": { "type": "Point", "coordinates": [ 25.897576764532875, 61.521051672173286 ] } },
{ "type": "Feature", "properties": { "kp_id": "KP-01297", "tr_id": "TR-088" }, "geometry": { "type": "Point", "coordinates": [ 25.683526420653131, 61.519176649800926 ] } },
{ "type": "Feature", "properties": { "kp_id": "KP-01298", "tr_id": "TR-118" }, "geometry": { "type": "Point", "coordinates": [ 25.627909340543678, 61.518676214701507 ] } },
{ "type": "Feature", "properties": { "kp_id": "KP-01299", "tr_id": "TR-088" }, "geometry": { "type": "Point", "coordinates": [ 25.68527592340762, 61.519304227691187 ] } },
{ "type": "Feature", "properties": { "kp_id": "KP-01300", "tr_id": "TR-114" }, "geometry": { "type": "Point", "coordinates": [ 25.851051369478409, 61.520913978677044 ] } },
{ "type": "Feature", "properties": { "kp_id": "KP-01301", "tr_id": "TR-012" }, "geometry": { "type": "Point", "coordinates": [ 25.53836869228584, 61.518037381814011 ] } },
{ "type": "Feature", "properties": { "kp_id": "KP-01302", "tr_id": "TR-088" }, "geometry": { "type": "Point", "coordinates": [ 25.674749767498039, 61.519445407515704 ] } },
{ "type": "Feature", "properties": { "kp_id": "KP-01303", "tr_id": "TR-114" }, "geometry": { "type": "Point", "coordinates": [ 25.844282141952306, 61.521039269047705 ] } },
{ "type": "Feature", "properties": { "kp_id": "KP-01304", "tr_id": "TR-004" }, "geometry": { "type": "Point", "coordinates": [ 25.882521103346914, 61.521434658535945 ] } },
{ "type": "Feature", "properties": { "kp_id": "KP-01305", "tr_id": "TR-010" }, "geometry": { "type": "Point", "coordinates": [ 25.748933713142872, 61.520328308839417 ] } },
{ "type": "Feature", "properties": { "kp_id": "KP-01306", "tr_id": "TR-004" }, "geometry": { "type": "Point", "coordinates": [ 25.884882029783078, 61.521519253412656 ] } },
{ "type": "Feature", "properties": { "kp_id": "KP-01307", "tr_id": "TR-012" }, "geometry": { "type": "Point", "coordinates": [ 25.509515796189756, 61.518103187832132 ] } },
{ "type": "Feature", "properties": { "kp_id": "KP-01308", "tr_id": "TR-088" }, "geometry": { "type": "Point", "coordinates": [ 25.67514058330805, 61.520059189674726 ] } },
{ "type": "Feature", "properties": { "kp_id": "KP-01309", "tr_id": "TR-067" }, "geometry": { "type": "Point", "coordinates": [ 25.786824973396161, 61.521135882160223 ] } },
{ "type": "Feature", "properties": { "kp_id": "KP-01310", "tr_id": "TR-088" }, "geometry": { "type": "Point", "coordinates": [ 25.689557433892581, 61.520294955062234 ] } },
{ "type": "Feature", "properties": { "kp_id": "KP-01311", "tr_id": "TR-004" }, "geometry": { "type": "Point", "coordinates": [ 25.883802862571422, 61.522063281911294 ] } },
{ "type": "Feature", "properties": { "kp_id": "KP-01312", "tr_id": "TR-004" }, "geometry": { "type": "Point", "coordinates": [ 25.896200409648898, 61.522176562061155 ] } },
{ "type": "Feature", "properties": { "kp_id": "KP-01313", "tr_id": "TR-135" }, "geometry": { "type": "Point", "coordinates": [ 25.507616552706875, 61.518515473609725 ] } },
{ "type": "Feature", "properties": { "kp_id": "KP-01314", "tr_id": "TR-067" }, "geometry": { "type": "Point", "coordinates": [ 25.777143470925672, 61.52119770749335 ] } },
{ "type": "Feature", "properties": { "kp_id": "KP-01315", "tr_id": "TR-067" }, "geometry": { "type": "Point", "coordinates": [ 25.805749633942142, 61.521479966430483 ] } },
{ "type": "Feature", "properties": { "kp_id": "KP-01316", "tr_id": "TR-004" }, "geometry": { "type": "Point", "coordinates": [ 25.875414351327031, 61.52211221056676 ] } },
{ "type": "Feature", "properties": { "kp_id": "KP-01317", "tr_id": "TR-067" }, "geometry": { "type": "Point", "coordinates": [ 25.804672875686325, 61.521629139077611 ] } },
{ "type": "Feature", "properties": { "kp_id": "KP-01318", "tr_id": "TR-067" }, "geometry": { "type": "Point", "coordinates": [ 25.785421492159902, 61.521548499979318 ] } },
{ "type": "Feature", "properties": { "kp_id": "KP-01319", "tr_id": "TR-084" }, "geometry": { "type": "Point", "coordinates": [ 25.917033160112073, 61.522687801151918 ] } },
{ "type": "Feature", "properties": { "kp_id": "KP-01320", "tr_id": "TR-067" }, "geometry": { "type": "Point", "coordinates": [ 25.794965744228087, 61.521796762897495 ] } },
{ "type": "Feature", "properties": { "kp_id": "KP-01321", "tr_id": "TR-140" }, "geometry": { "type": "Point", "coordinates": [ 25.60082165204544, 61.519955280065943 ] } },
{ "type": "Feature", "properties": { "kp_id": "KP-01322", "tr_id": "TR-082" }, "geometry": { "type": "Point", "coordinates": [ 25.472102372552474, 61.51865433024507 ] } },
{ "type": "Feature", "properties": { "kp_id": "KP-01323", "tr_id": "TR-088" }, "geometry": { "type": "Point", "coordinates": [ 25.689119208036907, 61.520934850697067 ] } },
{ "type": "Feature", "properties": { "kp_id": "KP-01324", "tr_id": "TR-012" }, "geometry": { "type": "Point", "coordinates": [ 25.51250142311023, 61.519277223877317 ] } },
{ "type": "Feature", "properties": { "kp_id": "KP-01325", "tr_id": "TR-114" }, "geometry": { "type": "Point", "coordinates": [ 25.860180889989412, 61.522648685079716 ] } },
{ "type": "Feature", "properties": { "kp_id": "KP-01326", "tr_id": "TR-010" }, "geometry": { "type": "Point", "coordinates": [ 25.74754358494927, 61.521697415833778 ] } },
{ "type": "Feature", "properties": { "kp_id": "KP-01327", "tr_id": "TR-046" }, "geometry": { "type": "Point", "coordinates": [ 25.711665246934896, 61.521394674782634 ] } },
{ "type": "Feature", "properties": { "kp_id": "KP-01328", "tr_id": "TR-140" }, "geometry": { "type": "Point", "coordinates": [ 25.599278666738847, 61.520448064658204 ] } },
{ "type": "Feature", "properties": { "kp_id": "KP-01329", "tr_id": "TR-033" }, "geometry": { "type": "Point", "coordinates": [ 25.842802358738272, 61.522807390170613 ] } },
{ "type": "Feature", "properties": { "kp_id": "KP-01330", "tr_id": "TR-135" }, "geometry": { "type": "Point", "coordinates": [ 25.484028839715762, 61.519449927079414 ] } },
{ "type": "Feature", "properties": { "kp_id": "KP-01331", "tr_id": "TR-048" }, "geometry": { "type": "Point", "coordinates": [ 25.665490979818848, 61.521422494040678 ] } },
{ "type": "Feature", "properties": { "kp_id": "KP-01332", "tr_id": "TR-135" }, "geometry": { "type": "Point", "coordinates": [ 25.500759304834428, 61.519786676835025 ] } },
{ "type": "Feature", "properties": { "kp_id": "KP-01333", "tr_id": "TR-088" }, "geometry": { "type": "Point", "coordinates": [ 25.679997376471423, 61.521675753060222 ] } },
{ "type": "Feature", "properties": { "kp_id": "KP-01334", "tr_id": "TR-135" }, "geometry": { "type": "Point", "coordinates": [ 25.495748659813135, 61.519902729857016 ] } },
{ "type": "Feature", "properties": { "kp_id": "KP-01335", "tr_id": "TR-140" }, "geometry": { "type": "Point", "coordinates": [ 25.600168052597514, 61.521187631982436 ] } },
{ "type": "Feature", "properties": { "kp_id": "KP-01336", "tr_id": "TR-118" }, "geometry": { "type": "Point", "coordinates": [ 25.622508590290586, 61.521465091620563 ] } },
{ "type": "Feature", "properties": { "kp_id": "KP-01337", "tr_id": "TR-010" }, "geometry": { "type": "Point", "coordinates": [ 25.750831494468759, 61.522708373463949 ] } },
{ "type": "Feature", "properties": { "kp_id": "KP-01338", "tr_id": "TR-004" }, "geometry": { "type": "Point", "coordinates": [ 25.895506373322274, 61.523959399951032 ] } },
{ "type": "Feature", "properties": { "kp_id": "KP-01339", "tr_id": "TR-012" }, "geometry": { "type": "Point", "coordinates": [ 25.517713411890824, 61.520527004316826 ] } },
{ "type": "Feature", "properties": { "kp_id": "KP-01340", "tr_id": "TR-067" }, "geometry": { "type": "Point", "coordinates": [ 25.805938574440066, 61.523411640370419 ] } },
{ "type": "Feature", "properties": { "kp_id": "KP-01341", "tr_id": "TR-140" }, "geometry": { "type": "Point", "coordinates": [ 25.598828362862786, 61.521486148773157 ] } },
{ "type": "Feature", "properties": { "kp_id": "KP-01342", "tr_id": "TR-088" }, "geometry": { "type": "Point", "coordinates": [ 25.688098597311548, 61.522394625845443 ] } },
{ "type": "Feature", "properties": { "kp_id": "KP-01343", "tr_id": "TR-033" }, "geometry": { "type": "Point", "coordinates": [ 25.84098036756097, 61.523845415423636 ] } },
{ "type": "Feature", "properties": { "kp_id": "KP-01344", "tr_id": "TR-012" }, "geometry": { "type": "Point", "coordinates": [ 25.53110249860406, 61.520864638694704 ] } },
{ "type": "Feature", "properties": { "kp_id": "KP-01345", "tr_id": "TR-067" }, "geometry": { "type": "Point", "coordinates": [ 25.786508089046251, 61.523380172749803 ] } },
{ "type": "Feature", "properties": { "kp_id": "KP-01346", "tr_id": "TR-033" }, "geometry": { "type": "Point", "coordinates": [ 25.844023591672329, 61.523937177152519 ] } },
{ "type": "Feature", "properties": { "kp_id": "KP-01347", "tr_id": "TR-100" }, "geometry": { "type": "Point", "coordinates": [ 25.862981048897691, 61.524420799975275 ] } },
{ "type": "Feature", "properties": { "kp_id": "KP-01348", "tr_id": "TR-140" }, "geometry": { "type": "Point", "coordinates": [ 25.600190921719271, 61.52213766277503 ] } },
{ "type": "Feature", "properties": { "kp_id": "KP-01349", "tr_id": "TR-067" }, "geometry": { "type": "Point", "coordinates": [ 25.791473224928996, 61.524019464959643 ] } },
{ "type": "Feature", "properties": { "kp_id": "KP-01350", "tr_id": "TR-010" }, "geometry": { "type": "Point", "coordinates": [ 25.739389325994502, 61.523591242117263 ] } },
{ "type": "Feature", "properties": { "kp_id": "KP-01351", "tr_id": "TR-140" }, "geometry": { "type": "Point", "coordinates": [ 25.606458614389766, 61.522302530293189 ] } },
{ "type": "Feature", "properties": { "kp_id": "KP-01352", "tr_id": "TR-135" }, "geometry": { "type": "Point", "coordinates": [ 25.485937230440374, 61.52105272199303 ] } },
{ "type": "Feature", "properties": { "kp_id": "KP-01353", "tr_id": "TR-012" }, "geometry": { "type": "Point", "coordinates": [ 25.517220862527584, 61.521515748354275 ] } },
{ "type": "Feature", "properties": { "kp_id": "KP-01354", "tr_id": "TR-088" }, "geometry": { "type": "Point", "coordinates": [ 25.681473149637608, 61.523232080670425 ] } },
{ "type": "Feature", "properties": { "kp_id": "KP-01355", "tr_id": "TR-135" }, "geometry": { "type": "Point", "coordinates": [ 25.483694634210625, 61.521190370217241 ] } },
{ "type": "Feature", "properties": { "kp_id": "KP-01356", "tr_id": "TR-067" }, "geometry": { "type": "Point", "coordinates": [ 25.804940666811667, 61.524431741466422 ] } },
{ "type": "Feature", "properties": { "kp_id": "KP-01357", "tr_id": "TR-012" }, "geometry": { "type": "Point", "coordinates": [ 25.536008369655583, 61.521814074957149 ] } },
{ "type": "Feature", "properties": { "kp_id": "KP-01358", "tr_id": "TR-067" }, "geometry": { "type": "Point", "coordinates": [ 25.773513132974642, 61.524164315540773 ] } },
{ "type": "Feature", "properties": { "kp_id": "KP-01359", "tr_id": "TR-010" }, "geometry": { "type": "Point", "coordinates": [ 25.750937082641322, 61.523979344937779 ] } },
{ "type": "Feature", "properties": { "kp_id": "KP-01360", "tr_id": "TR-140" }, "geometry": { "type": "Point", "coordinates": [ 25.581849341467752, 61.522452569237437 ] } },
{ "type": "Feature", "properties": { "kp_id": "KP-01361", "tr_id": "TR-067" }, "geometry": { "type": "Point", "coordinates": [ 25.793162771830065, 61.524486390769198 ] } },
{ "type": "Feature", "properties": { "kp_id": "KP-01362", "tr_id": "TR-067" }, "geometry": { "type": "Point", "coordinates": [ 25.769135401314088, 61.52427281623811 ] } },
{ "type": "Feature", "properties": { "kp_id": "KP-01363", "tr_id": "TR-088" }, "geometry": { "type": "Point", "coordinates": [ 25.686778097747563, 61.523509801281385 ] } },
{ "type": "Feature", "properties": { "kp_id": "KP-01364", "tr_id": "TR-010" }, "geometry": { "type": "Point", "coordinates": [ 25.742882083345517, 61.52407812752697 ] } },
{ "type": "Feature", "properties": { "kp_id": "KP-01365", "tr_id": "TR-088" }, "geometry": { "type": "Point", "coordinates": [ 25.679149456366339, 61.523481965722809 ] } },
{ "type": "Feature", "properties": { "kp_id": "KP-01366", "tr_id": "TR-067" }, "geometry": { "type": "Point", "coordinates": [ 25.800694577139826, 61.524606389475238 ] } },
{ "type": "Feature", "properties": { "kp_id": "KP-01367", "tr_id": "TR-004" }, "geometry": { "type": "Point", "coordinates": [ 25.895112361572039, 61.525405970232732 ] } },
{ "type": "Feature", "properties": { "kp_id": "KP-01368", "tr_id": "TR-100" }, "geometry": { "type": "Point", "coordinates": [ 25.861567031300687, 61.525159994695599 ] } },
{ "type": "Feature", "properties": { "kp_id": "KP-01369", "tr_id": "TR-140" }, "geometry": { "type": "Point", "coordinates": [ 25.602956983478521, 61.52276761940621 ] } },
{ "type": "Feature", "properties": { "kp_id": "KP-01370", "tr_id": "TR-048" }, "geometry": { "type": "Point", "coordinates": [ 25.636394829179707, 61.523155578387495 ] } },
{ "type": "Feature", "properties": { "kp_id": "KP-01371", "tr_id": "TR-048" }, "geometry": { "type": "Point", "coordinates": [ 25.659020281492722, 61.523546508043708 ] } },
{ "type": "Feature", "properties": { "kp_id": "KP-01372", "tr_id": "TR-100" }, "geometry": { "type": "Point", "coordinates": [ 25.856280121597877, 61.525409718021713 ] } },
{ "type": "Feature", "properties": { "kp_id": "KP-01373", "tr_id": "TR-088" }, "geometry": { "type": "Point", "coordinates": [ 25.695907027956387, 61.524118093753273 ] } },
{ "type": "Feature", "properties": { "kp_id": "KP-01374", "tr_id": "TR-084" }, "geometry": { "type": "Point", "coordinates": [ 25.916843997390842, 61.526058242256696 ] } },
{ "type": "Feature", "properties": { "kp_id": "KP-01375", "tr_id": "TR-012" }, "geometry": { "type": "Point", "coordinates": [ 25.537610968216093, 61.522553612147362 ] } },
{ "type": "Feature", "properties": { "kp_id": "KP-01376", "tr_id": "TR-012" }, "geometry": { "type": "Point", "coordinates": [ 25.5268320589072, 61.522527222649408 ] } },
{ "type": "Feature", "properties": { "kp_id": "KP-01377", "tr_id": "TR-088" }, "geometry": { "type": "Point", "coordinates": [ 25.691110281064887, 61.524217086338574 ] } },
{ "type": "Feature", "properties": { "kp_id": "KP-01378", "tr_id": "TR-122" }, "geometry": { "type": "Point", "coordinates": [ 25.765113497607381, 61.524916359117753 ] } },
{ "type": "Feature", "properties": { "kp_id": "KP-01379", "tr_id": "TR-067" }, "geometry": { "type": "Point", "coordinates": [ 25.78388371739582, 61.52508725826609 ] } },
{ "type": "Feature", "properties": { "kp_id": "KP-01380", "tr_id": "TR-048" }, "geometry": { "type": "Point", "coordinates": [ 25.659276948819066, 61.523929926748146 ] } },
{ "type": "Feature", "properties": { "kp_id": "KP-01381", "tr_id": "TR-140" }, "geometry": { "type": "Point", "coordinates": [ 25.596911984542498, 61.52332875578972 ] } },
{ "type": "Feature", "properties": { "kp_id": "KP-01382", "tr_id": "TR-100" }, "geometry": { "type": "Point", "coordinates": [ 25.866464916506335, 61.525839849281518 ] } },
{ "type": "Feature", "properties": { "kp_id": "KP-01383", "tr_id": "TR-004" }, "geometry": { "type": "Point", "coordinates": [ 25.894994393836221, 61.526076871866593 ] } },
{ "type": "Feature", "properties": { "kp_id": "KP-01384", "tr_id": "TR-010" }, "geometry": { "type": "Point", "coordinates": [ 25.760330614088026, 61.52493684930225 ] } },
{ "type": "Feature", "properties": { "kp_id": "KP-01385", "tr_id": "TR-088" }, "geometry": { "type": "Point", "coordinates": [ 25.704984961488204, 61.524434783142347 ] } },
{ "type": "Feature", "properties": { "kp_id": "KP-01386", "tr_id": "TR-012" }, "geometry": { "type": "Point", "coordinates": [ 25.521555936126077, 61.522585381251176 ] } },
{ "type": "Feature", "properties": { "kp_id": "KP-01387", "tr_id": "TR-100" }, "geometry": { "type": "Point", "coordinates": [ 25.859839782941481, 61.525855846420548 ] } },
{ "type": "Feature", "properties": { "kp_id": "KP-01388", "tr_id": "TR-067" }, "geometry": { "type": "Point", "coordinates": [ 25.804085512473215, 61.525381106732056 ] } },
{ "type": "Feature", "properties": { "kp_id": "KP-01389", "tr_id": "TR-010" }, "geometry": { "type": "Point", "coordinates": [ 25.740070140748877, 61.524925269592529 ] } },
{ "type": "Feature", "properties": { "kp_id": "KP-01390", "tr_id": "TR-010" }, "geometry": { "type": "Point", "coordinates": [ 25.722202444523457, 61.52485503343329 ] } },
{ "type": "Feature", "properties": { "kp_id": "KP-01391", "tr_id": "TR-067" }, "geometry": { "type": "Point", "coordinates": [ 25.798239767256675, 61.525580594727039 ] } },
{ "type": "Feature", "properties": { "kp_id": "KP-01392", "tr_id": "TR-067" }, "geometry": { "type": "Point", "coordinates": [ 25.771048252510788, 61.525379523664043 ] } },
{ "type": "Feature", "properties": { "kp_id": "KP-01393", "tr_id": "TR-135" }, "geometry": { "type": "Point", "coordinates": [ 25.506094087756523, 61.522745601269783 ] } },
{ "type": "Feature", "properties": { "kp_id": "KP-01394", "tr_id": "TR-140" }, "geometry": { "type": "Point", "coordinates": [ 25.593612136429105, 61.523735507983083 ] } },
{ "type": "Feature", "properties": { "kp_id": "KP-01395", "tr_id": "TR-135" }, "geometry": { "type": "Point", "coordinates": [ 25.499568513318806, 61.522755310663634 ] } },
{ "type": "Feature", "properties": { "kp_id": "KP-01396", "tr_id": "TR-010" }, "geometry": { "type": "Point", "coordinates": [ 25.752269358789246, 61.525325845369977 ] } },
{ "type": "Feature", "properties": { "kp_id": "KP-01397", "tr_id": "TR-067" }, "geometry": { "type": "Point", "coordinates": [ 25.77695889521328, 61.525558300452531 ] } },
{ "type": "Feature", "properties": { "kp_id": "KP-01398", "tr_id": "TR-140" }, "geometry": { "type": "Point", "coordinates": [ 25.600777400978949, 61.52392701061143 ] } },
{ "type": "Feature", "properties": { "kp_id": "KP-01399", "tr_id": "TR-048" }, "geometry": { "type": "Point", "coordinates": [ 25.659603342886825, 61.524567964592869 ] } },
{ "type": "Feature", "properties": { "kp_id": "KP-01400", "tr_id": "TR-084" }, "geometry": { "type": "Point", "coordinates": [ 25.930779618459255, 61.52705597494549 ] } },
{ "type": "Feature", "properties": { "kp_id": "KP-01401", "tr_id": "TR-012" }, "geometry": { "type": "Point", "coordinates": [ 25.544603460227695, 61.523521719866515 ] } },
{ "type": "Feature", "properties": { "kp_id": "KP-01402", "tr_id": "TR-048" }, "geometry": { "type": "Point", "coordinates": [ 25.668029855437808, 61.524819751164031 ] } },
{ "type": "Feature", "properties": { "kp_id": "KP-01403", "tr_id": "TR-033" }, "geometry": { "type": "Point", "coordinates": [ 25.845697013447467, 61.526621780267071 ] } },
{ "type": "Feature", "properties": { "kp_id": "KP-01404", "tr_id": "TR-135" }, "geometry": { "type": "Point", "coordinates": [ 25.481274302643996, 61.523100876870714 ] } },
{ "type": "Feature", "properties": { "kp_id": "KP-01405", "tr_id": "TR-088" }, "geometry": { "type": "Point", "coordinates": [ 25.700211436788813, 61.525375631600383 ] } },
{ "type": "Feature", "properties": { "kp_id": "KP-01406", "tr_id": "TR-067" }, "geometry": { "type": "Point", "coordinates": [ 25.799622100432561, 61.52637456899631 ] } },
{ "type": "Feature", "properties": { "kp_id": "KP-01407", "tr_id": "TR-010" }, "geometry": { "type": "Point", "coordinates": [ 25.754182389179441, 61.525987561601262 ] } },
{ "type": "Feature", "properties": { "kp_id": "KP-01408", "tr_id": "TR-010" }, "geometry": { "type": "Point", "coordinates": [ 25.757633559584512, 61.52605164539996 ] } },
{ "type": "Feature", "properties": { "kp_id": "KP-01409", "tr_id": "TR-010" }, "geometry": { "type": "Point", "coordinates": [ 25.747715356045401, 61.526022659836016 ] } },
{ "type": "Feature", "properties": { "kp_id": "KP-01410", "tr_id": "TR-004" }, "geometry": { "type": "Point", "coordinates": [ 25.894904103589187, 61.527304495101824 ] } },
{ "type": "Feature", "properties": { "kp_id": "KP-01411", "tr_id": "TR-048" }, "geometry": { "type": "Point", "coordinates": [ 25.643286625881991, 61.525053545817464 ] } },
{ "type": "Feature", "properties": { "kp_id": "KP-01412", "tr_id": "TR-004" }, "geometry": { "type": "Point", "coordinates": [ 25.880069376333736, 61.527214543716283 ] } },
{ "type": "Feature", "properties": { "kp_id": "KP-01413", "tr_id": "TR-100" }, "geometry": { "type": "Point", "coordinates": [ 25.861073751552237, 61.527168824125951 ] } },
{ "type": "Feature", "properties": { "kp_id": "KP-01414", "tr_id": "TR-012" }, "geometry": { "type": "Point", "coordinates": [ 25.525436568395385, 61.523962822772624 ] } },
{ "type": "Feature", "properties": { "kp_id": "KP-01415", "tr_id": "TR-026" }, "geometry": { "type": "Point", "coordinates": [ 25.719677142898579, 61.526145378661447 ] } },
{ "type": "Feature", "properties": { "kp_id": "KP-01416", "tr_id": "TR-084" }, "geometry": { "type": "Point", "coordinates": [ 25.930739676467496, 61.528002117009507 ] } },
{ "type": "Feature", "properties": { "kp_id": "KP-01417", "tr_id": "TR-084" }, "geometry": { "type": "Point", "coordinates": [ 25.918689338621679, 61.527917061414065 ] } },
{ "type": "Feature", "properties": { "kp_id": "KP-01418", "tr_id": "TR-012" }, "geometry": { "type": "Point", "coordinates": [ 25.519111112652702, 61.524289810374178 ] } },
{ "type": "Feature", "properties": { "kp_id": "KP-01419", "tr_id": "TR-140" }, "geometry": { "type": "Point", "coordinates": [ 25.608527017557126, 61.525233473437837 ] } },
{ "type": "Feature", "properties": { "kp_id": "KP-01420", "tr_id": "TR-135" }, "geometry": { "type": "Point", "coordinates": [ 25.497084952886283, 61.524072759936985 ] } },
{ "type": "Feature", "properties": { "kp_id": "KP-01421", "tr_id": "TR-135" }, "geometry": { "type": "Point", "coordinates": [ 25.481586892347636, 61.523925705410925 ] } },
{ "type": "Feature", "properties": { "kp_id": "KP-01422", "tr_id": "TR-100" }, "geometry": { "type": "Point", "coordinates": [ 25.877389188222452, 61.527778015222957 ] } },
{ "type": "Feature", "properties": { "kp_id": "KP-01423", "tr_id": "TR-033" }, "geometry": { "type": "Point", "coordinates": [ 25.841423918906074, 61.527516013774147 ] } },
{ "type": "Feature", "properties": { "kp_id": "KP-01424", "tr_id": "TR-088" }, "geometry": { "type": "Point", "coordinates": [ 25.677539995189832, 61.526174705672773 ] } },
{ "type": "Feature", "properties": { "kp_id": "KP-01425", "tr_id": "TR-026" }, "geometry": { "type": "Point", "coordinates": [ 25.721255882328567, 61.526633260525806 ] } },
{ "type": "Feature", "properties": { "kp_id": "KP-01426", "tr_id": "TR-122" }, "geometry": { "type": "Point", "coordinates": [ 25.768795841536875, 61.527112136531422 ] } },
{ "type": "Feature", "properties": { "kp_id": "KP-01427", "tr_id": "TR-088" }, "geometry": { "type": "Point", "coordinates": [ 25.678822391314622, 61.526403526391562 ] } },
{ "type": "Feature", "properties": { "kp_id": "KP-01428", "tr_id": "TR-048" }, "geometry": { "type": "Point", "coordinates": [ 25.658278847718297, 61.52620793009541 ] } },
{ "type": "Feature", "properties": { "kp_id": "KP-01429", "tr_id": "TR-004" }, "geometry": { "type": "Point", "coordinates": [ 25.894981373861935, 61.528351247746443 ] } },
{ "type": "Feature", "properties": { "kp_id": "KP-01430", "tr_id": "TR-033" }, "geometry": { "type": "Point", "coordinates": [ 25.848145133297123, 61.527965365695557 ] } },
{ "type": "Feature", "properties": { "kp_id": "KP-01431", "tr_id": "TR-100" }, "geometry": { "type": "Point", "coordinates": [ 25.859350357739054, 61.52809056623417 ] } },
{ "type": "Feature", "properties": { "kp_id": "KP-01432", "tr_id": "TR-084" }, "geometry": { "type": "Point", "coordinates": [ 25.922817363023402, 61.528626788078085 ] } },
{ "type": "Feature", "properties": { "kp_id": "KP-01433", "tr_id": "TR-140" }, "geometry": { "type": "Point", "coordinates": [ 25.585033752810205, 61.525603590903991 ] } },
{ "type": "Feature", "properties": { "kp_id": "KP-01434", "tr_id": "TR-048" }, "geometry": { "type": "Point", "coordinates": [ 25.648982989051273, 61.526332204676905 ] } },
{ "type": "Feature", "properties": { "kp_id": "KP-01435", "tr_id": "TR-067" }, "geometry": { "type": "Point", "coordinates": [ 25.791107198504335, 61.527693591073842 ] } },
{ "type": "Feature", "properties": { "kp_id": "KP-01436", "tr_id": "TR-084" }, "geometry": { "type": "Point", "coordinates": [ 25.926170158871486, 61.528838742638321 ] } },
{ "type": "Feature", "properties": { "kp_id": "KP-01437", "tr_id": "TR-140" }, "geometry": { "type": "Point", "coordinates": [ 25.595232084704129, 61.525867429854685 ] } },
{ "type": "Feature", "properties": { "kp_id": "KP-01438", "tr_id": "TR-100" }, "geometry": { "type": "Point", "coordinates": [ 25.875608928800734, 61.528555266405107 ] } },
{ "type": "Feature", "properties": { "kp_id": "KP-01439", "tr_id": "TR-067" }, "geometry": { "type": "Point", "coordinates": [ 25.799987339334319, 61.527964359030506 ] } },
{ "type": "Feature", "properties": { "kp_id": "KP-01440", "tr_id": "TR-088" }, "geometry": { "type": "Point", "coordinates": [ 25.696208483209457, 61.527027940482569 ] } },
{ "type": "Feature", "properties": { "kp_id": "KP-01441", "tr_id": "TR-026" }, "geometry": { "type": "Point", "coordinates": [ 25.725120113071966, 61.527331292596827 ] } },
{ "type": "Feature", "properties": { "kp_id": "KP-01442", "tr_id": "TR-084" }, "geometry": { "type": "Point", "coordinates": [ 25.900529969189662, 61.528860640283312 ] } },
{ "type": "Feature", "properties": { "kp_id": "KP-01443", "tr_id": "TR-010" }, "geometry": { "type": "Point", "coordinates": [ 25.72667698919193, 61.527368939907127 ] } },
{ "type": "Feature", "properties": { "kp_id": "KP-01444", "tr_id": "TR-084" }, "geometry": { "type": "Point", "coordinates": [ 25.932488317621985, 61.5291858622356 ] } },
{ "type": "Feature", "properties": { "kp_id": "KP-01445", "tr_id": "TR-084" }, "geometry": { "type": "Point", "coordinates": [ 25.909411771093389, 61.529071128273621 ] } },
{ "type": "Feature", "properties": { "kp_id": "KP-01446", "tr_id": "TR-097" }, "geometry": { "type": "Point", "coordinates": [ 25.803154173679768, 61.528203651167118 ] } },
{ "type": "Feature", "properties": { "kp_id": "KP-01447", "tr_id": "TR-033" }, "geometry": { "type": "Point", "coordinates": [ 25.835125965764572, 61.528514908163466 ] } },
{ "type": "Feature", "properties": { "kp_id": "KP-01448", "tr_id": "TR-004" }, "geometry": { "type": "Point", "coordinates": [ 25.897612115982032, 61.529038636088025 ] } },
{ "type": "Feature", "properties": { "kp_id": "KP-01449", "tr_id": "TR-084" }, "geometry": { "type": "Point", "coordinates": [ 25.904581270509713, 61.529122866041661 ] } },
{ "type": "Feature", "properties": { "kp_id": "KP-01450", "tr_id": "TR-010" }, "geometry": { "type": "Point", "coordinates": [ 25.729944171921939, 61.527708973442294 ] } },
{ "type": "Feature", "properties": { "kp_id": "KP-01451", "tr_id": "TR-135" }, "geometry": { "type": "Point", "coordinates": [ 25.499197310042351, 61.525428041524435 ] } },
{ "type": "Feature", "properties": { "kp_id": "KP-01452", "tr_id": "TR-033" }, "geometry": { "type": "Point", "coordinates": [ 25.838714878602961, 61.528743910424204 ] } },
{ "type": "Feature", "properties": { "kp_id": "KP-01453", "tr_id": "TR-033" }, "geometry": { "type": "Point", "coordinates": [ 25.837086619855359, 61.528799715085164 ] } },
{ "type": "Feature", "properties": { "kp_id": "KP-01454", "tr_id": "TR-048" }, "geometry": { "type": "Point", "coordinates": [ 25.640235381014403, 61.527000867045828 ] } },
{ "type": "Feature", "properties": { "kp_id": "KP-01455", "tr_id": "TR-048" }, "geometry": { "type": "Point", "coordinates": [ 25.659571839091942, 61.527323032341698 ] } },
{ "type": "Feature", "properties": { "kp_id": "KP-01456", "tr_id": "TR-088" }, "geometry": { "type": "Point", "coordinates": [ 25.680925785044771, 61.527700699477741 ] } },
{ "type": "Feature", "properties": { "kp_id": "KP-01457", "tr_id": "TR-100" }, "geometry": { "type": "Point", "coordinates": [ 25.853955544100568, 61.529264125146788 ] } },
{ "type": "Feature", "properties": { "kp_id": "KP-01458", "tr_id": "TR-140" }, "geometry": { "type": "Point", "coordinates": [ 25.579699581019025, 61.526899318057524 ] } },
{ "type": "Feature", "properties": { "kp_id": "KP-01459", "tr_id": "TR-100" }, "geometry": { "type": "Point", "coordinates": [ 25.868833927013792, 61.529618544578753 ] } },
{ "type": "Feature", "properties": { "kp_id": "KP-01460", "tr_id": "TR-033" }, "geometry": { "type": "Point", "coordinates": [ 25.833177766342974, 61.529426337248971 ] } },
{ "type": "Feature", "properties": { "kp_id": "KP-01461", "tr_id": "TR-122" }, "geometry": { "type": "Point", "coordinates": [ 25.754036205909689, 61.528753627363074 ] } },
{ "type": "Feature", "properties": { "kp_id": "KP-01462", "tr_id": "TR-048" }, "geometry": { "type": "Point", "coordinates": [ 25.658426750375419, 61.527960382701131 ] } },
{ "type": "Feature", "properties": { "kp_id": "KP-01463", "tr_id": "TR-097" }, "geometry": { "type": "Point", "coordinates": [ 25.811905088350176, 61.529502933290786 ] } },
{ "type": "Feature", "properties": { "kp_id": "KP-01464", "tr_id": "TR-100" }, "geometry": { "type": "Point", "coordinates": [ 25.864810124863798, 61.530113279651204 ] } },
{ "type": "Feature", "properties": { "kp_id": "KP-01465", "tr_id": "TR-026" }, "geometry": { "type": "Point", "coordinates": [ 25.721255564808825, 61.528846914472176 ] } },
{ "type": "Feature", "properties": { "kp_id": "KP-01466", "tr_id": "TR-122" }, "geometry": { "type": "Point", "coordinates": [ 25.758532592936849, 61.529208670565424 ] } },
{ "type": "Feature", "properties": { "kp_id": "KP-01467", "tr_id": "TR-084" }, "geometry": { "type": "Point", "coordinates": [ 25.909625198770161, 61.530504835473089 ] } },
{ "type": "Feature", "properties": { "kp_id": "KP-01468", "tr_id": "TR-033" }, "geometry": { "type": "Point", "coordinates": [ 25.838646812762992, 61.529966483562269 ] } },
{ "type": "Feature", "properties": { "kp_id": "KP-01469", "tr_id": "TR-122" }, "geometry": { "type": "Point", "coordinates": [ 25.75593209317492, 61.529259732769852 ] } },
{ "type": "Feature", "properties": { "kp_id": "KP-01470", "tr_id": "TR-097" }, "geometry": { "type": "Point", "coordinates": [ 25.815094590000641, 61.529889933227814 ] } },
{ "type": "Feature", "properties": { "kp_id": "KP-01471", "tr_id": "TR-100" }, "geometry": { "type": "Point", "coordinates": [ 25.872766100086796, 61.530388917514735 ] } },
{ "type": "Feature", "properties": { "kp_id": "KP-01472", "tr_id": "TR-097" }, "geometry": { "type": "Point", "coordinates": [ 25.810050225437116, 61.529903654079483 ] } },
{ "type": "Feature", "properties": { "kp_id": "KP-01473", "tr_id": "TR-033" }, "geometry": { "type": "Point", "coordinates": [ 25.830647564384616, 61.530112498167249 ] } },
{ "type": "Feature", "properties": { "kp_id": "KP-01474", "tr_id": "TR-033" }, "geometry": { "type": "Point", "coordinates": [ 25.833963343367326, 61.530153736043758 ] } },
{ "type": "Feature", "properties": { "kp_id": "KP-01475", "tr_id": "TR-048" }, "geometry": { "type": "Point", "coordinates": [ 25.658376146850081, 61.528575303459547 ] } },
{ "type": "Feature", "properties": { "kp_id": "KP-01476", "tr_id": "TR-088" }, "geometry": { "type": "Point", "coordinates": [ 25.691679076683943, 61.528951603859895 ] } },
{ "type": "Feature", "properties": { "kp_id": "KP-01477", "tr_id": "TR-100" }, "geometry": { "type": "Point", "coordinates": [ 25.86019816094354, 61.530596089886039 ] } },
{ "type": "Feature", "properties": { "kp_id": "KP-01478", "tr_id": "TR-048" }, "geometry": { "type": "Point", "coordinates": [ 25.654541875538484, 61.528762616917007 ] } },
{ "type": "Feature", "properties": { "kp_id": "KP-01479", "tr_id": "TR-012" }, "geometry": { "type": "Point", "coordinates": [ 25.522303944515251, 61.527577022571762 ] } },
{ "type": "Feature", "properties": { "kp_id": "KP-01480", "tr_id": "TR-100" }, "geometry": { "type": "Point", "coordinates": [ 25.870915863936762, 61.530923228573272 ] } },
{ "type": "Feature", "properties": { "kp_id": "KP-01481", "tr_id": "TR-097" }, "geometry": { "type": "Point", "coordinates": [ 25.812846857497778, 61.5305296928342 ] } },
{ "type": "Feature", "properties": { "kp_id": "KP-01482", "tr_id": "TR-048" }, "geometry": { "type": "Point", "coordinates": [ 25.659444358885256, 61.529113093762518 ] } },
{ "type": "Feature", "properties": { "kp_id": "KP-01483", "tr_id": "TR-084" }, "geometry": { "type": "Point", "coordinates": [ 25.906410179475575, 61.531315815225334 ] } },
{ "type": "Feature", "properties": { "kp_id": "KP-01484", "tr_id": "TR-012" }, "geometry": { "type": "Point", "coordinates": [ 25.526914787034983, 61.52776227101451 ] } },
{ "type": "Feature", "properties": { "kp_id": "KP-01485", "tr_id": "TR-100" }, "geometry": { "type": "Point", "coordinates": [ 25.865724113525982, 61.53103425442881 ] } },
{ "type": "Feature", "properties": { "kp_id": "KP-01486", "tr_id": "TR-012" }, "geometry": { "type": "Point", "coordinates": [ 25.530808783957749, 61.527843799689229 ] } },
{ "type": "Feature", "properties": { "kp_id": "KP-01487", "tr_id": "TR-033" }, "geometry": { "type": "Point", "coordinates": [ 25.832126131429607, 61.530787753422572 ] } },
{ "type": "Feature", "properties": { "kp_id": "KP-01488", "tr_id": "TR-100" }, "geometry": { "type": "Point", "coordinates": [ 25.875065952593214, 61.531176658096797 ] } },
{ "type": "Feature", "properties": { "kp_id": "KP-01489", "tr_id": "TR-084" }, "geometry": { "type": "Point", "coordinates": [ 25.898404808341191, 61.5314164987659 ] } },
{ "type": "Feature", "properties": { "kp_id": "KP-01490", "tr_id": "TR-097" }, "geometry": { "type": "Point", "coordinates": [ 25.809870491260465, 61.530673437784664 ] } },
{ "type": "Feature", "properties": { "kp_id": "KP-01491", "tr_id": "TR-026" }, "geometry": { "type": "Point", "coordinates": [ 25.698915998167585, 61.529733205190702 ] } },
{ "type": "Feature", "properties": { "kp_id": "KP-01492", "tr_id": "TR-100" }, "geometry": { "type": "Point", "coordinates": [ 25.859603711722698, 61.531194265711846 ] } },
{ "type": "Feature", "properties": { "kp_id": "KP-01493", "tr_id": "TR-097" }, "geometry": { "type": "Point", "coordinates": [ 25.811936013898645, 61.530797259518373 ] } },
{ "type": "Feature", "properties": { "kp_id": "KP-01494", "tr_id": "TR-100" }, "geometry": { "type": "Point", "coordinates": [ 25.883531649711745, 61.531415946495336 ] } },
{ "type": "Feature", "properties": { "kp_id": "KP-01495", "tr_id": "TR-122" }, "geometry": { "type": "Point", "coordinates": [ 25.759534921637236, 61.530418130121063 ] } },
{ "type": "Feature", "properties": { "kp_id": "KP-01496", "tr_id": "TR-012" }, "geometry": { "type": "Point", "coordinates": [ 25.532024922541101, 61.528216587538658 ] } },
{ "type": "Feature", "properties": { "kp_id": "KP-01497", "tr_id": "TR-135" }, "geometry": { "type": "Point", "coordinates": [ 25.497761077763627, 61.527849407713788 ] } },
{ "type": "Feature", "properties": { "kp_id": "KP-01498", "tr_id": "TR-122" }, "geometry": { "type": "Point", "coordinates": [ 25.748727118072505, 61.530482887943414 ] } },
{ "type": "Feature", "properties": { "kp_id": "KP-01499", "tr_id": "TR-048" }, "geometry": { "type": "Point", "coordinates": [ 25.627018686079921, 61.529397435181529 ] } },
{ "type": "Feature", "properties": { "kp_id": "KP-01500", "tr_id": "TR-033" }, "geometry": { "type": "Point", "coordinates": [ 25.839753991529406, 61.531404032147243 ] } },
{ "type": "Feature", "properties": { "kp_id": "KP-01501", "tr_id": "TR-004" }, "geometry": { "type": "Point", "coordinates": [ 25.892131097509214, 61.531841052631925 ] } },
{ "type": "Feature", "properties": { "kp_id": "KP-01502", "tr_id": "TR-012" }, "geometry": { "type": "Point", "coordinates": [ 25.528977146864069, 61.528422582046467 ] } },
{ "type": "Feature", "properties": { "kp_id": "KP-01503", "tr_id": "TR-033" }, "geometry": { "type": "Point", "coordinates": [ 25.835475685059464, 61.531647912136954 ] } },
{ "type": "Feature", "properties": { "kp_id": "KP-01504", "tr_id": "TR-122" }, "geometry": { "type": "Point", "coordinates": [ 25.749199238882291, 61.530971039400455 ] } },
{ "type": "Feature", "properties": { "kp_id": "KP-01505", "tr_id": "TR-033" }, "geometry": { "type": "Point", "coordinates": [ 25.844370234110198, 61.531822223107646 ] } },
{ "type": "Feature", "properties": { "kp_id": "KP-01506", "tr_id": "TR-122" }, "geometry": { "type": "Point", "coordinates": [ 25.758520723147161, 61.531082617001815 ] } },
{ "type": "Feature", "properties": { "kp_id": "KP-01507", "tr_id": "TR-033" }, "geometry": { "type": "Point", "coordinates": [ 25.846392711189392, 61.5319856987132 ] } },
{ "type": "Feature", "properties": { "kp_id": "KP-01508", "tr_id": "TR-026" }, "geometry": { "type": "Point", "coordinates": [ 25.697027035095449, 61.53066678061424 ] } },
{ "type": "Feature", "properties": { "kp_id": "KP-01509", "tr_id": "TR-140" }, "geometry": { "type": "Point", "coordinates": [ 25.583913465424253, 61.529606463286356 ] } },
{ "type": "Feature", "properties": { "kp_id": "KP-01510", "tr_id": "TR-140" }, "geometry": { "type": "Point", "coordinates": [ 25.592136481466731, 61.529796991309908 ] } },
{ "type": "Feature", "properties": { "kp_id": "KP-01511", "tr_id": "TR-135" }, "geometry": { "type": "Point", "coordinates": [ 25.498719352767573, 61.528810104617037 ] } },
{ "type": "Feature", "properties": { "kp_id": "KP-01512", "tr_id": "TR-033" }, "geometry": { "type": "Point", "coordinates": [ 25.838147677621308, 61.532149403964041 ] } },
{ "type": "Feature", "properties": { "kp_id": "KP-01513", "tr_id": "TR-135" }, "geometry": { "type": "Point", "coordinates": [ 25.480680326980835, 61.528696670905006 ] } },
{ "type": "Feature", "properties": { "kp_id": "KP-01514", "tr_id": "TR-033" }, "geometry": { "type": "Point", "coordinates": [ 25.841674551365294, 61.532246124243869 ] } },
{ "type": "Feature", "properties": { "kp_id": "KP-01515", "tr_id": "TR-033" }, "geometry": { "type": "Point", "coordinates": [ 25.850699628113404, 61.532336949621289 ] } },
{ "type": "Feature", "properties": { "kp_id": "KP-01516", "tr_id": "TR-097" }, "geometry": { "type": "Point", "coordinates": [ 25.819454785122876, 61.532243002188515 ] } },
{ "type": "Feature", "properties": { "kp_id": "KP-01517", "tr_id": "TR-100" }, "geometry": { "type": "Point", "coordinates": [ 25.869257649224533, 61.533005244595458 ] } },
{ "type": "Feature", "properties": { "kp_id": "KP-01518", "tr_id": "TR-135" }, "geometry": { "type": "Point", "coordinates": [ 25.485319300265299, 61.529314845327733 ] } },
{ "type": "Feature", "properties": { "kp_id": "KP-01519", "tr_id": "TR-100" }, "geometry": { "type": "Point", "coordinates": [ 25.855178125108868, 61.532942014226627 ] } },
{ "type": "Feature", "properties": { "kp_id": "KP-01520", "tr_id": "TR-100" }, "geometry": { "type": "Point", "coordinates": [ 25.878139819371658, 61.533186525347872 ] } },
{ "type": "Feature", "properties": { "kp_id": "KP-01521", "tr_id": "TR-033" }, "geometry": { "type": "Point", "coordinates": [ 25.835866466247928, 61.532913486150107 ] } },
{ "type": "Feature", "properties": { "kp_id": "KP-01522", "tr_id": "TR-097" }, "geometry": { "type": "Point", "coordinates": [ 25.818287526837736, 61.532765436737513 ] } },
{ "type": "Feature", "properties": { "kp_id": "KP-01523", "tr_id": "TR-135" }, "geometry": { "type": "Point", "coordinates": [ 25.50934628625977, 61.529758807949563 ] } },
{ "type": "Feature", "properties": { "kp_id": "KP-01524", "tr_id": "TR-097" }, "geometry": { "type": "Point", "coordinates": [ 25.810649358759335, 61.532799784398868 ] } },
{ "type": "Feature", "properties": { "kp_id": "KP-01525", "tr_id": "TR-033" }, "geometry": { "type": "Point", "coordinates": [ 25.83649783572384, 61.533025327112448 ] } },
{ "type": "Feature", "properties": { "kp_id": "KP-01526", "tr_id": "TR-100" }, "geometry": { "type": "Point", "coordinates": [ 25.870599594223062, 61.533387808263839 ] } },
{ "type": "Feature", "properties": { "kp_id": "KP-01527", "tr_id": "TR-048" }, "geometry": { "type": "Point", "coordinates": [ 25.634694851257404, 61.531246318273269 ] } },
{ "type": "Feature", "properties": { "kp_id": "KP-01528", "tr_id": "TR-140" }, "geometry": { "type": "Point", "coordinates": [ 25.586470620741391, 61.530864978124683 ] } },
{ "type": "Feature", "properties": { "kp_id": "KP-01529", "tr_id": "TR-135" }, "geometry": { "type": "Point", "coordinates": [ 25.49663660946765, 61.529977854 ] } },
{ "type": "Feature", "properties": { "kp_id": "KP-01530", "tr_id": "TR-100" }, "geometry": { "type": "Point", "coordinates": [ 25.86460845551688, 61.533652329617119 ] } },
{ "type": "Feature", "properties": { "kp_id": "KP-01531", "tr_id": "TR-135" }, "geometry": { "type": "Point", "coordinates": [ 25.483152349745563, 61.52995483613757 ] } },
{ "type": "Feature", "properties": { "kp_id": "KP-01532", "tr_id": "TR-140" }, "geometry": { "type": "Point", "coordinates": [ 25.591568428337684, 61.531261481917305 ] } },
{ "type": "Feature", "properties": { "kp_id": "KP-01533", "tr_id": "TR-135" }, "geometry": { "type": "Point", "coordinates": [ 25.498249053570671, 61.530363426697299 ] } },
{ "type": "Feature", "properties": { "kp_id": "KP-01534", "tr_id": "TR-100" }, "geometry": { "type": "Point", "coordinates": [ 25.865163385245928, 61.534308977949586 ] } },
{ "type": "Feature", "properties": { "kp_id": "KP-01535", "tr_id": "TR-026" }, "geometry": { "type": "Point", "coordinates": [ 25.70125221704841, 61.532895672069102 ] } },
{ "type": "Feature", "properties": { "kp_id": "KP-01536", "tr_id": "TR-100" }, "geometry": { "type": "Point", "coordinates": [ 25.869185289946859, 61.534467024926826 ] } },
{ "type": "Feature", "properties": { "kp_id": "KP-01537", "tr_id": "TR-084" }, "geometry": { "type": "Point", "coordinates": [ 25.896133511496874, 61.534877825185283 ] } },
{ "type": "Feature", "properties": { "kp_id": "KP-01538", "tr_id": "TR-100" }, "geometry": { "type": "Point", "coordinates": [ 25.854070733446296, 61.534654171835591 ] } },
{ "type": "Feature", "properties": { "kp_id": "KP-01539", "tr_id": "TR-097" }, "geometry": { "type": "Point", "coordinates": [ 25.809225026547931, 61.534301582751191 ] } },
{ "type": "Feature", "properties": { "kp_id": "KP-01540", "tr_id": "TR-030" }, "geometry": { "type": "Point", "coordinates": [ 25.948230883217015, 61.535444426664526 ] } },
{ "type": "Feature", "properties": { "kp_id": "KP-01541", "tr_id": "TR-084" }, "geometry": { "type": "Point", "coordinates": [ 25.913225936019924, 61.535417768529385 ] } },
{ "type": "Feature", "properties": { "kp_id": "KP-01542", "tr_id": "TR-026" }, "geometry": { "type": "Point", "coordinates": [ 25.723326605504706, 61.533942274585861 ] } },
{ "type": "Feature", "properties": { "kp_id": "KP-01543", "tr_id": "TR-135" }, "geometry": { "type": "Point", "coordinates": [ 25.49513573046092, 61.531818779250784 ] } },
{ "type": "Feature", "properties": { "kp_id": "KP-01544", "tr_id": "TR-122" }, "geometry": { "type": "Point", "coordinates": [ 25.761385913130901, 61.534593084155794 ] } },
{ "type": "Feature", "properties": { "kp_id": "KP-01545", "tr_id": "TR-026" }, "geometry": { "type": "Point", "coordinates": [ 25.687223967567427, 61.534123081446864 ] } },
{ "type": "Feature", "properties": { "kp_id": "KP-01546", "tr_id": "TR-140" }, "geometry": { "type": "Point", "coordinates": [ 25.589925013941809, 61.533240479407105 ] } },
{ "type": "Feature", "properties": { "kp_id": "KP-01547", "tr_id": "TR-026" }, "geometry": { "type": "Point", "coordinates": [ 25.706757077374487, 61.534420235435419 ] } },
{ "type": "Feature", "properties": { "kp_id": "KP-01548", "tr_id": "TR-030" }, "geometry": { "type": "Point", "coordinates": [ 25.925563798092295, 61.536370687586015 ] } },
{ "type": "Feature", "properties": { "kp_id": "KP-01549", "tr_id": "TR-026" }, "geometry": { "type": "Point", "coordinates": [ 25.727203662115215, 61.534764111719802 ] } },
{ "type": "Feature", "properties": { "kp_id": "KP-01550", "tr_id": "TR-026" }, "geometry": { "type": "Point", "coordinates": [ 25.700514769825194, 61.534835934157968 ] } },
{ "type": "Feature", "properties": { "kp_id": "KP-01551", "tr_id": "TR-140" }, "geometry": { "type": "Point", "coordinates": [ 25.591144344772996, 61.533814140062297 ] } },
{ "type": "Feature", "properties": { "kp_id": "KP-01552", "tr_id": "TR-026" }, "geometry": { "type": "Point", "coordinates": [ 25.704158911103178, 61.535039886257636 ] } },
{ "type": "Feature", "properties": { "kp_id": "KP-01553", "tr_id": "TR-100" }, "geometry": { "type": "Point", "coordinates": [ 25.875388830469866, 61.536642906100631 ] } },
{ "type": "Feature", "properties": { "kp_id": "KP-01554", "tr_id": "TR-122" }, "geometry": { "type": "Point", "coordinates": [ 25.759138206334516, 61.53582074895688 ] } },
{ "type": "Feature", "properties": { "kp_id": "KP-01555", "tr_id": "TR-026" }, "geometry": { "type": "Point", "coordinates": [ 25.717536528946411, 61.535532253202042 ] } },
{ "type": "Feature", "properties": { "kp_id": "KP-01556", "tr_id": "TR-033" }, "geometry": { "type": "Point", "coordinates": [ 25.838501447859816, 61.536803758834665 ] } },
{ "type": "Feature", "properties": { "kp_id": "KP-01557", "tr_id": "TR-033" }, "geometry": { "type": "Point", "coordinates": [ 25.83846363571298, 61.536833967490345 ] } },
{ "type": "Feature", "properties": { "kp_id": "KP-01558", "tr_id": "TR-026" }, "geometry": { "type": "Point", "coordinates": [ 25.73368209293719, 61.536068950865946 ] } },
{ "type": "Feature", "properties": { "kp_id": "KP-01559", "tr_id": "TR-122" }, "geometry": { "type": "Point", "coordinates": [ 25.772152935522275, 61.536636398494657 ] } },
{ "type": "Feature", "properties": { "kp_id": "KP-01560", "tr_id": "TR-057" }, "geometry": { "type": "Point", "coordinates": [ 25.495375558738104, 61.533906953255155 ] } },
{ "type": "Feature", "properties": { "kp_id": "KP-01561", "tr_id": "TR-030" }, "geometry": { "type": "Point", "coordinates": [ 25.940735168608022, 61.538131183559571 ] } },
{ "type": "Feature", "properties": { "kp_id": "KP-01562", "tr_id": "TR-122" }, "geometry": { "type": "Point", "coordinates": [ 25.784556133488909, 61.536991551054975 ] } },
{ "type": "Feature", "properties": { "kp_id": "KP-01563", "tr_id": "TR-030" }, "geometry": { "type": "Point", "coordinates": [ 25.920931830080995, 61.538193479844082 ] } },
{ "type": "Feature", "properties": { "kp_id": "KP-01564", "tr_id": "TR-122" }, "geometry": { "type": "Point", "coordinates": [ 25.761298759669746, 61.536872490152483 ] } },
{ "type": "Feature", "properties": { "kp_id": "KP-01565", "tr_id": "TR-100" }, "geometry": { "type": "Point", "coordinates": [ 25.858059318215176, 61.537734110010526 ] } },
{ "type": "Feature", "properties": { "kp_id": "KP-01566", "tr_id": "TR-122" }, "geometry": { "type": "Point", "coordinates": [ 25.783059299875081, 61.537190329593599 ] } },
{ "type": "Feature", "properties": { "kp_id": "KP-01567", "tr_id": "TR-030" }, "geometry": { "type": "Point", "coordinates": [ 25.953328615137419, 61.538645039842621 ] } },
{ "type": "Feature", "properties": { "kp_id": "KP-01568", "tr_id": "TR-129" }, "geometry": { "type": "Point", "coordinates": [ 25.67626377082626, 61.536281617969422 ] } },
{ "type": "Feature", "properties": { "kp_id": "KP-01569", "tr_id": "TR-129" }, "geometry": { "type": "Point", "coordinates": [ 25.6856764093164, 61.536409439470241 ] } },
{ "type": "Feature", "properties": { "kp_id": "KP-01570", "tr_id": "TR-026" }, "geometry": { "type": "Point", "coordinates": [ 25.704053226784545, 61.536591746371947 ] } },
{ "type": "Feature", "properties": { "kp_id": "KP-01571", "tr_id": "TR-097" }, "geometry": { "type": "Point", "coordinates": [ 25.80719661515479, 61.537574105972219 ] } },
{ "type": "Feature", "properties": { "kp_id": "KP-01572", "tr_id": "TR-012" }, "geometry": { "type": "Point", "coordinates": [ 25.531707619997118, 61.534922243993059 ] } },
{ "type": "Feature", "properties": { "kp_id": "KP-01573", "tr_id": "TR-026" }, "geometry": { "type": "Point", "coordinates": [ 25.708102629702339, 61.536754190408132 ] } },
{ "type": "Feature", "properties": { "kp_id": "KP-01574", "tr_id": "TR-122" }, "geometry": { "type": "Point", "coordinates": [ 25.769712179110211, 61.537585444143907 ] } },
{ "type": "Feature", "properties": { "kp_id": "KP-01575", "tr_id": "TR-080" }, "geometry": { "type": "Point", "coordinates": [ 25.589845164378001, 61.535958027154102 ] } },
{ "type": "Feature", "properties": { "kp_id": "KP-01576", "tr_id": "TR-026" }, "geometry": { "type": "Point", "coordinates": [ 25.699301377709684, 61.537171943048115 ] } },
{ "type": "Feature", "properties": { "kp_id": "KP-01577", "tr_id": "TR-026" }, "geometry": { "type": "Point", "coordinates": [ 25.702521132448137, 61.53720943335837 ] } },
{ "type": "Feature", "properties": { "kp_id": "KP-01578", "tr_id": "TR-122" }, "geometry": { "type": "Point", "coordinates": [ 25.775035018918327, 61.537967869503632 ] } },
{ "type": "Feature", "properties": { "kp_id": "KP-01579", "tr_id": "TR-122" }, "geometry": { "type": "Point", "coordinates": [ 25.757732236262409, 61.537823811801452 ] } },
{ "type": "Feature", "properties": { "kp_id": "KP-01580", "tr_id": "TR-097" }, "geometry": { "type": "Point", "coordinates": [ 25.811150497689361, 61.538380531638936 ] } },
{ "type": "Feature", "properties": { "kp_id": "KP-01581", "tr_id": "TR-057" }, "geometry": { "type": "Point", "coordinates": [ 25.497159221815618, 61.535390493106497 ] } },
{ "type": "Feature", "properties": { "kp_id": "KP-01582", "tr_id": "TR-100" }, "geometry": { "type": "Point", "coordinates": [ 25.861516211850354, 61.53902624062404 ] } },
{ "type": "Feature", "properties": { "kp_id": "KP-01583", "tr_id": "TR-129" }, "geometry": { "type": "Point", "coordinates": [ 25.675757081947999, 61.537365607207136 ] } },
{ "type": "Feature", "properties": { "kp_id": "KP-01584", "tr_id": "TR-026" }, "geometry": { "type": "Point", "coordinates": [ 25.729874947979951, 61.538019805425975 ] } },
{ "type": "Feature", "properties": { "kp_id": "KP-01585", "tr_id": "TR-030" }, "geometry": { "type": "Point", "coordinates": [ 25.927053082572641, 61.539797478153012 ] } },
{ "type": "Feature", "properties": { "kp_id": "KP-01586", "tr_id": "TR-030" }, "geometry": { "type": "Point", "coordinates": [ 25.930658045920516, 61.539839118569247 ] } },
{ "type": "Feature", "properties": { "kp_id": "KP-01587", "tr_id": "TR-057" }, "geometry": { "type": "Point", "coordinates": [ 25.501885812564215, 61.535856726259858 ] } },
{ "type": "Feature", "properties": { "kp_id": "KP-01588", "tr_id": "TR-122" }, "geometry": { "type": "Point", "coordinates": [ 25.75755900125387, 61.538438722349866 ] } },
{ "type": "Feature", "properties": { "kp_id": "KP-01589", "tr_id": "TR-122" }, "geometry": { "type": "Point", "coordinates": [ 25.767085106146869, 61.538758599863762 ] } },
{ "type": "Feature", "properties": { "kp_id": "KP-01590", "tr_id": "TR-030" }, "geometry": { "type": "Point", "coordinates": [ 25.917650047437242, 61.540156081112343 ] } },
{ "type": "Feature", "properties": { "kp_id": "KP-01591", "tr_id": "TR-033" }, "geometry": { "type": "Point", "coordinates": [ 25.847313603559176, 61.539670254785861 ] } },
{ "type": "Feature", "properties": { "kp_id": "KP-01592", "tr_id": "TR-057" }, "geometry": { "type": "Point", "coordinates": [ 25.499442609579646, 61.536556919104044 ] } },
{ "type": "Feature", "properties": { "kp_id": "KP-01593", "tr_id": "TR-122" }, "geometry": { "type": "Point", "coordinates": [ 25.766049210695332, 61.539317730593609 ] } },
{ "type": "Feature", "properties": { "kp_id": "KP-01594", "tr_id": "TR-129" }, "geometry": { "type": "Point", "coordinates": [ 25.693429952576111, 61.538669017668497 ] } },
{ "type": "Feature", "properties": { "kp_id": "KP-01595", "tr_id": "TR-122" }, "geometry": { "type": "Point", "coordinates": [ 25.761091010725995, 61.539303369062182 ] } },
{ "type": "Feature", "properties": { "kp_id": "KP-01596", "tr_id": "TR-057" }, "geometry": { "type": "Point", "coordinates": [ 25.502565249313829, 61.536748233904916 ] } },
{ "type": "Feature", "properties": { "kp_id": "KP-01597", "tr_id": "TR-122" }, "geometry": { "type": "Point", "coordinates": [ 25.756860065067162, 61.53930302909675 ] } },
{ "type": "Feature", "properties": { "kp_id": "KP-01598", "tr_id": "TR-030" }, "geometry": { "type": "Point", "coordinates": [ 25.928400204131904, 61.540850247046144 ] } },
{ "type": "Feature", "properties": { "kp_id": "KP-01599", "tr_id": "TR-080" }, "geometry": { "type": "Point", "coordinates": [ 25.588038027473271, 61.537870277603574 ] } },
{ "type": "Feature", "properties": { "kp_id": "KP-01600", "tr_id": "TR-080" }, "geometry": { "type": "Point", "coordinates": [ 25.562498111355644, 61.537752909867947 ] } },
{ "type": "Feature", "properties": { "kp_id": "KP-01601", "tr_id": "TR-122" }, "geometry": { "type": "Point", "coordinates": [ 25.764080829463293, 61.539845789257313 ] } },
{ "type": "Feature", "properties": { "kp_id": "KP-01602", "tr_id": "TR-122" }, "geometry": { "type": "Point", "coordinates": [ 25.766552657336543, 61.539992174069873 ] } },
{ "type": "Feature", "properties": { "kp_id": "KP-01603", "tr_id": "TR-122" }, "geometry": { "type": "Point", "coordinates": [ 25.762731997876298, 61.540044256887739 ] } },
{ "type": "Feature", "properties": { "kp_id": "KP-01604", "tr_id": "TR-103" }, "geometry": { "type": "Point", "coordinates": [ 25.791167005726223, 61.540306413564295 ] } },
{ "type": "Feature", "properties": { "kp_id": "KP-01605", "tr_id": "TR-030" }, "geometry": { "type": "Point", "coordinates": [ 25.934101724292081, 61.541789228108172 ] } },
{ "type": "Feature", "properties": { "kp_id": "KP-01606", "tr_id": "TR-057" }, "geometry": { "type": "Point", "coordinates": [ 25.499602479540844, 61.537735882552717 ] } },
{ "type": "Feature", "properties": { "kp_id": "KP-01607", "tr_id": "TR-105" }, "geometry": { "type": "Point", "coordinates": [ 25.856584300456152, 61.541267531841576 ] } },
{ "type": "Feature", "properties": { "kp_id": "KP-01608", "tr_id": "TR-122" }, "geometry": { "type": "Point", "coordinates": [ 25.759439518638267, 61.540586373191559 ] } },
{ "type": "Feature", "properties": { "kp_id": "KP-01609", "tr_id": "TR-030" }, "geometry": { "type": "Point", "coordinates": [ 25.919932127934192, 61.542015684001036 ] } },
{ "type": "Feature", "properties": { "kp_id": "KP-01610", "tr_id": "TR-085" }, "geometry": { "type": "Point", "coordinates": [ 25.887483269900354, 61.541794178844071 ] } },
{ "type": "Feature", "properties": { "kp_id": "KP-01611", "tr_id": "TR-026" }, "geometry": { "type": "Point", "coordinates": [ 25.715346862517848, 61.540509944486693 ] } },
{ "type": "Feature", "properties": { "kp_id": "KP-01612", "tr_id": "TR-057" }, "geometry": { "type": "Point", "coordinates": [ 25.498176306826359, 61.538456587873682 ] } },
{ "type": "Feature", "properties": { "kp_id": "KP-01613", "tr_id": "TR-085" }, "geometry": { "type": "Point", "coordinates": [ 25.887874557431005, 61.542348812594788 ] } },
{ "type": "Feature", "properties": { "kp_id": "KP-01614", "tr_id": "TR-030" }, "geometry": { "type": "Point", "coordinates": [ 25.935846089998819, 61.54288783270534 ] } },
{ "type": "Feature", "properties": { "kp_id": "KP-01615", "tr_id": "TR-085" }, "geometry": { "type": "Point", "coordinates": [ 25.903889797496586, 61.542757998478173 ] } },
{ "type": "Feature", "properties": { "kp_id": "KP-01616", "tr_id": "TR-028" }, "geometry": { "type": "Point", "coordinates": [ 25.751148816631336, 61.541516628305118 ] } },
{ "type": "Feature", "properties": { "kp_id": "KP-01617", "tr_id": "TR-103" }, "geometry": { "type": "Point", "coordinates": [ 25.795762381843996, 61.542112622021378 ] } },
{ "type": "Feature", "properties": { "kp_id": "KP-01618", "tr_id": "TR-080" }, "geometry": { "type": "Point", "coordinates": [ 25.585873192542618, 61.540274487396005 ] } },
{ "type": "Feature", "properties": { "kp_id": "KP-01619", "tr_id": "TR-103" }, "geometry": { "type": "Point", "coordinates": [ 25.787774149150611, 61.542226712967427 ] } },
{ "type": "Feature", "properties": { "kp_id": "KP-01620", "tr_id": "TR-129" }, "geometry": { "type": "Point", "coordinates": [ 25.688246475807588, 61.541340834756788 ] } },
{ "type": "Feature", "properties": { "kp_id": "KP-01621", "tr_id": "TR-122" }, "geometry": { "type": "Point", "coordinates": [ 25.761986449925448, 61.542033903511658 ] } },
{ "type": "Feature", "properties": { "kp_id": "KP-01622", "tr_id": "TR-028" }, "geometry": { "type": "Point", "coordinates": [ 25.75008744143209, 61.541960122368017 ] } },
{ "type": "Feature", "properties": { "kp_id": "KP-01623", "tr_id": "TR-057" }, "geometry": { "type": "Point", "coordinates": [ 25.519792395652214, 61.539682470557395 ] } },
{ "type": "Feature", "properties": { "kp_id": "KP-01624", "tr_id": "TR-057" }, "geometry": { "type": "Point", "coordinates": [ 25.516929995801139, 61.539735064171495 ] } },
{ "type": "Feature", "properties": { "kp_id": "KP-01625", "tr_id": "TR-116" }, "geometry": { "type": "Point", "coordinates": [ 25.663529463827359, 61.541305055475689 ] } },
{ "type": "Feature", "properties": { "kp_id": "KP-01626", "tr_id": "TR-057" }, "geometry": { "type": "Point", "coordinates": [ 25.515673695770399, 61.539963851569276 ] } },
{ "type": "Feature", "properties": { "kp_id": "KP-01627", "tr_id": "TR-116" }, "geometry": { "type": "Point", "coordinates": [ 25.661515940065897, 61.541489903359356 ] } },
{ "type": "Feature", "properties": { "kp_id": "KP-01628", "tr_id": "TR-057" }, "geometry": { "type": "Point", "coordinates": [ 25.509983580490196, 61.539921922276704 ] } },
{ "type": "Feature", "properties": { "kp_id": "KP-01629", "tr_id": "TR-057" }, "geometry": { "type": "Point", "coordinates": [ 25.50334654737982, 61.539915467271101 ] } },
{ "type": "Feature", "properties": { "kp_id": "KP-01630", "tr_id": "TR-057" }, "geometry": { "type": "Point", "coordinates": [ 25.496936302830136, 61.539869824600345 ] } },
{ "type": "Feature", "properties": { "kp_id": "KP-01631", "tr_id": "TR-085" }, "geometry": { "type": "Point", "coordinates": [ 25.890092107782504, 61.543642389940892 ] } },
{ "type": "Feature", "properties": { "kp_id": "KP-01632", "tr_id": "TR-028" }, "geometry": { "type": "Point", "coordinates": [ 25.758328688453712, 61.542558111667468 ] } },
{ "type": "Feature", "properties": { "kp_id": "KP-01633", "tr_id": "TR-129" }, "geometry": { "type": "Point", "coordinates": [ 25.692693512462458, 61.542065540758621 ] } },
{ "type": "Feature", "properties": { "kp_id": "KP-01634", "tr_id": "TR-085" }, "geometry": { "type": "Point", "coordinates": [ 25.885519288401781, 61.543859906593546 ] } },
{ "type": "Feature", "properties": { "kp_id": "KP-01635", "tr_id": "TR-057" }, "geometry": { "type": "Point", "coordinates": [ 25.513675475739451, 61.540421792661427 ] } },
{ "type": "Feature", "properties": { "kp_id": "KP-01636", "tr_id": "TR-028" }, "geometry": { "type": "Point", "coordinates": [ 25.770307942019294, 61.543056678449197 ] } },
{ "type": "Feature", "properties": { "kp_id": "KP-01637", "tr_id": "TR-030" }, "geometry": { "type": "Point", "coordinates": [ 25.937049179340356, 61.544507815599431 ] } },
{ "type": "Feature", "properties": { "kp_id": "KP-01638", "tr_id": "TR-057" }, "geometry": { "type": "Point", "coordinates": [ 25.505037679211394, 61.540501849931104 ] } },
{ "type": "Feature", "properties": { "kp_id": "KP-01639", "tr_id": "TR-057" }, "geometry": { "type": "Point", "coordinates": [ 25.507341526916441, 61.54066478972203 ] } },
{ "type": "Feature", "properties": { "kp_id": "KP-01640", "tr_id": "TR-057" }, "geometry": { "type": "Point", "coordinates": [ 25.512694306608974, 61.54087438978641 ] } },
{ "type": "Feature", "properties": { "kp_id": "KP-01641", "tr_id": "TR-028" }, "geometry": { "type": "Point", "coordinates": [ 25.75393717820296, 61.543575546440692 ] } },
{ "type": "Feature", "properties": { "kp_id": "KP-01642", "tr_id": "TR-057" }, "geometry": { "type": "Point", "coordinates": [ 25.504435736224298, 61.541110714438496 ] } },
{ "type": "Feature", "properties": { "kp_id": "KP-01643", "tr_id": "TR-129" }, "geometry": { "type": "Point", "coordinates": [ 25.683402411634439, 61.543026679742127 ] } },
{ "type": "Feature", "properties": { "kp_id": "KP-01644", "tr_id": "TR-103" }, "geometry": { "type": "Point", "coordinates": [ 25.813293871212238, 61.544398340076576 ] } },
{ "type": "Feature", "properties": { "kp_id": "KP-01645", "tr_id": "TR-028" }, "geometry": { "type": "Point", "coordinates": [ 25.756787631678339, 61.544117706124773 ] } },
{ "type": "Feature", "properties": { "kp_id": "KP-01646", "tr_id": "TR-028" }, "geometry": { "type": "Point", "coordinates": [ 25.768665042945521, 61.544257706498179 ] } },
{ "type": "Feature", "properties": { "kp_id": "KP-01647", "tr_id": "TR-103" }, "geometry": { "type": "Point", "coordinates": [ 25.79647921897477, 61.544685395231276 ] } },
{ "type": "Feature", "properties": { "kp_id": "KP-01648", "tr_id": "TR-129" }, "geometry": { "type": "Point", "coordinates": [ 25.68925690111217, 61.543966007188281 ] } },
{ "type": "Feature", "properties": { "kp_id": "KP-01649", "tr_id": "TR-116" }, "geometry": { "type": "Point", "coordinates": [ 25.656675385612537, 61.543712486887536 ] } },
{ "type": "Feature", "properties": { "kp_id": "KP-01650", "tr_id": "TR-057" }, "geometry": { "type": "Point", "coordinates": [ 25.49715404318734, 61.542085456823322 ] } },
{ "type": "Feature", "properties": { "kp_id": "KP-01651", "tr_id": "TR-028" }, "geometry": { "type": "Point", "coordinates": [ 25.761142304053958, 61.544752748399567 ] } },
{ "type": "Feature", "properties": { "kp_id": "KP-01652", "tr_id": "TR-085" }, "geometry": { "type": "Point", "coordinates": [ 25.900230047430867, 61.546091786304544 ] } },
{ "type": "Feature", "properties": { "kp_id": "KP-01653", "tr_id": "TR-103" }, "geometry": { "type": "Point", "coordinates": [ 25.8062257203412, 61.545381246670189 ] } },
{ "type": "Feature", "properties": { "kp_id": "KP-01654", "tr_id": "TR-103" }, "geometry": { "type": "Point", "coordinates": [ 25.797092995054264, 61.545449804295302 ] } },
{ "type": "Feature", "properties": { "kp_id": "KP-01655", "tr_id": "TR-116" }, "geometry": { "type": "Point", "coordinates": [ 25.651900294589865, 61.544111228274794 ] } },
{ "type": "Feature", "properties": { "kp_id": "KP-01656", "tr_id": "TR-030" }, "geometry": { "type": "Point", "coordinates": [ 25.922748524297521, 61.546639016348365 ] } },
{ "type": "Feature", "properties": { "kp_id": "KP-01657", "tr_id": "TR-085" }, "geometry": { "type": "Point", "coordinates": [ 25.894023171132037, 61.546505802613325 ] } },
{ "type": "Feature", "properties": { "kp_id": "KP-01658", "tr_id": "TR-105" }, "geometry": { "type": "Point", "coordinates": [ 25.847296406135872, 61.546212287026393 ] } },
{ "type": "Feature", "properties": { "kp_id": "KP-01659", "tr_id": "TR-030" }, "geometry": { "type": "Point", "coordinates": [ 25.938154391488393, 61.546955007457377 ] } },
{ "type": "Feature", "properties": { "kp_id": "KP-01660", "tr_id": "TR-028" }, "geometry": { "type": "Point", "coordinates": [ 25.73855530793044, 61.545298815038151 ] } },
{ "type": "Feature", "properties": { "kp_id": "KP-01661", "tr_id": "TR-105" }, "geometry": { "type": "Point", "coordinates": [ 25.851835520260448, 61.54630856453624 ] } },
{ "type": "Feature", "properties": { "kp_id": "KP-01662", "tr_id": "TR-028" }, "geometry": { "type": "Point", "coordinates": [ 25.764453133250868, 61.54555951652474 ] } },
{ "type": "Feature", "properties": { "kp_id": "KP-01663", "tr_id": "TR-057" }, "geometry": { "type": "Point", "coordinates": [ 25.503028745685885, 61.543005112886 ] } },
{ "type": "Feature", "properties": { "kp_id": "KP-01664", "tr_id": "TR-085" }, "geometry": { "type": "Point", "coordinates": [ 25.894920710547996, 61.546906814820659 ] } },
{ "type": "Feature", "properties": { "kp_id": "KP-01665", "tr_id": "TR-028" }, "geometry": { "type": "Point", "coordinates": [ 25.73261374044187, 61.545496928213197 ] } },
{ "type": "Feature", "properties": { "kp_id": "KP-01666", "tr_id": "TR-129" }, "geometry": { "type": "Point", "coordinates": [ 25.708963651344302, 61.545380986523234 ] } },
{ "type": "Feature", "properties": { "kp_id": "KP-01667", "tr_id": "TR-105" }, "geometry": { "type": "Point", "coordinates": [ 25.84145047712115, 61.54659214418831 ] } },
{ "type": "Feature", "properties": { "kp_id": "KP-01668", "tr_id": "TR-057" }, "geometry": { "type": "Point", "coordinates": [ 25.495927795193101, 61.5432755787673 ] } },
{ "type": "Feature", "properties": { "kp_id": "KP-01669", "tr_id": "TR-116" }, "geometry": { "type": "Point", "coordinates": [ 25.645987069818759, 61.544864736039379 ] } },
{ "type": "Feature", "properties": { "kp_id": "KP-01670", "tr_id": "TR-057" }, "geometry": { "type": "Point", "coordinates": [ 25.489736026820335, 61.543245738705693 ] } },
{ "type": "Feature", "properties": { "kp_id": "KP-01671", "tr_id": "TR-116" }, "geometry": { "type": "Point", "coordinates": [ 25.660116490705107, 61.545275158866119 ] } },
{ "type": "Feature", "properties": { "kp_id": "KP-01672", "tr_id": "TR-103" }, "geometry": { "type": "Point", "coordinates": [ 25.811238793922811, 61.546863641390225 ] } },
{ "type": "Feature", "properties": { "kp_id": "KP-01673", "tr_id": "TR-028" }, "geometry": { "type": "Point", "coordinates": [ 25.7698874556927, 61.546538326273783 ] } },
{ "type": "Feature", "properties": { "kp_id": "KP-01674", "tr_id": "TR-103" }, "geometry": { "type": "Point", "coordinates": [ 25.799903497388073, 61.546927378332015 ] } },
{ "type": "Feature", "properties": { "kp_id": "KP-01675", "tr_id": "TR-028" }, "geometry": { "type": "Point", "coordinates": [ 25.741943073538561, 61.54640581706601 ] } },
{ "type": "Feature", "properties": { "kp_id": "KP-01676", "tr_id": "TR-129" }, "geometry": { "type": "Point", "coordinates": [ 25.685977056328593, 61.545885790467025 ] } },
{ "type": "Feature", "properties": { "kp_id": "KP-01677", "tr_id": "TR-116" }, "geometry": { "type": "Point", "coordinates": [ 25.657129538602653, 61.545653820903304 ] } },
{ "type": "Feature", "properties": { "kp_id": "KP-01678", "tr_id": "TR-028" }, "geometry": { "type": "Point", "coordinates": [ 25.763374747715552, 61.546669486483879 ] } },
{ "type": "Feature", "properties": { "kp_id": "KP-01679", "tr_id": "TR-030" }, "geometry": { "type": "Point", "coordinates": [ 25.911708587446427, 61.547933342568228 ] } },
{ "type": "Feature", "properties": { "kp_id": "KP-01680", "tr_id": "TR-105" }, "geometry": { "type": "Point", "coordinates": [ 25.853562526505282, 61.547621126168195 ] } },
{ "type": "Feature", "properties": { "kp_id": "KP-01681", "tr_id": "TR-066" }, "geometry": { "type": "Point", "coordinates": [ 25.627430061343901, 61.545715626669427 ] } },
{ "type": "Feature", "properties": { "kp_id": "KP-01682", "tr_id": "TR-028" }, "geometry": { "type": "Point", "coordinates": [ 25.768469738879023, 61.547109801846098 ] } },
{ "type": "Feature", "properties": { "kp_id": "KP-01683", "tr_id": "TR-028" }, "geometry": { "type": "Point", "coordinates": [ 25.770242949675051, 61.547330101915392 ] } },
{ "type": "Feature", "properties": { "kp_id": "KP-01684", "tr_id": "TR-028" }, "geometry": { "type": "Point", "coordinates": [ 25.773940948469221, 61.547404106824338 ] } },
{ "type": "Feature", "properties": { "kp_id": "KP-01685", "tr_id": "TR-009" }, "geometry": { "type": "Point", "coordinates": [ 25.541305954486823, 61.545277246077227 ] } },
{ "type": "Feature", "properties": { "kp_id": "KP-01686", "tr_id": "TR-028" }, "geometry": { "type": "Point", "coordinates": [ 25.76089836617453, 61.547466598409954 ] } },
{ "type": "Feature", "properties": { "kp_id": "KP-01687", "tr_id": "TR-066" }, "geometry": { "type": "Point", "coordinates": [ 25.624473727970507, 61.546214025867684 ] } },
{ "type": "Feature", "properties": { "kp_id": "KP-01688", "tr_id": "TR-030" }, "geometry": { "type": "Point", "coordinates": [ 25.937847285902553, 61.549036735821232 ] } },
{ "type": "Feature", "properties": { "kp_id": "KP-01689", "tr_id": "TR-116" }, "geometry": { "type": "Point", "coordinates": [ 25.652636338129756, 61.54655012226911 ] } },
{ "type": "Feature", "properties": { "kp_id": "KP-01690", "tr_id": "TR-028" }, "geometry": { "type": "Point", "coordinates": [ 25.776242810891805, 61.547986965129915 ] } },
{ "type": "Feature", "properties": { "kp_id": "KP-01691", "tr_id": "TR-028" }, "geometry": { "type": "Point", "coordinates": [ 25.743661235915553, 61.547701305031588 ] } },
{ "type": "Feature", "properties": { "kp_id": "KP-01692", "tr_id": "TR-085" }, "geometry": { "type": "Point", "coordinates": [ 25.884831529261337, 61.548948765175481 ] } },
{ "type": "Feature", "properties": { "kp_id": "KP-01693", "tr_id": "TR-030" }, "geometry": { "type": "Point", "coordinates": [ 25.924971798200534, 61.549723696400058 ] } },
{ "type": "Feature", "properties": { "kp_id": "KP-01694", "tr_id": "TR-105" }, "geometry": { "type": "Point", "coordinates": [ 25.850024407766213, 61.549205386078484 ] } },
{ "type": "Feature", "properties": { "kp_id": "KP-01695", "tr_id": "TR-103" }, "geometry": { "type": "Point", "coordinates": [ 25.798811496008227, 61.548829400439701 ] } },
{ "type": "Feature", "properties": { "kp_id": "KP-01696", "tr_id": "TR-080" }, "geometry": { "type": "Point", "coordinates": [ 25.583886064865567, 61.546775902437922 ] } },
{ "type": "Feature", "properties": { "kp_id": "KP-01697", "tr_id": "TR-085" }, "geometry": { "type": "Point", "coordinates": [ 25.884449861854876, 61.549596928497429 ] } },
{ "type": "Feature", "properties": { "kp_id": "KP-01698", "tr_id": "TR-103" }, "geometry": { "type": "Point", "coordinates": [ 25.804148633910192, 61.548958495968535 ] } },
{ "type": "Feature", "properties": { "kp_id": "KP-01699", "tr_id": "TR-028" }, "geometry": { "type": "Point", "coordinates": [ 25.756182820924817, 61.548587849356082 ] } },
{ "type": "Feature", "properties": { "kp_id": "KP-01700", "tr_id": "TR-080" }, "geometry": { "type": "Point", "coordinates": [ 25.591786286328293, 61.54706648152851 ] } },
{ "type": "Feature", "properties": { "kp_id": "KP-01701", "tr_id": "TR-116" }, "geometry": { "type": "Point", "coordinates": [ 25.648616319686909, 61.547661815087388 ] } },
{ "type": "Feature", "properties": { "kp_id": "KP-01702", "tr_id": "TR-066" }, "geometry": { "type": "Point", "coordinates": [ 25.633551696277156, 61.547548411506639 ] } },
{ "type": "Feature", "properties": { "kp_id": "KP-01703", "tr_id": "TR-105" }, "geometry": { "type": "Point", "coordinates": [ 25.84714192593621, 61.549550008554654 ] } },
{ "type": "Feature", "properties": { "kp_id": "KP-01704", "tr_id": "TR-080" }, "geometry": { "type": "Point", "coordinates": [ 25.585579350074191, 61.547138687672572 ] } },
{ "type": "Feature", "properties": { "kp_id": "KP-01705", "tr_id": "TR-009" }, "geometry": { "type": "Point", "coordinates": [ 25.549189654597779, 61.546770333028796 ] } },
{ "type": "Feature", "properties": { "kp_id": "KP-01706", "tr_id": "TR-103" }, "geometry": { "type": "Point", "coordinates": [ 25.783474306355874, 61.549144358860111 ] } },
{ "type": "Feature", "properties": { "kp_id": "KP-01707", "tr_id": "TR-129" }, "geometry": { "type": "Point", "coordinates": [ 25.676278205069654, 61.548201022027477 ] } },
{ "type": "Feature", "properties": { "kp_id": "KP-01708", "tr_id": "TR-129" }, "geometry": { "type": "Point", "coordinates": [ 25.683240949284421, 61.54829250652223 ] } },
{ "type": "Feature", "properties": { "kp_id": "KP-01709", "tr_id": "TR-030" }, "geometry": { "type": "Point", "coordinates": [ 25.937173060529513, 61.550879284527753 ] } },
{ "type": "Feature", "properties": { "kp_id": "KP-01710", "tr_id": "TR-080" }, "geometry": { "type": "Point", "coordinates": [ 25.594273142258213, 61.547808375632997 ] } },
{ "type": "Feature", "properties": { "kp_id": "KP-01711", "tr_id": "TR-103" }, "geometry": { "type": "Point", "coordinates": [ 25.809525275513764, 61.549919219925165 ] } },
{ "type": "Feature", "properties": { "kp_id": "KP-01712", "tr_id": "TR-129" }, "geometry": { "type": "Point", "coordinates": [ 25.68516592746127, 61.548812412912547 ] } },
{ "type": "Feature", "properties": { "kp_id": "KP-01713", "tr_id": "TR-028" }, "geometry": { "type": "Point", "coordinates": [ 25.761808679089249, 61.549671075757374 ] } },
{ "type": "Feature", "properties": { "kp_id": "KP-01714", "tr_id": "TR-105" }, "geometry": { "type": "Point", "coordinates": [ 25.852392332683525, 61.550714604272706 ] } },
{ "type": "Feature", "properties": { "kp_id": "KP-01715", "tr_id": "TR-085" }, "geometry": { "type": "Point", "coordinates": [ 25.890766649143071, 61.551038691442365 ] } },
{ "type": "Feature", "properties": { "kp_id": "KP-01716", "tr_id": "TR-080" }, "geometry": { "type": "Point", "coordinates": [ 25.585222975727156, 61.548373213562357 ] } },
{ "type": "Feature", "properties": { "kp_id": "KP-01717", "tr_id": "TR-116" }, "geometry": { "type": "Point", "coordinates": [ 25.65474835112493, 61.549257530773588 ] } },
{ "type": "Feature", "properties": { "kp_id": "KP-01718", "tr_id": "TR-030" }, "geometry": { "type": "Point", "coordinates": [ 25.929646536859753, 61.551700827867904 ] } },
{ "type": "Feature", "properties": { "kp_id": "KP-01719", "tr_id": "TR-066" }, "geometry": { "type": "Point", "coordinates": [ 25.640643054241995, 61.549226156939646 ] } },
{ "type": "Feature", "properties": { "kp_id": "KP-01720", "tr_id": "TR-129" }, "geometry": { "type": "Point", "coordinates": [ 25.674724490978381, 61.549658333449642 ] } },
{ "type": "Feature", "properties": { "kp_id": "KP-01721", "tr_id": "TR-103" }, "geometry": { "type": "Point", "coordinates": [ 25.80995513595154, 61.550965388455062 ] } },
{ "type": "Feature", "properties": { "kp_id": "KP-01722", "tr_id": "TR-116" }, "geometry": { "type": "Point", "coordinates": [ 25.666740024753437, 61.549793677469609 ] } },
{ "type": "Feature", "properties": { "kp_id": "KP-01723", "tr_id": "TR-028" }, "geometry": { "type": "Point", "coordinates": [ 25.747601829643475, 61.551059571825711 ] } },
{ "type": "Feature", "properties": { "kp_id": "KP-01724", "tr_id": "TR-129" }, "geometry": { "type": "Point", "coordinates": [ 25.687405541673563, 61.550539454437192 ] } },
{ "type": "Feature", "properties": { "kp_id": "KP-01725", "tr_id": "TR-129" }, "geometry": { "type": "Point", "coordinates": [ 25.674760864577689, 61.550453092879856 ] } },
{ "type": "Feature", "properties": { "kp_id": "KP-01726", "tr_id": "TR-103" }, "geometry": { "type": "Point", "coordinates": [ 25.807746394122603, 61.551703958828313 ] } },
{ "type": "Feature", "properties": { "kp_id": "KP-01727", "tr_id": "TR-028" }, "geometry": { "type": "Point", "coordinates": [ 25.75934908636658, 61.551307243117115 ] } },
{ "type": "Feature", "properties": { "kp_id": "KP-01728", "tr_id": "TR-028" }, "geometry": { "type": "Point", "coordinates": [ 25.760994770941377, 61.551546019603862 ] } },
{ "type": "Feature", "properties": { "kp_id": "KP-01729", "tr_id": "TR-040" }, "geometry": { "type": "Point", "coordinates": [ 25.78097566255558, 61.551986162266864 ] } },
{ "type": "Feature", "properties": { "kp_id": "KP-01730", "tr_id": "TR-116" }, "geometry": { "type": "Point", "coordinates": [ 25.667388771021802, 61.55100747974987 ] } },
{ "type": "Feature", "properties": { "kp_id": "KP-01731", "tr_id": "TR-028" }, "geometry": { "type": "Point", "coordinates": [ 25.754109164532302, 61.551830454908014 ] } },
{ "type": "Feature", "properties": { "kp_id": "KP-01732", "tr_id": "TR-085" }, "geometry": { "type": "Point", "coordinates": [ 25.873875066705725, 61.552909537748164 ] } },
{ "type": "Feature", "properties": { "kp_id": "KP-01733", "tr_id": "TR-085" }, "geometry": { "type": "Point", "coordinates": [ 25.877625819149319, 61.553113368686049 ] } },
{ "type": "Feature", "properties": { "kp_id": "KP-01734", "tr_id": "TR-103" }, "geometry": { "type": "Point", "coordinates": [ 25.807502685409169, 61.552618696144208 ] } },
{ "type": "Feature", "properties": { "kp_id": "KP-01735", "tr_id": "TR-028" }, "geometry": { "type": "Point", "coordinates": [ 25.769347044011816, 61.55228951718874 ] } },
{ "type": "Feature", "properties": { "kp_id": "KP-01736", "tr_id": "TR-085" }, "geometry": { "type": "Point", "coordinates": [ 25.890805015439668, 61.553414778683425 ] } },
{ "type": "Feature", "properties": { "kp_id": "KP-01737", "tr_id": "TR-129" }, "geometry": { "type": "Point", "coordinates": [ 25.703757897151469, 61.551898555957663 ] } },
{ "type": "Feature", "properties": { "kp_id": "KP-01738", "tr_id": "TR-129" }, "geometry": { "type": "Point", "coordinates": [ 25.70454615207489, 61.552182045889069 ] } },
{ "type": "Feature", "properties": { "kp_id": "KP-01739", "tr_id": "TR-116" }, "geometry": { "type": "Point", "coordinates": [ 25.653238603055424, 61.551705882025651 ] } },
{ "type": "Feature", "properties": { "kp_id": "KP-01740", "tr_id": "TR-028" }, "geometry": { "type": "Point", "coordinates": [ 25.748205734638148, 61.552657179647866 ] } },
{ "type": "Feature", "properties": { "kp_id": "KP-01741", "tr_id": "TR-009" }, "geometry": { "type": "Point", "coordinates": [ 25.512974434792543, 61.550301119083983 ] } },
{ "type": "Feature", "properties": { "kp_id": "KP-01742", "tr_id": "TR-080" }, "geometry": { "type": "Point", "coordinates": [ 25.597464805695008, 61.551216627728039 ] } },
{ "type": "Feature", "properties": { "kp_id": "KP-01743", "tr_id": "TR-013" }, "geometry": { "type": "Point", "coordinates": [ 25.673942442345922, 61.551981666584645 ] } },
{ "type": "Feature", "properties": { "kp_id": "KP-01744", "tr_id": "TR-116" }, "geometry": { "type": "Point", "coordinates": [ 25.653472611062305, 61.551856612697243 ] } },
{ "type": "Feature", "properties": { "kp_id": "KP-01745", "tr_id": "TR-009" }, "geometry": { "type": "Point", "coordinates": [ 25.526717770662771, 61.550715455502605 ] } },
{ "type": "Feature", "properties": { "kp_id": "KP-01746", "tr_id": "TR-103" }, "geometry": { "type": "Point", "coordinates": [ 25.810544325016384, 61.553564229712364 ] } },
{ "type": "Feature", "properties": { "kp_id": "KP-01747", "tr_id": "TR-080" }, "geometry": { "type": "Point", "coordinates": [ 25.582332841519879, 61.551437686171809 ] } },
{ "type": "Feature", "properties": { "kp_id": "KP-01748", "tr_id": "TR-028" }, "geometry": { "type": "Point", "coordinates": [ 25.766019193964237, 61.553386934610415 ] } },
{ "type": "Feature", "properties": { "kp_id": "KP-01749", "tr_id": "TR-129" }, "geometry": { "type": "Point", "coordinates": [ 25.685946160960491, 61.552648904084805 ] } },
{ "type": "Feature", "properties": { "kp_id": "KP-01750", "tr_id": "TR-103" }, "geometry": { "type": "Point", "coordinates": [ 25.805151159182863, 61.553897701966015 ] } },
{ "type": "Feature", "properties": { "kp_id": "KP-01751", "tr_id": "TR-105" }, "geometry": { "type": "Point", "coordinates": [ 25.85485592237012, 61.554454413621144 ] } },
{ "type": "Feature", "properties": { "kp_id": "KP-01752", "tr_id": "TR-009" }, "geometry": { "type": "Point", "coordinates": [ 25.525153296685392, 61.551296678145057 ] } },
{ "type": "Feature", "properties": { "kp_id": "KP-01753", "tr_id": "TR-066" }, "geometry": { "type": "Point", "coordinates": [ 25.634274122262756, 61.552497825029818 ] } },
{ "type": "Feature", "properties": { "kp_id": "KP-01754", "tr_id": "TR-028" }, "geometry": { "type": "Point", "coordinates": [ 25.759237580296038, 61.553729584439495 ] } },
{ "type": "Feature", "properties": { "kp_id": "KP-01755", "tr_id": "TR-009" }, "geometry": { "type": "Point", "coordinates": [ 25.514019492876038, 61.551315162355216 ] } },
{ "type": "Feature", "properties": { "kp_id": "KP-01756", "tr_id": "TR-129" }, "geometry": { "type": "Point", "coordinates": [ 25.700226449474691, 61.553331270494731 ] } },
{ "type": "Feature", "properties": { "kp_id": "KP-01757", "tr_id": "TR-129" }, "geometry": { "type": "Point", "coordinates": [ 25.685240938951296, 61.55323205700607 ] } },
{ "type": "Feature", "properties": { "kp_id": "KP-01758", "tr_id": "TR-028" }, "geometry": { "type": "Point", "coordinates": [ 25.742946967597522, 61.553783218810658 ] } },
{ "type": "Feature", "properties": { "kp_id": "KP-01759", "tr_id": "TR-085" }, "geometry": { "type": "Point", "coordinates": [ 25.889502555359272, 61.555062839812365 ] } },
{ "type": "Feature", "properties": { "kp_id": "KP-01760", "tr_id": "TR-105" }, "geometry": { "type": "Point", "coordinates": [ 25.848488288001562, 61.554765714939798 ] } },
{ "type": "Feature", "properties": { "kp_id": "KP-01761", "tr_id": "TR-009" }, "geometry": { "type": "Point", "coordinates": [ 25.512514553635306, 61.55175312918643 ] } },
{ "type": "Feature", "properties": { "kp_id": "KP-01762", "tr_id": "TR-028" }, "geometry": { "type": "Point", "coordinates": [ 25.76118456020291, 61.554607501798806 ] } },
{ "type": "Feature", "properties": { "kp_id": "KP-01763", "tr_id": "TR-105" }, "geometry": { "type": "Point", "coordinates": [ 25.837259617110448, 61.555303646739567 ] } },
{ "type": "Feature", "properties": { "kp_id": "KP-01764", "tr_id": "TR-013" }, "geometry": { "type": "Point", "coordinates": [ 25.674671963219254, 61.55385117542582 ] } },
{ "type": "Feature", "properties": { "kp_id": "KP-01765", "tr_id": "TR-013" }, "geometry": { "type": "Point", "coordinates": [ 25.668433764706194, 61.553865276278209 ] } },
{ "type": "Feature", "properties": { "kp_id": "KP-01766", "tr_id": "TR-105" }, "geometry": { "type": "Point", "coordinates": [ 25.851469355461454, 61.555574214828994 ] } },
{ "type": "Feature", "properties": { "kp_id": "KP-01767", "tr_id": "TR-028" }, "geometry": { "type": "Point", "coordinates": [ 25.751587131276342, 61.55499494205273 ] } },
{ "type": "Feature", "properties": { "kp_id": "KP-01768", "tr_id": "TR-129" }, "geometry": { "type": "Point", "coordinates": [ 25.700915321178897, 61.554623595213442 ] } },
{ "type": "Feature", "properties": { "kp_id": "KP-01769", "tr_id": "TR-009" }, "geometry": { "type": "Point", "coordinates": [ 25.518522413682849, 61.552784392622087 ] } },
{ "type": "Feature", "properties": { "kp_id": "KP-01770", "tr_id": "TR-105" }, "geometry": { "type": "Point", "coordinates": [ 25.847111860685001, 61.556063860220334 ] } },
{ "type": "Feature", "properties": { "kp_id": "KP-01771", "tr_id": "TR-028" }, "geometry": { "type": "Point", "coordinates": [ 25.764184819673257, 61.555410442958959 ] } },
{ "type": "Feature", "properties": { "kp_id": "KP-01772", "tr_id": "TR-009" }, "geometry": { "type": "Point", "coordinates": [ 25.549304151161063, 61.5535956421866 ] } },
{ "type": "Feature", "properties": { "kp_id": "KP-01773", "tr_id": "TR-013" }, "geometry": { "type": "Point", "coordinates": [ 25.67272047809087, 61.554872783737288 ] } },
{ "type": "Feature", "properties": { "kp_id": "KP-01774", "tr_id": "TR-009" }, "geometry": { "type": "Point", "coordinates": [ 25.50009251674382, 61.553142345683213 ] } },
{ "type": "Feature", "properties": { "kp_id": "KP-01775", "tr_id": "TR-039" }, "geometry": { "type": "Point", "coordinates": [ 25.846998538451071, 61.557181470701046 ] } },
{ "type": "Feature", "properties": { "kp_id": "KP-01776", "tr_id": "TR-040" }, "geometry": { "type": "Point", "coordinates": [ 25.808591636442241, 61.556977080156699 ] } },
{ "type": "Feature", "properties": { "kp_id": "KP-01777", "tr_id": "TR-028" }, "geometry": { "type": "Point", "coordinates": [ 25.758970081120751, 61.556665313420631 ] } },
{ "type": "Feature", "properties": { "kp_id": "KP-01778", "tr_id": "TR-061" }, "geometry": { "type": "Point", "coordinates": [ 25.578193421067919, 61.555110644223262 ] } },
{ "type": "Feature", "properties": { "kp_id": "KP-01779", "tr_id": "TR-132" }, "geometry": { "type": "Point", "coordinates": [ 25.64899296063356, 61.556091336570752 ] } },
{ "type": "Feature", "properties": { "kp_id": "KP-01780", "tr_id": "TR-132" }, "geometry": { "type": "Point", "coordinates": [ 25.644587454833697, 61.556191516687534 ] } },
{ "type": "Feature", "properties": { "kp_id": "KP-01781", "tr_id": "TR-085" }, "geometry": { "type": "Point", "coordinates": [ 25.890326574094818, 61.558429323906033 ] } },
{ "type": "Feature", "properties": { "kp_id": "KP-01782", "tr_id": "TR-066" }, "geometry": { "type": "Point", "coordinates": [ 25.607549037105763, 61.555998774951092 ] } },
{ "type": "Feature", "properties": { "kp_id": "KP-01783", "tr_id": "TR-013" }, "geometry": { "type": "Point", "coordinates": [ 25.685192559888314, 61.556867066599736 ] } },
{ "type": "Feature", "properties": { "kp_id": "KP-01784", "tr_id": "TR-066" }, "geometry": { "type": "Point", "coordinates": [ 25.631188292680605, 61.556386777945519 ] } },
{ "type": "Feature", "properties": { "kp_id": "KP-01785", "tr_id": "TR-039" }, "geometry": { "type": "Point", "coordinates": [ 25.848885474288362, 61.558700828393441 ] } },
{ "type": "Feature", "properties": { "kp_id": "KP-01786", "tr_id": "TR-040" }, "geometry": { "type": "Point", "coordinates": [ 25.808453497585951, 61.558461309618139 ] } },
{ "type": "Feature", "properties": { "kp_id": "KP-01787", "tr_id": "TR-013" }, "geometry": { "type": "Point", "coordinates": [ 25.683149736065459, 61.557459641942856 ] } },
{ "type": "Feature", "properties": { "kp_id": "KP-01788", "tr_id": "TR-066" }, "geometry": { "type": "Point", "coordinates": [ 25.639991244703928, 61.557139919793578 ] } },
{ "type": "Feature", "properties": { "kp_id": "KP-01789", "tr_id": "TR-039" }, "geometry": { "type": "Point", "coordinates": [ 25.83937358075735, 61.559142301752424 ] } },
{ "type": "Feature", "properties": { "kp_id": "KP-01790", "tr_id": "TR-061" }, "geometry": { "type": "Point", "coordinates": [ 25.598741692296834, 61.556925945168388 ] } },
{ "type": "Feature", "properties": { "kp_id": "KP-01791", "tr_id": "TR-013" }, "geometry": { "type": "Point", "coordinates": [ 25.684920880747647, 61.558047326492726 ] } },
{ "type": "Feature", "properties": { "kp_id": "KP-01792", "tr_id": "TR-061" }, "geometry": { "type": "Point", "coordinates": [ 25.576632419660626, 61.55714471623638 ] } },
{ "type": "Feature", "properties": { "kp_id": "KP-01793", "tr_id": "TR-039" }, "geometry": { "type": "Point", "coordinates": [ 25.851742852432938, 61.55974740733577 ] } },
{ "type": "Feature", "properties": { "kp_id": "KP-01794", "tr_id": "TR-009" }, "geometry": { "type": "Point", "coordinates": [ 25.520951779318466, 61.556652295348719 ] } },
{ "type": "Feature", "properties": { "kp_id": "KP-01795", "tr_id": "TR-040" }, "geometry": { "type": "Point", "coordinates": [ 25.806557455480412, 61.559647326431886 ] } },
{ "type": "Feature", "properties": { "kp_id": "KP-01796", "tr_id": "TR-077" }, "geometry": { "type": "Point", "coordinates": [ 25.735341452546496, 61.559146950901763 ] } },
{ "type": "Feature", "properties": { "kp_id": "KP-01797", "tr_id": "TR-066" }, "geometry": { "type": "Point", "coordinates": [ 25.623604402509741, 61.558167326619348 ] } },
{ "type": "Feature", "properties": { "kp_id": "KP-01798", "tr_id": "TR-077" }, "geometry": { "type": "Point", "coordinates": [ 25.715076527952188, 61.559235117566246 ] } },
{ "type": "Feature", "properties": { "kp_id": "KP-01799", "tr_id": "TR-013" }, "geometry": { "type": "Point", "coordinates": [ 25.65909876693253, 61.558835293789159 ] } },
{ "type": "Feature", "properties": { "kp_id": "KP-01800", "tr_id": "TR-013" }, "geometry": { "type": "Point", "coordinates": [ 25.664900339799715, 61.558894161552388 ] } },
{ "type": "Feature", "properties": { "kp_id": "KP-01801", "tr_id": "TR-039" }, "geometry": { "type": "Point", "coordinates": [ 25.840884942311334, 61.56064562208892 ] } },
{ "type": "Feature", "properties": { "kp_id": "KP-01802", "tr_id": "TR-077" }, "geometry": { "type": "Point", "coordinates": [ 25.711823335281416, 61.559544603585529 ] } },
{ "type": "Feature", "properties": { "kp_id": "KP-01803", "tr_id": "TR-085" }, "geometry": { "type": "Point", "coordinates": [ 25.884657057073539, 61.561262593956442 ] } },
{ "type": "Feature", "properties": { "kp_id": "KP-01804", "tr_id": "TR-061" }, "geometry": { "type": "Point", "coordinates": [ 25.573281835095525, 61.558571651557244 ] } },
{ "type": "Feature", "properties": { "kp_id": "KP-01805", "tr_id": "TR-132" }, "geometry": { "type": "Point", "coordinates": [ 25.646017270307173, 61.559541851439633 ] } },
{ "type": "Feature", "properties": { "kp_id": "KP-01806", "tr_id": "TR-013" }, "geometry": { "type": "Point", "coordinates": [ 25.665190885254919, 61.559742038101618 ] } },
{ "type": "Feature", "properties": { "kp_id": "KP-01807", "tr_id": "TR-061" }, "geometry": { "type": "Point", "coordinates": [ 25.59440165206675, 61.559101449677378 ] } },
{ "type": "Feature", "properties": { "kp_id": "KP-01808", "tr_id": "TR-132" }, "geometry": { "type": "Point", "coordinates": [ 25.642152168544371, 61.559681001705933 ] } },
{ "type": "Feature", "properties": { "kp_id": "KP-01809", "tr_id": "TR-039" }, "geometry": { "type": "Point", "coordinates": [ 25.847893546979936, 61.561747445574106 ] } },
{ "type": "Feature", "properties": { "kp_id": "KP-01810", "tr_id": "TR-077" }, "geometry": { "type": "Point", "coordinates": [ 25.711937888058728, 61.560743666318899 ] } },
{ "type": "Feature", "properties": { "kp_id": "KP-01811", "tr_id": "TR-040" }, "geometry": { "type": "Point", "coordinates": [ 25.780198842407536, 61.561461307710665 ] } },
{ "type": "Feature", "properties": { "kp_id": "KP-01812", "tr_id": "TR-039" }, "geometry": { "type": "Point", "coordinates": [ 25.857976915965203, 61.562139496395361 ] } },
{ "type": "Feature", "properties": { "kp_id": "KP-01813", "tr_id": "TR-040" }, "geometry": { "type": "Point", "coordinates": [ 25.776952708221589, 61.561442501190221 ] } },
{ "type": "Feature", "properties": { "kp_id": "KP-01814", "tr_id": "TR-143" }, "geometry": { "type": "Point", "coordinates": [ 25.70421093774582, 61.560826061498069 ] } },
{ "type": "Feature", "properties": { "kp_id": "KP-01815", "tr_id": "TR-013" }, "geometry": { "type": "Point", "coordinates": [ 25.666894428258942, 61.560591663673542 ] } },
{ "type": "Feature", "properties": { "kp_id": "KP-01816", "tr_id": "TR-013" }, "geometry": { "type": "Point", "coordinates": [ 25.681922730317556, 61.560761989693731 ] } },
{ "type": "Feature", "properties": { "kp_id": "KP-01817", "tr_id": "TR-132" }, "geometry": { "type": "Point", "coordinates": [ 25.641706279482779, 61.56044601010165 ] } },
{ "type": "Feature", "properties": { "kp_id": "KP-01818", "tr_id": "TR-120" }, "geometry": { "type": "Point", "coordinates": [ 25.749435474382874, 61.561768521318577 ] } },
{ "type": "Feature", "properties": { "kp_id": "KP-01819", "tr_id": "TR-120" }, "geometry": { "type": "Point", "coordinates": [ 25.756255191657353, 61.561885392927579 ] } },
{ "type": "Feature", "properties": { "kp_id": "KP-01820", "tr_id": "TR-077" }, "geometry": { "type": "Point", "coordinates": [ 25.732264948386501, 61.5617126105141 ] } },
{ "type": "Feature", "properties": { "kp_id": "KP-01821", "tr_id": "TR-066" }, "geometry": { "type": "Point", "coordinates": [ 25.623700222892115, 61.560793224615217 ] } },
{ "type": "Feature", "properties": { "kp_id": "KP-01822", "tr_id": "TR-143" }, "geometry": { "type": "Point", "coordinates": [ 25.699073646924756, 61.56160360616645 ] } },
{ "type": "Feature", "properties": { "kp_id": "KP-01823", "tr_id": "TR-143" }, "geometry": { "type": "Point", "coordinates": [ 25.699025906845616, 61.561635524976737 ] } },
{ "type": "Feature", "properties": { "kp_id": "KP-01824", "tr_id": "TR-040" }, "geometry": { "type": "Point", "coordinates": [ 25.802600229788627, 61.562642753578736 ] } },
{ "type": "Feature", "properties": { "kp_id": "KP-01825", "tr_id": "TR-132" }, "geometry": { "type": "Point", "coordinates": [ 25.652430174170679, 61.56127345825854 ] } },
{ "type": "Feature", "properties": { "kp_id": "KP-01826", "tr_id": "TR-077" }, "geometry": { "type": "Point", "coordinates": [ 25.730951041453615, 61.562138259394686 ] } },
{ "type": "Feature", "properties": { "kp_id": "KP-01827", "tr_id": "TR-039" }, "geometry": { "type": "Point", "coordinates": [ 25.860980672297313, 61.563284385818925 ] } },
{ "type": "Feature", "properties": { "kp_id": "KP-01828", "tr_id": "TR-040" }, "geometry": { "type": "Point", "coordinates": [ 25.781258048320048, 61.56260267485149 ] } },
{ "type": "Feature", "properties": { "kp_id": "KP-01829", "tr_id": "TR-077" }, "geometry": { "type": "Point", "coordinates": [ 25.725282494113511, 61.562166454990859 ] } },
{ "type": "Feature", "properties": { "kp_id": "KP-01830", "tr_id": "TR-040" }, "geometry": { "type": "Point", "coordinates": [ 25.799334876310763, 61.56292444383228 ] } },
{ "type": "Feature", "properties": { "kp_id": "KP-01831", "tr_id": "TR-120" }, "geometry": { "type": "Point", "coordinates": [ 25.755967499487248, 61.562765237157912 ] } },
{ "type": "Feature", "properties": { "kp_id": "KP-01832", "tr_id": "TR-061" }, "geometry": { "type": "Point", "coordinates": [ 25.574423104874288, 61.561015647427226 ] } },
{ "type": "Feature", "properties": { "kp_id": "KP-01833", "tr_id": "TR-120" }, "geometry": { "type": "Point", "coordinates": [ 25.754467329088097, 61.562920488249745 ] } },
{ "type": "Feature", "properties": { "kp_id": "KP-01834", "tr_id": "TR-120" }, "geometry": { "type": "Point", "coordinates": [ 25.745658903187756, 61.562908787639252 ] } },
{ "type": "Feature", "properties": { "kp_id": "KP-01835", "tr_id": "TR-039" }, "geometry": { "type": "Point", "coordinates": [ 25.865646966981444, 61.56406903242312 ] } },
{ "type": "Feature", "properties": { "kp_id": "KP-01836", "tr_id": "TR-039" }, "geometry": { "type": "Point", "coordinates": [ 25.859097066372506, 61.564082060409618 ] } },
{ "type": "Feature", "properties": { "kp_id": "KP-01837", "tr_id": "TR-077" }, "geometry": { "type": "Point", "coordinates": [ 25.730740755790087, 61.562954594229964 ] } },
{ "type": "Feature", "properties": { "kp_id": "KP-01838", "tr_id": "TR-132" }, "geometry": { "type": "Point", "coordinates": [ 25.646838262274262, 61.562208450292744 ] } },
{ "type": "Feature", "properties": { "kp_id": "KP-01839", "tr_id": "TR-143" }, "geometry": { "type": "Point", "coordinates": [ 25.701659913304496, 61.562742449245512 ] } },
{ "type": "Feature", "properties": { "kp_id": "KP-01840", "tr_id": "TR-013" }, "geometry": { "type": "Point", "coordinates": [ 25.675829244756592, 61.562608741300032 ] } },
{ "type": "Feature", "properties": { "kp_id": "KP-01841", "tr_id": "TR-039" }, "geometry": { "type": "Point", "coordinates": [ 25.860889039043734, 61.564440812198221 ] } },
{ "type": "Feature", "properties": { "kp_id": "KP-01842", "tr_id": "TR-077" }, "geometry": { "type": "Point", "coordinates": [ 25.732716047116551, 61.563536916640849 ] } },
{ "type": "Feature", "properties": { "kp_id": "KP-01843", "tr_id": "TR-039" }, "geometry": { "type": "Point", "coordinates": [ 25.85968509062381, 61.564782281999406 ] } },
{ "type": "Feature", "properties": { "kp_id": "KP-01844", "tr_id": "TR-120" }, "geometry": { "type": "Point", "coordinates": [ 25.7586415215257, 61.564212312868847 ] } },
{ "type": "Feature", "properties": { "kp_id": "KP-01845", "tr_id": "TR-132" }, "geometry": { "type": "Point", "coordinates": [ 25.646056176999693, 61.563158796177817 ] } },
{ "type": "Feature", "properties": { "kp_id": "KP-01846", "tr_id": "TR-013" }, "geometry": { "type": "Point", "coordinates": [ 25.674393933844723, 61.563498401206033 ] } },
{ "type": "Feature", "properties": { "kp_id": "KP-01847", "tr_id": "TR-132" }, "geometry": { "type": "Point", "coordinates": [ 25.630385282626474, 61.563226973587035 ] } },
{ "type": "Feature", "properties": { "kp_id": "KP-01848", "tr_id": "TR-128" }, "geometry": { "type": "Point", "coordinates": [ 25.88207113893634, 61.565671478762454 ] } },
{ "type": "Feature", "properties": { "kp_id": "KP-01849", "tr_id": "TR-013" }, "geometry": { "type": "Point", "coordinates": [ 25.67465635502727, 61.563965229528037 ] } },
{ "type": "Feature", "properties": { "kp_id": "KP-01850", "tr_id": "TR-040" }, "geometry": { "type": "Point", "coordinates": [ 25.799769107133525, 61.565430481096499 ] } },
{ "type": "Feature", "properties": { "kp_id": "KP-01851", "tr_id": "TR-120" }, "geometry": { "type": "Point", "coordinates": [ 25.769551627494291, 61.565488600193042 ] } },
{ "type": "Feature", "properties": { "kp_id": "KP-01852", "tr_id": "TR-061" }, "geometry": { "type": "Point", "coordinates": [ 25.584194238263553, 61.563790699566042 ] } },
{ "type": "Feature", "properties": { "kp_id": "KP-01853", "tr_id": "TR-039" }, "geometry": { "type": "Point", "coordinates": [ 25.855757619261524, 61.566462189993608 ] } },
{ "type": "Feature", "properties": { "kp_id": "KP-01854", "tr_id": "TR-120" }, "geometry": { "type": "Point", "coordinates": [ 25.748999584540528, 61.566108930919377 ] } },
{ "type": "Feature", "properties": { "kp_id": "KP-01855", "tr_id": "TR-061" }, "geometry": { "type": "Point", "coordinates": [ 25.585559000649759, 61.564562097638742 ] } },
{ "type": "Feature", "properties": { "kp_id": "KP-01856", "tr_id": "TR-128" }, "geometry": { "type": "Point", "coordinates": [ 25.872526960718126, 61.567289831759929 ] } },
{ "type": "Feature", "properties": { "kp_id": "KP-01857", "tr_id": "TR-132" }, "geometry": { "type": "Point", "coordinates": [ 25.638963484628341, 61.565454414580344 ] } },
{ "type": "Feature", "properties": { "kp_id": "KP-01858", "tr_id": "TR-143" }, "geometry": { "type": "Point", "coordinates": [ 25.710261689360511, 61.566205061143208 ] } },
{ "type": "Feature", "properties": { "kp_id": "KP-01859", "tr_id": "TR-143" }, "geometry": { "type": "Point", "coordinates": [ 25.699525024741114, 61.566128154721142 ] } },
{ "type": "Feature", "properties": { "kp_id": "KP-01860", "tr_id": "TR-061" }, "geometry": { "type": "Point", "coordinates": [ 25.569955869194185, 61.564901818522657 ] } },
{ "type": "Feature", "properties": { "kp_id": "KP-01861", "tr_id": "TR-120" }, "geometry": { "type": "Point", "coordinates": [ 25.741411556093432, 61.566741616994968 ] } },
{ "type": "Feature", "properties": { "kp_id": "KP-01862", "tr_id": "TR-120" }, "geometry": { "type": "Point", "coordinates": [ 25.757185966211537, 61.567130939646219 ] } },
{ "type": "Feature", "properties": { "kp_id": "KP-01863", "tr_id": "TR-061" }, "geometry": { "type": "Point", "coordinates": [ 25.593321297299067, 61.565558756076555 ] } },
{ "type": "Feature", "properties": { "kp_id": "KP-01864", "tr_id": "TR-132" }, "geometry": { "type": "Point", "coordinates": [ 25.646285655609937, 61.566125680157022 ] } },
{ "type": "Feature", "properties": { "kp_id": "KP-01865", "tr_id": "TR-120" }, "geometry": { "type": "Point", "coordinates": [ 25.754687305463733, 61.567167183929705 ] } },
{ "type": "Feature", "properties": { "kp_id": "KP-01866", "tr_id": "TR-061" }, "geometry": { "type": "Point", "coordinates": [ 25.5754010989336, 61.565726269610359 ] } },
{ "type": "Feature", "properties": { "kp_id": "KP-01867", "tr_id": "TR-120" }, "geometry": { "type": "Point", "coordinates": [ 25.74679927394391, 61.567498880706069 ] } },
{ "type": "Feature", "properties": { "kp_id": "KP-01868", "tr_id": "TR-132" }, "geometry": { "type": "Point", "coordinates": [ 25.659881409828802, 61.566744960254141 ] } },
{ "type": "Feature", "properties": { "kp_id": "KP-01869", "tr_id": "TR-061" }, "geometry": { "type": "Point", "coordinates": [ 25.570581986353897, 61.565875237376765 ] } },
{ "type": "Feature", "properties": { "kp_id": "KP-01870", "tr_id": "TR-132" }, "geometry": { "type": "Point", "coordinates": [ 25.645800621292548, 61.566757944707369 ] } },
{ "type": "Feature", "properties": { "kp_id": "KP-01871", "tr_id": "TR-061" }, "geometry": { "type": "Point", "coordinates": [ 25.60000985482327, 61.56631517574381 ] } },
{ "type": "Feature", "properties": { "kp_id": "KP-01872", "tr_id": "TR-120" }, "geometry": { "type": "Point", "coordinates": [ 25.744039920397665, 61.567768719168605 ] } },
{ "type": "Feature", "properties": { "kp_id": "KP-01873", "tr_id": "TR-120" }, "geometry": { "type": "Point", "coordinates": [ 25.752882463438141, 61.568204351631827 ] } },
{ "type": "Feature", "properties": { "kp_id": "KP-01874", "tr_id": "TR-061" }, "geometry": { "type": "Point", "coordinates": [ 25.596892187457136, 61.566733270128182 ] } },
{ "type": "Feature", "properties": { "kp_id": "KP-01875", "tr_id": "TR-120" }, "geometry": { "type": "Point", "coordinates": [ 25.750356277473049, 61.568355871706515 ] } },
{ "type": "Feature", "properties": { "kp_id": "KP-01876", "tr_id": "TR-061" }, "geometry": { "type": "Point", "coordinates": [ 25.605121276943205, 61.567401261746419 ] } },
{ "type": "Feature", "properties": { "kp_id": "KP-01877", "tr_id": "TR-120" }, "geometry": { "type": "Point", "coordinates": [ 25.748674622394155, 61.5688087406552 ] } },
{ "type": "Feature", "properties": { "kp_id": "KP-01878", "tr_id": "TR-061" }, "geometry": { "type": "Point", "coordinates": [ 25.594013703347223, 61.567541847167909 ] } },
{ "type": "Feature", "properties": { "kp_id": "KP-01879", "tr_id": "TR-143" }, "geometry": { "type": "Point", "coordinates": [ 25.698725081592883, 61.56870321428692 ] } },
{ "type": "Feature", "properties": { "kp_id": "KP-01880", "tr_id": "TR-013" }, "geometry": { "type": "Point", "coordinates": [ 25.66933031066651, 61.568576094646836 ] } },
{ "type": "Feature", "properties": { "kp_id": "KP-01881", "tr_id": "TR-128" }, "geometry": { "type": "Point", "coordinates": [ 25.864677684167734, 61.570345479435176 ] } },
{ "type": "Feature", "properties": { "kp_id": "KP-01882", "tr_id": "TR-013" }, "geometry": { "type": "Point", "coordinates": [ 25.677668672482714, 61.568944056450988 ] } },
{ "type": "Feature", "properties": { "kp_id": "KP-01883", "tr_id": "TR-128" }, "geometry": { "type": "Point", "coordinates": [ 25.869651136996605, 61.571107389628509 ] } },
{ "type": "Feature", "properties": { "kp_id": "KP-01884", "tr_id": "TR-091" }, "geometry": { "type": "Point", "coordinates": [ 25.900809724663951, 61.571539927310795 ] } },
{ "type": "Feature", "properties": { "kp_id": "KP-01885", "tr_id": "TR-120" }, "geometry": { "type": "Point", "coordinates": [ 25.738577952335106, 61.570550726083091 ] } },
{ "type": "Feature", "properties": { "kp_id": "KP-01886", "tr_id": "TR-021" }, "geometry": { "type": "Point", "coordinates": [ 25.608037811094714, 61.569673545409778 ] } },
{ "type": "Feature", "properties": { "kp_id": "KP-01887", "tr_id": "TR-132" }, "geometry": { "type": "Point", "coordinates": [ 25.652306020723987, 61.570139602538276 ] } },
{ "type": "Feature", "properties": { "kp_id": "KP-01888", "tr_id": "TR-132" }, "geometry": { "type": "Point", "coordinates": [ 25.64053614494485, 61.570469993823323 ] } },
{ "type": "Feature", "properties": { "kp_id": "KP-01889", "tr_id": "TR-128" }, "geometry": { "type": "Point", "coordinates": [ 25.860036899473283, 61.572486750795946 ] } },
{ "type": "Feature", "properties": { "kp_id": "KP-01890", "tr_id": "TR-015" }, "geometry": { "type": "Point", "coordinates": [ 25.802446695433794, 61.57200902148454 ] } },
{ "type": "Feature", "properties": { "kp_id": "KP-01891", "tr_id": "TR-061" }, "geometry": { "type": "Point", "coordinates": [ 25.590717696589277, 61.570033155579111 ] } },
{ "type": "Feature", "properties": { "kp_id": "KP-01892", "tr_id": "TR-061" }, "geometry": { "type": "Point", "coordinates": [ 25.580889141472252, 61.569996097969501 ] } },
{ "type": "Feature", "properties": { "kp_id": "KP-01893", "tr_id": "TR-021" }, "geometry": { "type": "Point", "coordinates": [ 25.614967762163893, 61.570386242835283 ] } },
{ "type": "Feature", "properties": { "kp_id": "KP-01894", "tr_id": "TR-021" }, "geometry": { "type": "Point", "coordinates": [ 25.611129636066529, 61.570454362963716 ] } },
{ "type": "Feature", "properties": { "kp_id": "KP-01895", "tr_id": "TR-120" }, "geometry": { "type": "Point", "coordinates": [ 25.76764454336282, 61.572394105843109 ] } },
{ "type": "Feature", "properties": { "kp_id": "KP-01896", "tr_id": "TR-127" }, "geometry": { "type": "Point", "coordinates": [ 25.776975196920496, 61.572621951370323 ] } },
{ "type": "Feature", "properties": { "kp_id": "KP-01897", "tr_id": "TR-127" }, "geometry": { "type": "Point", "coordinates": [ 25.780088741708948, 61.572735120865261 ] } },
{ "type": "Feature", "properties": { "kp_id": "KP-01898", "tr_id": "TR-021" }, "geometry": { "type": "Point", "coordinates": [ 25.615806041358226, 61.571192398269588 ] } },
{ "type": "Feature", "properties": { "kp_id": "KP-01899", "tr_id": "TR-143" }, "geometry": { "type": "Point", "coordinates": [ 25.699358334934875, 61.572085258980522 ] } },
{ "type": "Feature", "properties": { "kp_id": "KP-01900", "tr_id": "TR-143" }, "geometry": { "type": "Point", "coordinates": [ 25.680528246281092, 61.571974033020958 ] } },
{ "type": "Feature", "properties": { "kp_id": "KP-01901", "tr_id": "TR-091" }, "geometry": { "type": "Point", "coordinates": [ 25.903985323360537, 61.574086071312841 ] } },
{ "type": "Feature", "properties": { "kp_id": "KP-01902", "tr_id": "TR-128" }, "geometry": { "type": "Point", "coordinates": [ 25.873061954261956, 61.57396019247124 ] } },
{ "type": "Feature", "properties": { "kp_id": "KP-01903", "tr_id": "TR-021" }, "geometry": { "type": "Point", "coordinates": [ 25.604216527195621, 61.571517875662877 ] } },
{ "type": "Feature", "properties": { "kp_id": "KP-01904", "tr_id": "TR-143" }, "geometry": { "type": "Point", "coordinates": [ 25.69960767910765, 61.572747926075031 ] } },
{ "type": "Feature", "properties": { "kp_id": "KP-01905", "tr_id": "TR-092" }, "geometry": { "type": "Point", "coordinates": [ 25.593078994449794, 61.57184364006828 ] } },
{ "type": "Feature", "properties": { "kp_id": "KP-01906", "tr_id": "TR-128" }, "geometry": { "type": "Point", "coordinates": [ 25.859304440801214, 61.574406460469781 ] } },
{ "type": "Feature", "properties": { "kp_id": "KP-01907", "tr_id": "TR-132" }, "geometry": { "type": "Point", "coordinates": [ 25.654148469065468, 61.57268775709953 ] } },
{ "type": "Feature", "properties": { "kp_id": "KP-01908", "tr_id": "TR-091" }, "geometry": { "type": "Point", "coordinates": [ 25.913523775656358, 61.575017671450283 ] } },
{ "type": "Feature", "properties": { "kp_id": "KP-01909", "tr_id": "TR-091" }, "geometry": { "type": "Point", "coordinates": [ 25.904707664909534, 61.57504702789182 ] } },
{ "type": "Feature", "properties": { "kp_id": "KP-01910", "tr_id": "TR-061" }, "geometry": { "type": "Point", "coordinates": [ 25.579572608657404, 61.572107464840364 ] } },
{ "type": "Feature", "properties": { "kp_id": "KP-01911", "tr_id": "TR-128" }, "geometry": { "type": "Point", "coordinates": [ 25.858115997448685, 61.574770136636829 ] } },
{ "type": "Feature", "properties": { "kp_id": "KP-01912", "tr_id": "TR-143" }, "geometry": { "type": "Point", "coordinates": [ 25.719937198373085, 61.573546047084143 ] } },
{ "type": "Feature", "properties": { "kp_id": "KP-01913", "tr_id": "TR-091" }, "geometry": { "type": "Point", "coordinates": [ 25.908552441194995, 61.575268301815747 ] } },
{ "type": "Feature", "properties": { "kp_id": "KP-01914", "tr_id": "TR-128" }, "geometry": { "type": "Point", "coordinates": [ 25.863046929278738, 61.575036247849205 ] } },
{ "type": "Feature", "properties": { "kp_id": "KP-01915", "tr_id": "TR-092" }, "geometry": { "type": "Point", "coordinates": [ 25.578842098638805, 61.572738692852816 ] } },
{ "type": "Feature", "properties": { "kp_id": "KP-01916", "tr_id": "TR-092" }, "geometry": { "type": "Point", "coordinates": [ 25.580650363592486, 61.57277258527278 ] } },
{ "type": "Feature", "properties": { "kp_id": "KP-01917", "tr_id": "TR-021" }, "geometry": { "type": "Point", "coordinates": [ 25.622478560476402, 61.573241398584074 ] } },
{ "type": "Feature", "properties": { "kp_id": "KP-01918", "tr_id": "TR-092" }, "geometry": { "type": "Point", "coordinates": [ 25.601854869372499, 61.573239313745276 ] } },
{ "type": "Feature", "properties": { "kp_id": "KP-01919", "tr_id": "TR-021" }, "geometry": { "type": "Point", "coordinates": [ 25.622898874691295, 61.573470351080786 ] } },
{ "type": "Feature", "properties": { "kp_id": "KP-01920", "tr_id": "TR-091" }, "geometry": { "type": "Point", "coordinates": [ 25.913055150103169, 61.576139536269586 ] } },
{ "type": "Feature", "properties": { "kp_id": "KP-01921", "tr_id": "TR-021" }, "geometry": { "type": "Point", "coordinates": [ 25.630563151365774, 61.573618874647771 ] } },
{ "type": "Feature", "properties": { "kp_id": "KP-01922", "tr_id": "TR-091" }, "geometry": { "type": "Point", "coordinates": [ 25.900576261646286, 61.576069188502849 ] } },
{ "type": "Feature", "properties": { "kp_id": "KP-01923", "tr_id": "TR-021" }, "geometry": { "type": "Point", "coordinates": [ 25.615875705802516, 61.573560338781633 ] } },
{ "type": "Feature", "properties": { "kp_id": "KP-01924", "tr_id": "TR-127" }, "geometry": { "type": "Point", "coordinates": [ 25.770828005112456, 61.575044677399873 ] } },
{ "type": "Feature", "properties": { "kp_id": "KP-01925", "tr_id": "TR-128" }, "geometry": { "type": "Point", "coordinates": [ 25.864960512251972, 61.575974697256484 ] } },
{ "type": "Feature", "properties": { "kp_id": "KP-01926", "tr_id": "TR-015" }, "geometry": { "type": "Point", "coordinates": [ 25.809133462040577, 61.575555357348705 ] } },
{ "type": "Feature", "properties": { "kp_id": "KP-01927", "tr_id": "TR-092" }, "geometry": { "type": "Point", "coordinates": [ 25.582158024410845, 61.573437072428497 ] } },
{ "type": "Feature", "properties": { "kp_id": "KP-01928", "tr_id": "TR-015" }, "geometry": { "type": "Point", "coordinates": [ 25.805150337598935, 61.575650894926433 ] } },
{ "type": "Feature", "properties": { "kp_id": "KP-01929", "tr_id": "TR-092" }, "geometry": { "type": "Point", "coordinates": [ 25.593955938255021, 61.573737476217751 ] } },
{ "type": "Feature", "properties": { "kp_id": "KP-01930", "tr_id": "TR-092" }, "geometry": { "type": "Point", "coordinates": [ 25.591970857344457, 61.573733314155575 ] } },
{ "type": "Feature", "properties": { "kp_id": "KP-01931", "tr_id": "TR-143" }, "geometry": { "type": "Point", "coordinates": [ 25.699280039678939, 61.574926658844895 ] } },
{ "type": "Feature", "properties": { "kp_id": "KP-01932", "tr_id": "TR-051" }, "geometry": { "type": "Point", "coordinates": [ 25.673124690480979, 61.574754348235224 ] } },
{ "type": "Feature", "properties": { "kp_id": "KP-01933", "tr_id": "TR-092" }, "geometry": { "type": "Point", "coordinates": [ 25.600972632396555, 61.574229983005324 ] } },
{ "type": "Feature", "properties": { "kp_id": "KP-01934", "tr_id": "TR-047" }, "geometry": { "type": "Point", "coordinates": [ 25.743377832231246, 61.57583330157518 ] } },
{ "type": "Feature", "properties": { "kp_id": "KP-01935", "tr_id": "TR-128" }, "geometry": { "type": "Point", "coordinates": [ 25.85107758468979, 61.576834515164897 ] } },
{ "type": "Feature", "properties": { "kp_id": "KP-01936", "tr_id": "TR-047" }, "geometry": { "type": "Point", "coordinates": [ 25.759269400787005, 61.576085886758001 ] } },
{ "type": "Feature", "properties": { "kp_id": "KP-01937", "tr_id": "TR-128" }, "geometry": { "type": "Point", "coordinates": [ 25.865511388242915, 61.577142455841049 ] } },
{ "type": "Feature", "properties": { "kp_id": "KP-01938", "tr_id": "TR-015" }, "geometry": { "type": "Point", "coordinates": [ 25.793128421406326, 61.576653355565334 ] } },
{ "type": "Feature", "properties": { "kp_id": "KP-01939", "tr_id": "TR-091" }, "geometry": { "type": "Point", "coordinates": [ 25.909553978591948, 61.577957554335583 ] } },
{ "type": "Feature", "properties": { "kp_id": "KP-01940", "tr_id": "TR-047" }, "geometry": { "type": "Point", "coordinates": [ 25.75148185055281, 61.576749546205875 ] } },
{ "type": "Feature", "properties": { "kp_id": "KP-01941", "tr_id": "TR-128" }, "geometry": { "type": "Point", "coordinates": [ 25.856438050838346, 61.577778337207995 ] } },
{ "type": "Feature", "properties": { "kp_id": "KP-01942", "tr_id": "TR-092" }, "geometry": { "type": "Point", "coordinates": [ 25.594378045437356, 61.575632235125461 ] } },
{ "type": "Feature", "properties": { "kp_id": "KP-01943", "tr_id": "TR-021" }, "geometry": { "type": "Point", "coordinates": [ 25.618062110580667, 61.576027645632422 ] } },
{ "type": "Feature", "properties": { "kp_id": "KP-01944", "tr_id": "TR-021" }, "geometry": { "type": "Point", "coordinates": [ 25.616907098416391, 61.576126982533658 ] } },
{ "type": "Feature", "properties": { "kp_id": "KP-01945", "tr_id": "TR-092" }, "geometry": { "type": "Point", "coordinates": [ 25.58712642220944, 61.575954208001868 ] } },
{ "type": "Feature", "properties": { "kp_id": "KP-01946", "tr_id": "TR-047" }, "geometry": { "type": "Point", "coordinates": [ 25.73929749302744, 61.577506978990513 ] } },
{ "type": "Feature", "properties": { "kp_id": "KP-01947", "tr_id": "TR-047" }, "geometry": { "type": "Point", "coordinates": [ 25.749009940858979, 61.577626315509065 ] } },
{ "type": "Feature", "properties": { "kp_id": "KP-01948", "tr_id": "TR-021" }, "geometry": { "type": "Point", "coordinates": [ 25.613137393734494, 61.576341222491742 ] } },
{ "type": "Feature", "properties": { "kp_id": "KP-01949", "tr_id": "TR-099" }, "geometry": { "type": "Point", "coordinates": [ 25.848479951538771, 61.578548748443495 ] } },
{ "type": "Feature", "properties": { "kp_id": "KP-01950", "tr_id": "TR-015" }, "geometry": { "type": "Point", "coordinates": [ 25.791718039335404, 61.578137441876876 ] } },
{ "type": "Feature", "properties": { "kp_id": "KP-01951", "tr_id": "TR-021" }, "geometry": { "type": "Point", "coordinates": [ 25.62241063805838, 61.576673844466768 ] } },
{ "type": "Feature", "properties": { "kp_id": "KP-01952", "tr_id": "TR-091" }, "geometry": { "type": "Point", "coordinates": [ 25.914416055186901, 61.579312002268459 ] } },
{ "type": "Feature", "properties": { "kp_id": "KP-01953", "tr_id": "TR-015" }, "geometry": { "type": "Point", "coordinates": [ 25.81028426986175, 61.578472991461503 ] } },
{ "type": "Feature", "properties": { "kp_id": "KP-01954", "tr_id": "TR-099" }, "geometry": { "type": "Point", "coordinates": [ 25.84400607405162, 61.578791988223188 ] } },
{ "type": "Feature", "properties": { "kp_id": "KP-01955", "tr_id": "TR-047" }, "geometry": { "type": "Point", "coordinates": [ 25.744787410438946, 61.577981302879138 ] } },
{ "type": "Feature", "properties": { "kp_id": "KP-01956", "tr_id": "TR-047" }, "geometry": { "type": "Point", "coordinates": [ 25.750821640244212, 61.578042699704646 ] } },
{ "type": "Feature", "properties": { "kp_id": "KP-01957", "tr_id": "TR-051" }, "geometry": { "type": "Point", "coordinates": [ 25.660454666751171, 61.577289465977877 ] } },
{ "type": "Feature", "properties": { "kp_id": "KP-01958", "tr_id": "TR-047" }, "geometry": { "type": "Point", "coordinates": [ 25.748741611219035, 61.57839152996408 ] } },
{ "type": "Feature", "properties": { "kp_id": "KP-01959", "tr_id": "TR-092" }, "geometry": { "type": "Point", "coordinates": [ 25.591009096391801, 61.576859123544835 ] } },
{ "type": "Feature", "properties": { "kp_id": "KP-01960", "tr_id": "TR-021" }, "geometry": { "type": "Point", "coordinates": [ 25.613917978181505, 61.577115237355322 ] } },
{ "type": "Feature", "properties": { "kp_id": "KP-01961", "tr_id": "TR-092" }, "geometry": { "type": "Point", "coordinates": [ 25.60227825213622, 61.577042482627682 ] } },
{ "type": "Feature", "properties": { "kp_id": "KP-01962", "tr_id": "TR-051" }, "geometry": { "type": "Point", "coordinates": [ 25.658445937658648, 61.577619334339325 ] } },
{ "type": "Feature", "properties": { "kp_id": "KP-01963", "tr_id": "TR-127" }, "geometry": { "type": "Point", "coordinates": [ 25.76849323679566, 61.578923833421506 ] } },
{ "type": "Feature", "properties": { "kp_id": "KP-01964", "tr_id": "TR-075" }, "geometry": { "type": "Point", "coordinates": [ 25.710732286936441, 61.578494543816646 ] } },
{ "type": "Feature", "properties": { "kp_id": "KP-01965", "tr_id": "TR-015" }, "geometry": { "type": "Point", "coordinates": [ 25.807395906330019, 61.57945183610704 ] } },
{ "type": "Feature", "properties": { "kp_id": "KP-01966", "tr_id": "TR-021" }, "geometry": { "type": "Point", "coordinates": [ 25.60656604415826, 61.577605082797312 ] } },
{ "type": "Feature", "properties": { "kp_id": "KP-01967", "tr_id": "TR-092" }, "geometry": { "type": "Point", "coordinates": [ 25.583862729641343, 61.577387811960151 ] } },
{ "type": "Feature", "properties": { "kp_id": "KP-01968", "tr_id": "TR-047" }, "geometry": { "type": "Point", "coordinates": [ 25.734210296404935, 61.578955591475086 ] } },
{ "type": "Feature", "properties": { "kp_id": "KP-01969", "tr_id": "TR-021" }, "geometry": { "type": "Point", "coordinates": [ 25.610235389713949, 61.577941393751523 ] } },
{ "type": "Feature", "properties": { "kp_id": "KP-01970", "tr_id": "TR-092" }, "geometry": { "type": "Point", "coordinates": [ 25.59968124117702, 61.577836720610101 ] } },
{ "type": "Feature", "properties": { "kp_id": "KP-01971", "tr_id": "TR-099" }, "geometry": { "type": "Point", "coordinates": [ 25.844044650159724, 61.580170765980498 ] } },
{ "type": "Feature", "properties": { "kp_id": "KP-01972", "tr_id": "TR-015" }, "geometry": { "type": "Point", "coordinates": [ 25.802129897631453, 61.580087296510492 ] } },
{ "type": "Feature", "properties": { "kp_id": "KP-01973", "tr_id": "TR-015" }, "geometry": { "type": "Point", "coordinates": [ 25.791917193898279, 61.580046638508463 ] } },
{ "type": "Feature", "properties": { "kp_id": "KP-01974", "tr_id": "TR-099" }, "geometry": { "type": "Point", "coordinates": [ 25.836732868188722, 61.580476273046777 ] } },
{ "type": "Feature", "properties": { "kp_id": "KP-01975", "tr_id": "TR-047" }, "geometry": { "type": "Point", "coordinates": [ 25.742237239679302, 61.579697563475868 ] } },
{ "type": "Feature", "properties": { "kp_id": "KP-01976", "tr_id": "TR-127" }, "geometry": { "type": "Point", "coordinates": [ 25.772501673135668, 61.579994789924214 ] } },
{ "type": "Feature", "properties": { "kp_id": "KP-01977", "tr_id": "TR-092" }, "geometry": { "type": "Point", "coordinates": [ 25.581297113926237, 61.578147359356144 ] } },
{ "type": "Feature", "properties": { "kp_id": "KP-01978", "tr_id": "TR-015" }, "geometry": { "type": "Point", "coordinates": [ 25.801281622108398, 61.580275013914331 ] } },
{ "type": "Feature", "properties": { "kp_id": "KP-01979", "tr_id": "TR-015" }, "geometry": { "type": "Point", "coordinates": [ 25.819969929942609, 61.58045550077852 ] } },
{ "type": "Feature", "properties": { "kp_id": "KP-01980", "tr_id": "TR-127" }, "geometry": { "type": "Point", "coordinates": [ 25.769585243591013, 61.580013684834398 ] } },
{ "type": "Feature", "properties": { "kp_id": "KP-01981", "tr_id": "TR-127" }, "geometry": { "type": "Point", "coordinates": [ 25.787326607507563, 61.580247451013527 ] } },
{ "type": "Feature", "properties": { "kp_id": "KP-01982", "tr_id": "TR-015" }, "geometry": { "type": "Point", "coordinates": [ 25.790446330817307, 61.580497799226123 ] } },
{ "type": "Feature", "properties": { "kp_id": "KP-01983", "tr_id": "TR-075" }, "geometry": { "type": "Point", "coordinates": [ 25.684511389264202, 61.579536937561258 ] } },
{ "type": "Feature", "properties": { "kp_id": "KP-01984", "tr_id": "TR-021" }, "geometry": { "type": "Point", "coordinates": [ 25.635362558339928, 61.57911751131558 ] } },
{ "type": "Feature", "properties": { "kp_id": "KP-01985", "tr_id": "TR-051" }, "geometry": { "type": "Point", "coordinates": [ 25.649403574011391, 61.579398294106412 ] } },
{ "type": "Feature", "properties": { "kp_id": "KP-01986", "tr_id": "TR-092" }, "geometry": { "type": "Point", "coordinates": [ 25.59195008855643, 61.578920374362092 ] } },
{ "type": "Feature", "properties": { "kp_id": "KP-01987", "tr_id": "TR-021" }, "geometry": { "type": "Point", "coordinates": [ 25.608044963769768, 61.579170842478007 ] } },
{ "type": "Feature", "properties": { "kp_id": "KP-01988", "tr_id": "TR-015" }, "geometry": { "type": "Point", "coordinates": [ 25.793563429670815, 61.581069240491168 ] } },
{ "type": "Feature", "properties": { "kp_id": "KP-01989", "tr_id": "TR-051" }, "geometry": { "type": "Point", "coordinates": [ 25.648960332589663, 61.579721694141277 ] } },
{ "type": "Feature", "properties": { "kp_id": "KP-01990", "tr_id": "TR-092" }, "geometry": { "type": "Point", "coordinates": [ 25.596870627492898, 61.579216860543383 ] } },
{ "type": "Feature", "properties": { "kp_id": "KP-01991", "tr_id": "TR-092" }, "geometry": { "type": "Point", "coordinates": [ 25.589244316957785, 61.579152789393028 ] } },
{ "type": "Feature", "properties": { "kp_id": "KP-01992", "tr_id": "TR-099" }, "geometry": { "type": "Point", "coordinates": [ 25.834630224859715, 61.581554288768324 ] } },
{ "type": "Feature", "properties": { "kp_id": "KP-01993", "tr_id": "TR-092" }, "geometry": { "type": "Point", "coordinates": [ 25.605564501977124, 61.579587302561464 ] } },
{ "type": "Feature", "properties": { "kp_id": "KP-01994", "tr_id": "TR-021" }, "geometry": { "type": "Point", "coordinates": [ 25.639717865639486, 61.580065215359177 ] } },
{ "type": "Feature", "properties": { "kp_id": "KP-01995", "tr_id": "TR-015" }, "geometry": { "type": "Point", "coordinates": [ 25.815328332143313, 61.58178911942386 ] } },
{ "type": "Feature", "properties": { "kp_id": "KP-01996", "tr_id": "TR-075" }, "geometry": { "type": "Point", "coordinates": [ 25.701467836960155, 61.580775905309139 ] } },
{ "type": "Feature", "properties": { "kp_id": "KP-01997", "tr_id": "TR-047" }, "geometry": { "type": "Point", "coordinates": [ 25.761911940610101, 61.581440599227996 ] } },
{ "type": "Feature", "properties": { "kp_id": "KP-01998", "tr_id": "TR-092" }, "geometry": { "type": "Point", "coordinates": [ 25.586870411319993, 61.579803349453783 ] } },
{ "type": "Feature", "properties": { "kp_id": "KP-01999", "tr_id": "TR-127" }, "geometry": { "type": "Point", "coordinates": [ 25.774203391436991, 61.581628808729825 ] } },
{ "type": "Feature", "properties": { "kp_id": "KP-02000", "tr_id": "TR-015" }, "geometry": { "type": "Point", "coordinates": [ 25.789802923703551, 61.581836075256241 ] } },
{ "type": "Feature", "properties": { "kp_id": "KP-02001", "tr_id": "TR-047" }, "geometry": { "type": "Point", "coordinates": [ 25.749955418827071, 61.5814839206245 ] } },
{ "type": "Feature", "properties": { "kp_id": "KP-02002", "tr_id": "TR-075" }, "geometry": { "type": "Point", "coordinates": [ 25.684023649239833, 61.580931019420333 ] } },
{ "type": "Feature", "properties": { "kp_id": "KP-02003", "tr_id": "TR-051" }, "geometry": { "type": "Point", "coordinates": [ 25.644049211660032, 61.580729820200112 ] } },
{ "type": "Feature", "properties": { "kp_id": "KP-02004", "tr_id": "TR-127" }, "geometry": { "type": "Point", "coordinates": [ 25.776426349729384, 61.582053988482684 ] } },
{ "type": "Feature", "properties": { "kp_id": "KP-02005", "tr_id": "TR-015" }, "geometry": { "type": "Point", "coordinates": [ 25.800684200286657, 61.582304277058434 ] } },
{ "type": "Feature", "properties": { "kp_id": "KP-02006", "tr_id": "TR-075" }, "geometry": { "type": "Point", "coordinates": [ 25.707137415135271, 61.58152366838339 ] } },
{ "type": "Feature", "properties": { "kp_id": "KP-02007", "tr_id": "TR-015" }, "geometry": { "type": "Point", "coordinates": [ 25.796948734857502, 61.582407915014322 ] } },
{ "type": "Feature", "properties": { "kp_id": "KP-02008", "tr_id": "TR-127" }, "geometry": { "type": "Point", "coordinates": [ 25.78130838024039, 61.582482150879947 ] } },
{ "type": "Feature", "properties": { "kp_id": "KP-02009", "tr_id": "TR-075" }, "geometry": { "type": "Point", "coordinates": [ 25.680992058930187, 61.581599527117831 ] } },
{ "type": "Feature", "properties": { "kp_id": "KP-02010", "tr_id": "TR-127" }, "geometry": { "type": "Point", "coordinates": [ 25.770334649663489, 61.582598781761774 ] } },
{ "type": "Feature", "properties": { "kp_id": "KP-02011", "tr_id": "TR-092" }, "geometry": { "type": "Point", "coordinates": [ 25.602837992869375, 61.580991298926101 ] } },
{ "type": "Feature", "properties": { "kp_id": "KP-02012", "tr_id": "TR-051" }, "geometry": { "type": "Point", "coordinates": [ 25.653114920635243, 61.581508668711834 ] } },
{ "type": "Feature", "properties": { "kp_id": "KP-02013", "tr_id": "TR-051" }, "geometry": { "type": "Point", "coordinates": [ 25.661967664478109, 61.581613007200282 ] } },
{ "type": "Feature", "properties": { "kp_id": "KP-02014", "tr_id": "TR-127" }, "geometry": { "type": "Point", "coordinates": [ 25.764301584068839, 61.582584017294558 ] } },
{ "type": "Feature", "properties": { "kp_id": "KP-02015", "tr_id": "TR-015" }, "geometry": { "type": "Point", "coordinates": [ 25.794085895544622, 61.582942266745583 ] } },
{ "type": "Feature", "properties": { "kp_id": "KP-02016", "tr_id": "TR-047" }, "geometry": { "type": "Point", "coordinates": [ 25.759966742906347, 61.582686122990495 ] } },
{ "type": "Feature", "properties": { "kp_id": "KP-02017", "tr_id": "TR-015" }, "geometry": { "type": "Point", "coordinates": [ 25.803277411163045, 61.583091709294123 ] } },
{ "type": "Feature", "properties": { "kp_id": "KP-02018", "tr_id": "TR-075" }, "geometry": { "type": "Point", "coordinates": [ 25.696084237731529, 61.582268142113683 ] } },
{ "type": "Feature", "properties": { "kp_id": "KP-02019", "tr_id": "TR-021" }, "geometry": { "type": "Point", "coordinates": [ 25.624185382856286, 61.581563299625564 ] } },
{ "type": "Feature", "properties": { "kp_id": "KP-02020", "tr_id": "TR-127" }, "geometry": { "type": "Point", "coordinates": [ 25.779934593089202, 61.58306804704938 ] } },
{ "type": "Feature", "properties": { "kp_id": "KP-02021", "tr_id": "TR-015" }, "geometry": { "type": "Point", "coordinates": [ 25.79601389730146, 61.583213543983838 ] } },
{ "type": "Feature", "properties": { "kp_id": "KP-02022", "tr_id": "TR-092" }, "geometry": { "type": "Point", "coordinates": [ 25.585451005210057, 61.581202779451097 ] } },
{ "type": "Feature", "properties": { "kp_id": "KP-02023", "tr_id": "TR-015" }, "geometry": { "type": "Point", "coordinates": [ 25.817384885312784, 61.583496721256722 ] } },
{ "type": "Feature", "properties": { "kp_id": "KP-02024", "tr_id": "TR-015" }, "geometry": { "type": "Point", "coordinates": [ 25.801531959974383, 61.583377901939542 ] } },
{ "type": "Feature", "properties": { "kp_id": "KP-02025", "tr_id": "TR-015" }, "geometry": { "type": "Point", "coordinates": [ 25.791507836279361, 61.58347568742257 ] } },
{ "type": "Feature", "properties": { "kp_id": "KP-02026", "tr_id": "TR-099" }, "geometry": { "type": "Point", "coordinates": [ 25.854077844386147, 61.584244392718922 ] } },
{ "type": "Feature", "properties": { "kp_id": "KP-02027", "tr_id": "TR-099" }, "geometry": { "type": "Point", "coordinates": [ 25.832924762396139, 61.584106538145818 ] } },
{ "type": "Feature", "properties": { "kp_id": "KP-02028", "tr_id": "TR-075" }, "geometry": { "type": "Point", "coordinates": [ 25.701960035261052, 61.582935038905347 ] } },
{ "type": "Feature", "properties": { "kp_id": "KP-02029", "tr_id": "TR-047" }, "geometry": { "type": "Point", "coordinates": [ 25.749392627365438, 61.583407530283679 ] } },
{ "type": "Feature", "properties": { "kp_id": "KP-02030", "tr_id": "TR-092" }, "geometry": { "type": "Point", "coordinates": [ 25.590841360201328, 61.581912465966781 ] } },
{ "type": "Feature", "properties": { "kp_id": "KP-02031", "tr_id": "TR-047" }, "geometry": { "type": "Point", "coordinates": [ 25.759183001908138, 61.583607080720419 ] } },
{ "type": "Feature", "properties": { "kp_id": "KP-02032", "tr_id": "TR-127" }, "geometry": { "type": "Point", "coordinates": [ 25.769871167114061, 61.583806632777268 ] } },
{ "type": "Feature", "properties": { "kp_id": "KP-02033", "tr_id": "TR-051" }, "geometry": { "type": "Point", "coordinates": [ 25.657804196091497, 61.582805502956717 ] } },
{ "type": "Feature", "properties": { "kp_id": "KP-02034", "tr_id": "TR-127" }, "geometry": { "type": "Point", "coordinates": [ 25.774122550474573, 61.584012065837591 ] } },
{ "type": "Feature", "properties": { "kp_id": "KP-02035", "tr_id": "TR-092" }, "geometry": { "type": "Point", "coordinates": [ 25.58267295682969, 61.58219752239706 ] } },
{ "type": "Feature", "properties": { "kp_id": "KP-02036", "tr_id": "TR-075" }, "geometry": { "type": "Point", "coordinates": [ 25.699511713379273, 61.583476307409967 ] } },
{ "type": "Feature", "properties": { "kp_id": "KP-02037", "tr_id": "TR-099" }, "geometry": { "type": "Point", "coordinates": [ 25.849353984868628, 61.584861572121305 ] } },
{ "type": "Feature", "properties": { "kp_id": "KP-02038", "tr_id": "TR-021" }, "geometry": { "type": "Point", "coordinates": [ 25.621088155139457, 61.582810445547942 ] } },
{ "type": "Feature", "properties": { "kp_id": "KP-02039", "tr_id": "TR-092" }, "geometry": { "type": "Point", "coordinates": [ 25.602892115203407, 61.582643369813084 ] } },
{ "type": "Feature", "properties": { "kp_id": "KP-02040", "tr_id": "TR-015" }, "geometry": { "type": "Point", "coordinates": [ 25.810853822214646, 61.584615516182922 ] } },
{ "type": "Feature", "properties": { "kp_id": "KP-02041", "tr_id": "TR-051" }, "geometry": { "type": "Point", "coordinates": [ 25.662507022766743, 61.583293272482962 ] } },
{ "type": "Feature", "properties": { "kp_id": "KP-02042", "tr_id": "TR-021" }, "geometry": { "type": "Point", "coordinates": [ 25.633610845699174, 61.583036698695174 ] } },
{ "type": "Feature", "properties": { "kp_id": "KP-02043", "tr_id": "TR-127" }, "geometry": { "type": "Point", "coordinates": [ 25.786271830639357, 61.58451958224591 ] } },
{ "type": "Feature", "properties": { "kp_id": "KP-02044", "tr_id": "TR-015" }, "geometry": { "type": "Point", "coordinates": [ 25.812977982637975, 61.584834568657854 ] } },
{ "type": "Feature", "properties": { "kp_id": "KP-02045", "tr_id": "TR-051" }, "geometry": { "type": "Point", "coordinates": [ 25.660570211606004, 61.583456070554192 ] } },
{ "type": "Feature", "properties": { "kp_id": "KP-02046", "tr_id": "TR-047" }, "geometry": { "type": "Point", "coordinates": [ 25.753274705079399, 61.58456095154623 ] } },
{ "type": "Feature", "properties": { "kp_id": "KP-02047", "tr_id": "TR-047" }, "geometry": { "type": "Point", "coordinates": [ 25.750986523113259, 61.584694725236631 ] } },
{ "type": "Feature", "properties": { "kp_id": "KP-02048", "tr_id": "TR-099" }, "geometry": { "type": "Point", "coordinates": [ 25.833486609252191, 61.585439046282033 ] } },
{ "type": "Feature", "properties": { "kp_id": "KP-02049", "tr_id": "TR-127" }, "geometry": { "type": "Point", "coordinates": [ 25.777718020192825, 61.585026927449171 ] } },
{ "type": "Feature", "properties": { "kp_id": "KP-02050", "tr_id": "TR-075" }, "geometry": { "type": "Point", "coordinates": [ 25.695940065427447, 61.584296210999575 ] } },
{ "type": "Feature", "properties": { "kp_id": "KP-02051", "tr_id": "TR-021" }, "geometry": { "type": "Point", "coordinates": [ 25.634218741771111, 61.583774014280841 ] } },
{ "type": "Feature", "properties": { "kp_id": "KP-02052", "tr_id": "TR-015" }, "geometry": { "type": "Point", "coordinates": [ 25.811666534507033, 61.585454764790988 ] } },
{ "type": "Feature", "properties": { "kp_id": "KP-02053", "tr_id": "TR-051" }, "geometry": { "type": "Point", "coordinates": [ 25.658376885982456, 61.58419862408379 ] } },
{ "type": "Feature", "properties": { "kp_id": "KP-02054", "tr_id": "TR-075" }, "geometry": { "type": "Point", "coordinates": [ 25.699377172226914, 61.584678700990523 ] } },
{ "type": "Feature", "properties": { "kp_id": "KP-02055", "tr_id": "TR-127" }, "geometry": { "type": "Point", "coordinates": [ 25.772426824660258, 61.585445318386697 ] } },
{ "type": "Feature", "properties": { "kp_id": "KP-02056", "tr_id": "TR-092" }, "geometry": { "type": "Point", "coordinates": [ 25.583068271339194, 61.583615848807803 ] } },
{ "type": "Feature", "properties": { "kp_id": "KP-02057", "tr_id": "TR-099" }, "geometry": { "type": "Point", "coordinates": [ 25.835564929957094, 61.586087281417193 ] } },
{ "type": "Feature", "properties": { "kp_id": "KP-02058", "tr_id": "TR-047" }, "geometry": { "type": "Point", "coordinates": [ 25.753398691607391, 61.585366466334719 ] } },
{ "type": "Feature", "properties": { "kp_id": "KP-02059", "tr_id": "TR-051" }, "geometry": { "type": "Point", "coordinates": [ 25.65266325309473, 61.584460814189548 ] } },
{ "type": "Feature", "properties": { "kp_id": "KP-02060", "tr_id": "TR-021" }, "geometry": { "type": "Point", "coordinates": [ 25.632076681670053, 61.584458140506023 ] } },
{ "type": "Feature", "properties": { "kp_id": "KP-02061", "tr_id": "TR-051" }, "geometry": { "type": "Point", "coordinates": [ 25.662429276136407, 61.584769255592605 ] } },
{ "type": "Feature", "properties": { "kp_id": "KP-02062", "tr_id": "TR-127" }, "geometry": { "type": "Point", "coordinates": [ 25.784475527147226, 61.585975780261599 ] } },
{ "type": "Feature", "properties": { "kp_id": "KP-02063", "tr_id": "TR-015" }, "geometry": { "type": "Point", "coordinates": [ 25.79513896641193, 61.586189088773814 ] } },
{ "type": "Feature", "properties": { "kp_id": "KP-02064", "tr_id": "TR-092" }, "geometry": { "type": "Point", "coordinates": [ 25.602353102378959, 61.584417319491344 ] } },
{ "type": "Feature", "properties": { "kp_id": "KP-02065", "tr_id": "TR-127" }, "geometry": { "type": "Point", "coordinates": [ 25.771773558155086, 61.586077786936855 ] } },
{ "type": "Feature", "properties": { "kp_id": "KP-02066", "tr_id": "TR-051" }, "geometry": { "type": "Point", "coordinates": [ 25.649039442636116, 61.585012120939801 ] } },
{ "type": "Feature", "properties": { "kp_id": "KP-02067", "tr_id": "TR-021" }, "geometry": { "type": "Point", "coordinates": [ 25.625705008535821, 61.584841494218011 ] } },
{ "type": "Feature", "properties": { "kp_id": "KP-02068", "tr_id": "TR-051" }, "geometry": { "type": "Point", "coordinates": [ 25.657570272072046, 61.585284565167903 ] } },
{ "type": "Feature", "properties": { "kp_id": "KP-02069", "tr_id": "TR-092" }, "geometry": { "type": "Point", "coordinates": [ 25.59339737805243, 61.584765754052405 ] } },
{ "type": "Feature", "properties": { "kp_id": "KP-02070", "tr_id": "TR-047" }, "geometry": { "type": "Point", "coordinates": [ 25.74992065755411, 61.586326466538033 ] } },
{ "type": "Feature", "properties": { "kp_id": "KP-02071", "tr_id": "TR-099" }, "geometry": { "type": "Point", "coordinates": [ 25.837073974256185, 61.587111598507569 ] } },
{ "type": "Feature", "properties": { "kp_id": "KP-02072", "tr_id": "TR-051" }, "geometry": { "type": "Point", "coordinates": [ 25.662282316007229, 61.585835015502056 ] } },
{ "type": "Feature", "properties": { "kp_id": "KP-02073", "tr_id": "TR-047" }, "geometry": { "type": "Point", "coordinates": [ 25.759320939520045, 61.586795232976648 ] } },
{ "type": "Feature", "properties": { "kp_id": "KP-02074", "tr_id": "TR-015" }, "geometry": { "type": "Point", "coordinates": [ 25.795866284087865, 61.587134380442407 ] } },
{ "type": "Feature", "properties": { "kp_id": "KP-02075", "tr_id": "TR-092" }, "geometry": { "type": "Point", "coordinates": [ 25.584925668897704, 61.585310050760434 ] } },
{ "type": "Feature", "properties": { "kp_id": "KP-02076", "tr_id": "TR-051" }, "geometry": { "type": "Point", "coordinates": [ 25.672322680554615, 61.586243901336033 ] } },
{ "type": "Feature", "properties": { "kp_id": "KP-02077", "tr_id": "TR-092" }, "geometry": { "type": "Point", "coordinates": [ 25.587219659230474, 61.585456449450042 ] } },
{ "type": "Feature", "properties": { "kp_id": "KP-02078", "tr_id": "TR-047" }, "geometry": { "type": "Point", "coordinates": [ 25.757503730926032, 61.587118850944087 ] } },
{ "type": "Feature", "properties": { "kp_id": "KP-02079", "tr_id": "TR-047" }, "geometry": { "type": "Point", "coordinates": [ 25.747898623454866, 61.587121846886539 ] } },
{ "type": "Feature", "properties": { "kp_id": "KP-02080", "tr_id": "TR-065" }, "geometry": { "type": "Point", "coordinates": [ 25.612842046420642, 61.585872696581845 ] } },
{ "type": "Feature", "properties": { "kp_id": "KP-02081", "tr_id": "TR-015" }, "geometry": { "type": "Point", "coordinates": [ 25.804062207307531, 61.58771740150025 ] } },
{ "type": "Feature", "properties": { "kp_id": "KP-02082", "tr_id": "TR-047" }, "geometry": { "type": "Point", "coordinates": [ 25.751967668981671, 61.587267174511112 ] } },
{ "type": "Feature", "properties": { "kp_id": "KP-02083", "tr_id": "TR-047" }, "geometry": { "type": "Point", "coordinates": [ 25.755052704738898, 61.587339965408454 ] } },
{ "type": "Feature", "properties": { "kp_id": "KP-02084", "tr_id": "TR-123" }, "geometry": { "type": "Point", "coordinates": [ 25.746252852728347, 61.587388510572545 ] } },
{ "type": "Feature", "properties": { "kp_id": "KP-02085", "tr_id": "TR-051" }, "geometry": { "type": "Point", "coordinates": [ 25.664775323398203, 61.586712807749443 ] } },
{ "type": "Feature", "properties": { "kp_id": "KP-02086", "tr_id": "TR-051" }, "geometry": { "type": "Point", "coordinates": [ 25.674619491326816, 61.586821503610082 ] } },
{ "type": "Feature", "properties": { "kp_id": "KP-02087", "tr_id": "TR-092" }, "geometry": { "type": "Point", "coordinates": [ 25.583677566476432, 61.585955908650398 ] } },
{ "type": "Feature", "properties": { "kp_id": "KP-02088", "tr_id": "TR-051" }, "geometry": { "type": "Point", "coordinates": [ 25.661519663451703, 61.5868059444241 ] } },
{ "type": "Feature", "properties": { "kp_id": "KP-02089", "tr_id": "TR-092" }, "geometry": { "type": "Point", "coordinates": [ 25.574877713085542, 61.585945228363258 ] } },
{ "type": "Feature", "properties": { "kp_id": "KP-02090", "tr_id": "TR-123" }, "geometry": { "type": "Point", "coordinates": [ 25.741188021628815, 61.587698028025301 ] } },
{ "type": "Feature", "properties": { "kp_id": "KP-02091", "tr_id": "TR-051" }, "geometry": { "type": "Point", "coordinates": [ 25.667592589976977, 61.587065385137102 ] } },
{ "type": "Feature", "properties": { "kp_id": "KP-02092", "tr_id": "TR-123" }, "geometry": { "type": "Point", "coordinates": [ 25.729841843463074, 61.587691009776314 ] } },
{ "type": "Feature", "properties": { "kp_id": "KP-02093", "tr_id": "TR-127" }, "geometry": { "type": "Point", "coordinates": [ 25.781335786246064, 61.588234968325892 ] } },
{ "type": "Feature", "properties": { "kp_id": "KP-02094", "tr_id": "TR-123" }, "geometry": { "type": "Point", "coordinates": [ 25.744154882544617, 61.588069350678133 ] } },
{ "type": "Feature", "properties": { "kp_id": "KP-02095", "tr_id": "TR-123" }, "geometry": { "type": "Point", "coordinates": [ 25.732136564357752, 61.588056027581615 ] } },
{ "type": "Feature", "properties": { "kp_id": "KP-02096", "tr_id": "TR-123" }, "geometry": { "type": "Point", "coordinates": [ 25.730856756515706, 61.58815935961465 ] } },
{ "type": "Feature", "properties": { "kp_id": "KP-02097", "tr_id": "TR-051" }, "geometry": { "type": "Point", "coordinates": [ 25.646421168459842, 61.587432443546845 ] } },
{ "type": "Feature", "properties": { "kp_id": "KP-02098", "tr_id": "TR-051" }, "geometry": { "type": "Point", "coordinates": [ 25.665225003463032, 61.587643172710408 ] } },
{ "type": "Feature", "properties": { "kp_id": "KP-02099", "tr_id": "TR-051" }, "geometry": { "type": "Point", "coordinates": [ 25.674764938003538, 61.587811412166957 ] } },
{ "type": "Feature", "properties": { "kp_id": "KP-02100", "tr_id": "TR-110" }, "geometry": { "type": "Point", "coordinates": [ 25.751924107310966, 61.588556150523516 ] } },
{ "type": "Feature", "properties": { "kp_id": "KP-02101", "tr_id": "TR-015" }, "geometry": { "type": "Point", "coordinates": [ 25.804688600729765, 61.589092109928096 ] } },
{ "type": "Feature", "properties": { "kp_id": "KP-02102", "tr_id": "TR-015" }, "geometry": { "type": "Point", "coordinates": [ 25.805928768462998, 61.589220797390787 ] } },
{ "type": "Feature", "properties": { "kp_id": "KP-02103", "tr_id": "TR-099" }, "geometry": { "type": "Point", "coordinates": [ 25.836534717891841, 61.589592069027553 ] } },
{ "type": "Feature", "properties": { "kp_id": "KP-02104", "tr_id": "TR-051" }, "geometry": { "type": "Point", "coordinates": [ 25.658436353337631, 61.588031131639404 ] } },
{ "type": "Feature", "properties": { "kp_id": "KP-02105", "tr_id": "TR-123" }, "geometry": { "type": "Point", "coordinates": [ 25.741227288555429, 61.58882691989696 ] } },
{ "type": "Feature", "properties": { "kp_id": "KP-02106", "tr_id": "TR-123" }, "geometry": { "type": "Point", "coordinates": [ 25.733891543627518, 61.588770445818014 ] } },
{ "type": "Feature", "properties": { "kp_id": "KP-02107", "tr_id": "TR-099" }, "geometry": { "type": "Point", "coordinates": [ 25.840304594883062, 61.589716631895669 ] } },
{ "type": "Feature", "properties": { "kp_id": "KP-02108", "tr_id": "TR-065" }, "geometry": { "type": "Point", "coordinates": [ 25.611037351228106, 61.587796016495716 ] } },
{ "type": "Feature", "properties": { "kp_id": "KP-02109", "tr_id": "TR-051" }, "geometry": { "type": "Point", "coordinates": [ 25.666076209954362, 61.588440952223401 ] } },
{ "type": "Feature", "properties": { "kp_id": "KP-02110", "tr_id": "TR-051" }, "geometry": { "type": "Point", "coordinates": [ 25.644074831946948, 61.588239083645568 ] } },
{ "type": "Feature", "properties": { "kp_id": "KP-02111", "tr_id": "TR-065" }, "geometry": { "type": "Point", "coordinates": [ 25.600988590240021, 61.587885558228571 ] } },
{ "type": "Feature", "properties": { "kp_id": "KP-02112", "tr_id": "TR-051" }, "geometry": { "type": "Point", "coordinates": [ 25.661660000422735, 61.588559549359182 ] } },
{ "type": "Feature", "properties": { "kp_id": "KP-02113", "tr_id": "TR-123" }, "geometry": { "type": "Point", "coordinates": [ 25.735079723388345, 61.589318727658814 ] } },
{ "type": "Feature", "properties": { "kp_id": "KP-02114", "tr_id": "TR-051" }, "geometry": { "type": "Point", "coordinates": [ 25.642896396853761, 61.588610441804931 ] } },
{ "type": "Feature", "properties": { "kp_id": "KP-02115", "tr_id": "TR-051" }, "geometry": { "type": "Point", "coordinates": [ 25.662407578511132, 61.588894164811599 ] } },
{ "type": "Feature", "properties": { "kp_id": "KP-02116", "tr_id": "TR-065" }, "geometry": { "type": "Point", "coordinates": [ 25.619462376636616, 61.588531865465178 ] } },
{ "type": "Feature", "properties": { "kp_id": "KP-02117", "tr_id": "TR-127" }, "geometry": { "type": "Point", "coordinates": [ 25.775520708664786, 61.590178512261538 ] } },
{ "type": "Feature", "properties": { "kp_id": "KP-02118", "tr_id": "TR-051" }, "geometry": { "type": "Point", "coordinates": [ 25.641748619665222, 61.58900301007283 ] } },
{ "type": "Feature", "properties": { "kp_id": "KP-02119", "tr_id": "TR-051" }, "geometry": { "type": "Point", "coordinates": [ 25.661281619380084, 61.589705349972299 ] } },
{ "type": "Feature", "properties": { "kp_id": "KP-02120", "tr_id": "TR-123" }, "geometry": { "type": "Point", "coordinates": [ 25.742536595545381, 61.590653161078741 ] } },
{ "type": "Feature", "properties": { "kp_id": "KP-02121", "tr_id": "TR-123" }, "geometry": { "type": "Point", "coordinates": [ 25.728912947390459, 61.590779397133588 ] } },
{ "type": "Feature", "properties": { "kp_id": "KP-02122", "tr_id": "TR-051" }, "geometry": { "type": "Point", "coordinates": [ 25.661676830409984, 61.590250958159992 ] } },
{ "type": "Feature", "properties": { "kp_id": "KP-02123", "tr_id": "TR-110" }, "geometry": { "type": "Point", "coordinates": [ 25.769497860724702, 61.591539234797914 ] } },
{ "type": "Feature", "properties": { "kp_id": "KP-02124", "tr_id": "TR-065" }, "geometry": { "type": "Point", "coordinates": [ 25.606413888914553, 61.5902891319707 ] } },
{ "type": "Feature", "properties": { "kp_id": "KP-02125", "tr_id": "TR-123" }, "geometry": { "type": "Point", "coordinates": [ 25.739801325092888, 61.591593087954699 ] } },
{ "type": "Feature", "properties": { "kp_id": "KP-02126", "tr_id": "TR-123" }, "geometry": { "type": "Point", "coordinates": [ 25.725171102942706, 61.591535217404306 ] } },
{ "type": "Feature", "properties": { "kp_id": "KP-02127", "tr_id": "TR-065" }, "geometry": { "type": "Point", "coordinates": [ 25.609434762203669, 61.59046780949992 ] } },
{ "type": "Feature", "properties": { "kp_id": "KP-02128", "tr_id": "TR-065" }, "geometry": { "type": "Point", "coordinates": [ 25.61086016669908, 61.590552993889283 ] } },
{ "type": "Feature", "properties": { "kp_id": "KP-02129", "tr_id": "TR-123" }, "geometry": { "type": "Point", "coordinates": [ 25.74297838421996, 61.591923939016475 ] } },
{ "type": "Feature", "properties": { "kp_id": "KP-02130", "tr_id": "TR-065" }, "geometry": { "type": "Point", "coordinates": [ 25.61489688933592, 61.590828811174291 ] } },
{ "type": "Feature", "properties": { "kp_id": "KP-02131", "tr_id": "TR-110" }, "geometry": { "type": "Point", "coordinates": [ 25.764434701237878, 61.592300583401951 ] } },
{ "type": "Feature", "properties": { "kp_id": "KP-02132", "tr_id": "TR-065" }, "geometry": { "type": "Point", "coordinates": [ 25.620651398425618, 61.591080464482843 ] } },
{ "type": "Feature", "properties": { "kp_id": "KP-02133", "tr_id": "TR-123" }, "geometry": { "type": "Point", "coordinates": [ 25.727157456366509, 61.592166151421772 ] } },
{ "type": "Feature", "properties": { "kp_id": "KP-02134", "tr_id": "TR-123" }, "geometry": { "type": "Point", "coordinates": [ 25.738208291044554, 61.592403879946787 ] } },
{ "type": "Feature", "properties": { "kp_id": "KP-02135", "tr_id": "TR-075" }, "geometry": { "type": "Point", "coordinates": [ 25.701629902145783, 61.592204139236834 ] } },
{ "type": "Feature", "properties": { "kp_id": "KP-02136", "tr_id": "TR-123" }, "geometry": { "type": "Point", "coordinates": [ 25.724235001535259, 61.592566676758175 ] } },
{ "type": "Feature", "properties": { "kp_id": "KP-02137", "tr_id": "TR-110" }, "geometry": { "type": "Point", "coordinates": [ 25.761740507908868, 61.593070915884063 ] } },
{ "type": "Feature", "properties": { "kp_id": "KP-02138", "tr_id": "TR-075" }, "geometry": { "type": "Point", "coordinates": [ 25.693289455756315, 61.592909177456235 ] } },
{ "type": "Feature", "properties": { "kp_id": "KP-02139", "tr_id": "TR-075" }, "geometry": { "type": "Point", "coordinates": [ 25.701827928974463, 61.593016865477352 ] } },
{ "type": "Feature", "properties": { "kp_id": "KP-02140", "tr_id": "TR-123" }, "geometry": { "type": "Point", "coordinates": [ 25.731720584328045, 61.593313837152508 ] } },
{ "type": "Feature", "properties": { "kp_id": "KP-02141", "tr_id": "TR-075" }, "geometry": { "type": "Point", "coordinates": [ 25.696937631594711, 61.592993927092671 ] } },
{ "type": "Feature", "properties": { "kp_id": "KP-02142", "tr_id": "TR-110" }, "geometry": { "type": "Point", "coordinates": [ 25.757286357359124, 61.593573458628228 ] } },
{ "type": "Feature", "properties": { "kp_id": "KP-02143", "tr_id": "TR-002" }, "geometry": { "type": "Point", "coordinates": [ 25.716561256741116, 61.593387644379568 ] } },
{ "type": "Feature", "properties": { "kp_id": "KP-02144", "tr_id": "TR-002" }, "geometry": { "type": "Point", "coordinates": [ 25.716442760082366, 61.593387428683357 ] } },
{ "type": "Feature", "properties": { "kp_id": "KP-02145", "tr_id": "TR-043" }, "geometry": { "type": "Point", "coordinates": [ 25.569459400660826, 61.591933281302758 ] } },
{ "type": "Feature", "properties": { "kp_id": "KP-02146", "tr_id": "TR-075" }, "geometry": { "type": "Point", "coordinates": [ 25.681620850967235, 61.593083482911759 ] } },
{ "type": "Feature", "properties": { "kp_id": "KP-02147", "tr_id": "TR-123" }, "geometry": { "type": "Point", "coordinates": [ 25.73554930189815, 61.593658024654793 ] } },
{ "type": "Feature", "properties": { "kp_id": "KP-02148", "tr_id": "TR-110" }, "geometry": { "type": "Point", "coordinates": [ 25.747022114653507, 61.593788558430887 ] } },
{ "type": "Feature", "properties": { "kp_id": "KP-02149", "tr_id": "TR-043" }, "geometry": { "type": "Point", "coordinates": [ 25.552957536519493, 61.591991164887723 ] } },
{ "type": "Feature", "properties": { "kp_id": "KP-02150", "tr_id": "TR-051" }, "geometry": { "type": "Point", "coordinates": [ 25.670268058541893, 61.593468660179184 ] } },
{ "type": "Feature", "properties": { "kp_id": "KP-02151", "tr_id": "TR-065" }, "geometry": { "type": "Point", "coordinates": [ 25.630444418865466, 61.593111245653596 ] } },
{ "type": "Feature", "properties": { "kp_id": "KP-02152", "tr_id": "TR-065" }, "geometry": { "type": "Point", "coordinates": [ 25.620230645314557, 61.593048577228451 ] } },
{ "type": "Feature", "properties": { "kp_id": "KP-02153", "tr_id": "TR-065" }, "geometry": { "type": "Point", "coordinates": [ 25.63207847848502, 61.593228120031313 ] } },
{ "type": "Feature", "properties": { "kp_id": "KP-02154", "tr_id": "TR-123" }, "geometry": { "type": "Point", "coordinates": [ 25.739641412807828, 61.594297483484063 ] } },
{ "type": "Feature", "properties": { "kp_id": "KP-02155", "tr_id": "TR-043" }, "geometry": { "type": "Point", "coordinates": [ 25.567678514648961, 61.59269899604444 ] } },
{ "type": "Feature", "properties": { "kp_id": "KP-02156", "tr_id": "TR-110" }, "geometry": { "type": "Point", "coordinates": [ 25.750944915617186, 61.594766541246457 ] } },
{ "type": "Feature", "properties": { "kp_id": "KP-02157", "tr_id": "TR-002" }, "geometry": { "type": "Point", "coordinates": [ 25.720090658049354, 61.594516064808886 ] } },
{ "type": "Feature", "properties": { "kp_id": "KP-02158", "tr_id": "TR-110" }, "geometry": { "type": "Point", "coordinates": [ 25.748896823144225, 61.594830171602538 ] } },
{ "type": "Feature", "properties": { "kp_id": "KP-02159", "tr_id": "TR-106" }, "geometry": { "type": "Point", "coordinates": [ 25.808957502208592, 61.595413332747206 ] } },
{ "type": "Feature", "properties": { "kp_id": "KP-02160", "tr_id": "TR-002" }, "geometry": { "type": "Point", "coordinates": [ 25.717785052486729, 61.594833141612249 ] } },
{ "type": "Feature", "properties": { "kp_id": "KP-02161", "tr_id": "TR-110" }, "geometry": { "type": "Point", "coordinates": [ 25.746047962118052, 61.595213066473505 ] } },
{ "type": "Feature", "properties": { "kp_id": "KP-02162", "tr_id": "TR-002" }, "geometry": { "type": "Point", "coordinates": [ 25.711216802962856, 61.595049303886036 ] } },
{ "type": "Feature", "properties": { "kp_id": "KP-02163", "tr_id": "TR-123" }, "geometry": { "type": "Point", "coordinates": [ 25.740607386186994, 61.59545805728299 ] } },
{ "type": "Feature", "properties": { "kp_id": "KP-02164", "tr_id": "TR-075" }, "geometry": { "type": "Point", "coordinates": [ 25.694016819834378, 61.595065072667481 ] } },
{ "type": "Feature", "properties": { "kp_id": "KP-02165", "tr_id": "TR-075" }, "geometry": { "type": "Point", "coordinates": [ 25.68291056364907, 61.595053492867756 ] } },
{ "type": "Feature", "properties": { "kp_id": "KP-02166", "tr_id": "TR-110" }, "geometry": { "type": "Point", "coordinates": [ 25.745280541241033, 61.595702368973186 ] } },
{ "type": "Feature", "properties": { "kp_id": "KP-02167", "tr_id": "TR-043" }, "geometry": { "type": "Point", "coordinates": [ 25.565273175915692, 61.593970495831513 ] } },
{ "type": "Feature", "properties": { "kp_id": "KP-02168", "tr_id": "TR-106" }, "geometry": { "type": "Point", "coordinates": [ 25.815141422925869, 61.596679413723926 ] } },
{ "type": "Feature", "properties": { "kp_id": "KP-02169", "tr_id": "TR-070" }, "geometry": { "type": "Point", "coordinates": [ 25.843860912095668, 61.597027059968902 ] } },
{ "type": "Feature", "properties": { "kp_id": "KP-02170", "tr_id": "TR-070" }, "geometry": { "type": "Point", "coordinates": [ 25.84153262079694, 61.59717924591704 ] } },
{ "type": "Feature", "properties": { "kp_id": "KP-02171", "tr_id": "TR-065" }, "geometry": { "type": "Point", "coordinates": [ 25.598391394314252, 61.595027230327069 ] } },
{ "type": "Feature", "properties": { "kp_id": "KP-02172", "tr_id": "TR-043" }, "geometry": { "type": "Point", "coordinates": [ 25.563161569053182, 61.594831142354913 ] } },
{ "type": "Feature", "properties": { "kp_id": "KP-02173", "tr_id": "TR-070" }, "geometry": { "type": "Point", "coordinates": [ 25.833220341812616, 61.597473504970537 ] } },
{ "type": "Feature", "properties": { "kp_id": "KP-02174", "tr_id": "TR-106" }, "geometry": { "type": "Point", "coordinates": [ 25.818811069515728, 61.597444534980482 ] } },
{ "type": "Feature", "properties": { "kp_id": "KP-02175", "tr_id": "TR-002" }, "geometry": { "type": "Point", "coordinates": [ 25.71221958409383, 61.596484049140166 ] } },
{ "type": "Feature", "properties": { "kp_id": "KP-02176", "tr_id": "TR-002" }, "geometry": { "type": "Point", "coordinates": [ 25.716585664493383, 61.596603667640196 ] } },
{ "type": "Feature", "properties": { "kp_id": "KP-02177", "tr_id": "TR-110" }, "geometry": { "type": "Point", "coordinates": [ 25.74655583721697, 61.596957746126911 ] } },
{ "type": "Feature", "properties": { "kp_id": "KP-02178", "tr_id": "TR-032" }, "geometry": { "type": "Point", "coordinates": [ 25.6676314792422, 61.596289276496918 ] } },
{ "type": "Feature", "properties": { "kp_id": "KP-02179", "tr_id": "TR-065" }, "geometry": { "type": "Point", "coordinates": [ 25.611520577394412, 61.595985701406505 ] } },
{ "type": "Feature", "properties": { "kp_id": "KP-02180", "tr_id": "TR-002" }, "geometry": { "type": "Point", "coordinates": [ 25.719756188288962, 61.59709042361844 ] } },
{ "type": "Feature", "properties": { "kp_id": "KP-02181", "tr_id": "TR-124" }, "geometry": { "type": "Point", "coordinates": [ 25.639249459536696, 61.596457857138361 ] } },
{ "type": "Feature", "properties": { "kp_id": "KP-02182", "tr_id": "TR-124" }, "geometry": { "type": "Point", "coordinates": [ 25.657061941140125, 61.597184602332121 ] } },
{ "type": "Feature", "properties": { "kp_id": "KP-02183", "tr_id": "TR-070" }, "geometry": { "type": "Point", "coordinates": [ 25.849649544112644, 61.599218076645982 ] } },
{ "type": "Feature", "properties": { "kp_id": "KP-02184", "tr_id": "TR-002" }, "geometry": { "type": "Point", "coordinates": [ 25.714645498649158, 61.598122930741887 ] } },
{ "type": "Feature", "properties": { "kp_id": "KP-02185", "tr_id": "TR-002" }, "geometry": { "type": "Point", "coordinates": [ 25.718019235801748, 61.598203266649811 ] } },
{ "type": "Feature", "properties": { "kp_id": "KP-02186", "tr_id": "TR-043" }, "geometry": { "type": "Point", "coordinates": [ 25.555876330395549, 61.596636708163416 ] } },
{ "type": "Feature", "properties": { "kp_id": "KP-02187", "tr_id": "TR-002" }, "geometry": { "type": "Point", "coordinates": [ 25.731743588613067, 61.598422322056798 ] } },
{ "type": "Feature", "properties": { "kp_id": "KP-02188", "tr_id": "TR-110" }, "geometry": { "type": "Point", "coordinates": [ 25.764908140329315, 61.598758905521549 ] } },
{ "type": "Feature", "properties": { "kp_id": "KP-02189", "tr_id": "TR-065" }, "geometry": { "type": "Point", "coordinates": [ 25.609572307137949, 61.597435771046946 ] } },
{ "type": "Feature", "properties": { "kp_id": "KP-02190", "tr_id": "TR-002" }, "geometry": { "type": "Point", "coordinates": [ 25.705120728342187, 61.598525613846043 ] } },
{ "type": "Feature", "properties": { "kp_id": "KP-02191", "tr_id": "TR-002" }, "geometry": { "type": "Point", "coordinates": [ 25.726482033903338, 61.598932961012942 ] } },
{ "type": "Feature", "properties": { "kp_id": "KP-02192", "tr_id": "TR-043" }, "geometry": { "type": "Point", "coordinates": [ 25.552588260094655, 61.597364153942749 ] } },
{ "type": "Feature", "properties": { "kp_id": "KP-02193", "tr_id": "TR-002" }, "geometry": { "type": "Point", "coordinates": [ 25.734892284249167, 61.599179763383383 ] } },
{ "type": "Feature", "properties": { "kp_id": "KP-02194", "tr_id": "TR-110" }, "geometry": { "type": "Point", "coordinates": [ 25.765637792555985, 61.599678190958429 ] } },
{ "type": "Feature", "properties": { "kp_id": "KP-02195", "tr_id": "TR-043" }, "geometry": { "type": "Point", "coordinates": [ 25.554438760269562, 61.597629293580347 ] } },
{ "type": "Feature", "properties": { "kp_id": "KP-02196", "tr_id": "TR-124" }, "geometry": { "type": "Point", "coordinates": [ 25.631293456056987, 61.598598614622624 ] } },
{ "type": "Feature", "properties": { "kp_id": "KP-02197", "tr_id": "TR-002" }, "geometry": { "type": "Point", "coordinates": [ 25.716012500535147, 61.599434952720983 ] } },
{ "type": "Feature", "properties": { "kp_id": "KP-02198", "tr_id": "TR-002" }, "geometry": { "type": "Point", "coordinates": [ 25.708859039467242, 61.599589852954324 ] } },
{ "type": "Feature", "properties": { "kp_id": "KP-02199", "tr_id": "TR-002" }, "geometry": { "type": "Point", "coordinates": [ 25.724232104058355, 61.599843428377881 ] } },
{ "type": "Feature", "properties": { "kp_id": "KP-02200", "tr_id": "TR-002" }, "geometry": { "type": "Point", "coordinates": [ 25.7227877401493, 61.600167087687034 ] } },
{ "type": "Feature", "properties": { "kp_id": "KP-02201", "tr_id": "TR-032" }, "geometry": { "type": "Point", "coordinates": [ 25.660133649710161, 61.599757232955085 ] } },
{ "type": "Feature", "properties": { "kp_id": "KP-02202", "tr_id": "TR-043" }, "geometry": { "type": "Point", "coordinates": [ 25.549770808436101, 61.598651874568006 ] } },
{ "type": "Feature", "properties": { "kp_id": "KP-02203", "tr_id": "TR-070" }, "geometry": { "type": "Point", "coordinates": [ 25.85116227535293, 61.601532166824406 ] } },
{ "type": "Feature", "properties": { "kp_id": "KP-02204", "tr_id": "TR-043" }, "geometry": { "type": "Point", "coordinates": [ 25.552572682525124, 61.598745439407516 ] } },
{ "type": "Feature", "properties": { "kp_id": "KP-02205", "tr_id": "TR-106" }, "geometry": { "type": "Point", "coordinates": [ 25.802219382922129, 61.601253067188281 ] } },
{ "type": "Feature", "properties": { "kp_id": "KP-02206", "tr_id": "TR-002" }, "geometry": { "type": "Point", "coordinates": [ 25.721196688597878, 61.600571872581746 ] } },
{ "type": "Feature", "properties": { "kp_id": "KP-02207", "tr_id": "TR-002" }, "geometry": { "type": "Point", "coordinates": [ 25.719052363143035, 61.600658241072693 ] } },
{ "type": "Feature", "properties": { "kp_id": "KP-02208", "tr_id": "TR-070" }, "geometry": { "type": "Point", "coordinates": [ 25.840722464845086, 61.601861229663669 ] } },
{ "type": "Feature", "properties": { "kp_id": "KP-02209", "tr_id": "TR-002" }, "geometry": { "type": "Point", "coordinates": [ 25.72097407930184, 61.600813984622995 ] } },
{ "type": "Feature", "properties": { "kp_id": "KP-02210", "tr_id": "TR-043" }, "geometry": { "type": "Point", "coordinates": [ 25.557250862970896, 61.599419771142671 ] } },
{ "type": "Feature", "properties": { "kp_id": "KP-02211", "tr_id": "TR-065" }, "geometry": { "type": "Point", "coordinates": [ 25.606550261594833, 61.599933213053589 ] } },
{ "type": "Feature", "properties": { "kp_id": "KP-02212", "tr_id": "TR-002" }, "geometry": { "type": "Point", "coordinates": [ 25.714526156427272, 61.60109575418042 ] } },
{ "type": "Feature", "properties": { "kp_id": "KP-02213", "tr_id": "TR-032" }, "geometry": { "type": "Point", "coordinates": [ 25.664316655170953, 61.600647456643415 ] } },
{ "type": "Feature", "properties": { "kp_id": "KP-02214", "tr_id": "TR-043" }, "geometry": { "type": "Point", "coordinates": [ 25.548865339732387, 61.599486362801507 ] } },
{ "type": "Feature", "properties": { "kp_id": "KP-02215", "tr_id": "TR-124" }, "geometry": { "type": "Point", "coordinates": [ 25.652475901489101, 61.600718182914257 ] } },
{ "type": "Feature", "properties": { "kp_id": "KP-02216", "tr_id": "TR-070" }, "geometry": { "type": "Point", "coordinates": [ 25.845988375925003, 61.602758979835428 ] } },
{ "type": "Feature", "properties": { "kp_id": "KP-02217", "tr_id": "TR-002" }, "geometry": { "type": "Point", "coordinates": [ 25.713763724289745, 61.601660153730109 ] } },
{ "type": "Feature", "properties": { "kp_id": "KP-02218", "tr_id": "TR-106" }, "geometry": { "type": "Point", "coordinates": [ 25.804271345105519, 61.602601837303006 ] } },
{ "type": "Feature", "properties": { "kp_id": "KP-02219", "tr_id": "TR-070" }, "geometry": { "type": "Point", "coordinates": [ 25.847171086409979, 61.603422196282082 ] } },
{ "type": "Feature", "properties": { "kp_id": "KP-02220", "tr_id": "TR-043" }, "geometry": { "type": "Point", "coordinates": [ 25.554122485776364, 61.60085447037067 ] } },
{ "type": "Feature", "properties": { "kp_id": "KP-02221", "tr_id": "TR-124" }, "geometry": { "type": "Point", "coordinates": [ 25.65458021360206, 61.601893132009927 ] } },
{ "type": "Feature", "properties": { "kp_id": "KP-02222", "tr_id": "TR-043" }, "geometry": { "type": "Point", "coordinates": [ 25.552811573465352, 61.601106121511002 ] } },
{ "type": "Feature", "properties": { "kp_id": "KP-02223", "tr_id": "TR-070" }, "geometry": { "type": "Point", "coordinates": [ 25.851729293945823, 61.604041817350975 ] } },
{ "type": "Feature", "properties": { "kp_id": "KP-02224", "tr_id": "TR-032" }, "geometry": { "type": "Point", "coordinates": [ 25.676262900616301, 61.602539392395528 ] } },
{ "type": "Feature", "properties": { "kp_id": "KP-02225", "tr_id": "TR-124" }, "geometry": { "type": "Point", "coordinates": [ 25.635705213590132, 61.602205960724632 ] } },
{ "type": "Feature", "properties": { "kp_id": "KP-02226", "tr_id": "TR-106" }, "geometry": { "type": "Point", "coordinates": [ 25.803015330045142, 61.603842586152687 ] } },
{ "type": "Feature", "properties": { "kp_id": "KP-02227", "tr_id": "TR-043" }, "geometry": { "type": "Point", "coordinates": [ 25.547750147710179, 61.601397719943726 ] } },
{ "type": "Feature", "properties": { "kp_id": "KP-02228", "tr_id": "TR-106" }, "geometry": { "type": "Point", "coordinates": [ 25.806406285321618, 61.603995837647439 ] } },
{ "type": "Feature", "properties": { "kp_id": "KP-02229", "tr_id": "TR-032" }, "geometry": { "type": "Point", "coordinates": [ 25.682356676890993, 61.603257272251845 ] } },
{ "type": "Feature", "properties": { "kp_id": "KP-02230", "tr_id": "TR-032" }, "geometry": { "type": "Point", "coordinates": [ 25.686127608200202, 61.603321120898102 ] } },
{ "type": "Feature", "properties": { "kp_id": "KP-02231", "tr_id": "TR-002" }, "geometry": { "type": "Point", "coordinates": [ 25.699984582756986, 61.603813262481765 ] } },
{ "type": "Feature", "properties": { "kp_id": "KP-02232", "tr_id": "TR-002" }, "geometry": { "type": "Point", "coordinates": [ 25.723389944558772, 61.604334574935521 ] } },
{ "type": "Feature", "properties": { "kp_id": "KP-02233", "tr_id": "TR-076" }, "geometry": { "type": "Point", "coordinates": [ 25.611914560646735, 61.603386443925224 ] } },
{ "type": "Feature", "properties": { "kp_id": "KP-02234", "tr_id": "TR-130" }, "geometry": { "type": "Point", "coordinates": [ 25.697225981020061, 61.604327689240186 ] } },
{ "type": "Feature", "properties": { "kp_id": "KP-02235", "tr_id": "TR-032" }, "geometry": { "type": "Point", "coordinates": [ 25.680811753297679, 61.604237482734028 ] } },
{ "type": "Feature", "properties": { "kp_id": "KP-02236", "tr_id": "TR-032" }, "geometry": { "type": "Point", "coordinates": [ 25.678196986314884, 61.604220504003329 ] } },
{ "type": "Feature", "properties": { "kp_id": "KP-02237", "tr_id": "TR-002" }, "geometry": { "type": "Point", "coordinates": [ 25.700691551591177, 61.60471286043807 ] } },
{ "type": "Feature", "properties": { "kp_id": "KP-02238", "tr_id": "TR-002" }, "geometry": { "type": "Point", "coordinates": [ 25.721364556344579, 61.604908117238644 ] } },
{ "type": "Feature", "properties": { "kp_id": "KP-02239", "tr_id": "TR-011" }, "geometry": { "type": "Point", "coordinates": [ 25.752436845460256, 61.605205013058615 ] } },
{ "type": "Feature", "properties": { "kp_id": "KP-02240", "tr_id": "TR-002" }, "geometry": { "type": "Point", "coordinates": [ 25.72341777486384, 61.605219599834442 ] } },
{ "type": "Feature", "properties": { "kp_id": "KP-02241", "tr_id": "TR-070" }, "geometry": { "type": "Point", "coordinates": [ 25.842688830972179, 61.606367995342119 ] } },
{ "type": "Feature", "properties": { "kp_id": "KP-02242", "tr_id": "TR-124" }, "geometry": { "type": "Point", "coordinates": [ 25.640615532002624, 61.604509356249629 ] } },
{ "type": "Feature", "properties": { "kp_id": "KP-02243", "tr_id": "TR-043" }, "geometry": { "type": "Point", "coordinates": [ 25.553742613503292, 61.603912319696271 ] } },
{ "type": "Feature", "properties": { "kp_id": "KP-02244", "tr_id": "TR-002" }, "geometry": { "type": "Point", "coordinates": [ 25.721516677986671, 61.605866061620588 ] } },
{ "type": "Feature", "properties": { "kp_id": "KP-02245", "tr_id": "TR-126" }, "geometry": { "type": "Point", "coordinates": [ 25.591383187125224, 61.604646821772086 ] } },
{ "type": "Feature", "properties": { "kp_id": "KP-02246", "tr_id": "TR-076" }, "geometry": { "type": "Point", "coordinates": [ 25.605378220439597, 61.604936817400464 ] } },
{ "type": "Feature", "properties": { "kp_id": "KP-02247", "tr_id": "TR-002" }, "geometry": { "type": "Point", "coordinates": [ 25.719860568913848, 61.606220148660192 ] } },
{ "type": "Feature", "properties": { "kp_id": "KP-02248", "tr_id": "TR-032" }, "geometry": { "type": "Point", "coordinates": [ 25.664955406740773, 61.605738727928653 ] } },
{ "type": "Feature", "properties": { "kp_id": "KP-02249", "tr_id": "TR-130" }, "geometry": { "type": "Point", "coordinates": [ 25.697226052316147, 61.60609033001591 ] } },
{ "type": "Feature", "properties": { "kp_id": "KP-02250", "tr_id": "TR-124" }, "geometry": { "type": "Point", "coordinates": [ 25.634907560466338, 61.60556626851227 ] } },
{ "type": "Feature", "properties": { "kp_id": "KP-02251", "tr_id": "TR-032" }, "geometry": { "type": "Point", "coordinates": [ 25.669200739116448, 61.605908240183261 ] } },
{ "type": "Feature", "properties": { "kp_id": "KP-02252", "tr_id": "TR-032" }, "geometry": { "type": "Point", "coordinates": [ 25.676897614676964, 61.606010145698598 ] } },
{ "type": "Feature", "properties": { "kp_id": "KP-02253", "tr_id": "TR-070" }, "geometry": { "type": "Point", "coordinates": [ 25.84256586271443, 61.607582538237025 ] } },
{ "type": "Feature", "properties": { "kp_id": "KP-02254", "tr_id": "TR-076" }, "geometry": { "type": "Point", "coordinates": [ 25.615256900323345, 61.605558125420572 ] } },
{ "type": "Feature", "properties": { "kp_id": "KP-02255", "tr_id": "TR-126" }, "geometry": { "type": "Point", "coordinates": [ 25.578805726679509, 61.605226300602418 ] } },
{ "type": "Feature", "properties": { "kp_id": "KP-02256", "tr_id": "TR-126" }, "geometry": { "type": "Point", "coordinates": [ 25.589790709013492, 61.605365904973951 ] } },
{ "type": "Feature", "properties": { "kp_id": "KP-02257", "tr_id": "TR-070" }, "geometry": { "type": "Point", "coordinates": [ 25.844050700495778, 61.607795615143225 ] } },
{ "type": "Feature", "properties": { "kp_id": "KP-02258", "tr_id": "TR-002" }, "geometry": { "type": "Point", "coordinates": [ 25.716705421805262, 61.606699875146809 ] } },
{ "type": "Feature", "properties": { "kp_id": "KP-02259", "tr_id": "TR-032" }, "geometry": { "type": "Point", "coordinates": [ 25.67510146562557, 61.606331533050053 ] } },
{ "type": "Feature", "properties": { "kp_id": "KP-02260", "tr_id": "TR-124" }, "geometry": { "type": "Point", "coordinates": [ 25.639944646733753, 61.606030135729874 ] } },
{ "type": "Feature", "properties": { "kp_id": "KP-02261", "tr_id": "TR-011" }, "geometry": { "type": "Point", "coordinates": [ 25.742398593006961, 61.607213706556784 ] } },
{ "type": "Feature", "properties": { "kp_id": "KP-02262", "tr_id": "TR-124" }, "geometry": { "type": "Point", "coordinates": [ 25.649390915503098, 61.606403453614718 ] } },
{ "type": "Feature", "properties": { "kp_id": "KP-02263", "tr_id": "TR-070" }, "geometry": { "type": "Point", "coordinates": [ 25.833491400982812, 61.608213282250126 ] } },
{ "type": "Feature", "properties": { "kp_id": "KP-02264", "tr_id": "TR-124" }, "geometry": { "type": "Point", "coordinates": [ 25.638111778920255, 61.606412583930499 ] } },
{ "type": "Feature", "properties": { "kp_id": "KP-02265", "tr_id": "TR-032" }, "geometry": { "type": "Point", "coordinates": [ 25.671303079123962, 61.606794155436603 ] } },
{ "type": "Feature", "properties": { "kp_id": "KP-02266", "tr_id": "TR-002" }, "geometry": { "type": "Point", "coordinates": [ 25.713882613373357, 61.607282994039203 ] } },
{ "type": "Feature", "properties": { "kp_id": "KP-02267", "tr_id": "TR-124" }, "geometry": { "type": "Point", "coordinates": [ 25.63562386119764, 61.606591893480918 ] } },
{ "type": "Feature", "properties": { "kp_id": "KP-02268", "tr_id": "TR-126" }, "geometry": { "type": "Point", "coordinates": [ 25.584806499601726, 61.606079453274077 ] } },
{ "type": "Feature", "properties": { "kp_id": "KP-02269", "tr_id": "TR-124" }, "geometry": { "type": "Point", "coordinates": [ 25.641837393325638, 61.606786920588398 ] } },
{ "type": "Feature", "properties": { "kp_id": "KP-02270", "tr_id": "TR-032" }, "geometry": { "type": "Point", "coordinates": [ 25.675466521898215, 61.607218871489437 ] } },
{ "type": "Feature", "properties": { "kp_id": "KP-02271", "tr_id": "TR-076" }, "geometry": { "type": "Point", "coordinates": [ 25.595410839824485, 61.606500801606124 ] } },
{ "type": "Feature", "properties": { "kp_id": "KP-02272", "tr_id": "TR-043" }, "geometry": { "type": "Point", "coordinates": [ 25.525108859328931, 61.605762205357124 ] } },
{ "type": "Feature", "properties": { "kp_id": "KP-02273", "tr_id": "TR-043" }, "geometry": { "type": "Point", "coordinates": [ 25.523408802280581, 61.605787326371555 ] } },
{ "type": "Feature", "properties": { "kp_id": "KP-02274", "tr_id": "TR-124" }, "geometry": { "type": "Point", "coordinates": [ 25.644000432002557, 61.607208865584965 ] } },
{ "type": "Feature", "properties": { "kp_id": "KP-02275", "tr_id": "TR-002" }, "geometry": { "type": "Point", "coordinates": [ 25.716151218381928, 61.608057386828868 ] } },
{ "type": "Feature", "properties": { "kp_id": "KP-02276", "tr_id": "TR-070" }, "geometry": { "type": "Point", "coordinates": [ 25.850533029695494, 61.609348528395451 ] } },
{ "type": "Feature", "properties": { "kp_id": "KP-02277", "tr_id": "TR-126" }, "geometry": { "type": "Point", "coordinates": [ 25.58523239869378, 61.607012448012441 ] } },
{ "type": "Feature", "properties": { "kp_id": "KP-02278", "tr_id": "TR-002" }, "geometry": { "type": "Point", "coordinates": [ 25.711598990273739, 61.608354691268843 ] } },
{ "type": "Feature", "properties": { "kp_id": "KP-02279", "tr_id": "TR-126" }, "geometry": { "type": "Point", "coordinates": [ 25.592298792257523, 61.607398561577376 ] } },
{ "type": "Feature", "properties": { "kp_id": "KP-02280", "tr_id": "TR-124" }, "geometry": { "type": "Point", "coordinates": [ 25.631930557705612, 61.607812797983371 ] } },
{ "type": "Feature", "properties": { "kp_id": "KP-02281", "tr_id": "TR-043" }, "geometry": { "type": "Point", "coordinates": [ 25.558463320840303, 61.607187097720093 ] } },
{ "type": "Feature", "properties": { "kp_id": "KP-02282", "tr_id": "TR-124" }, "geometry": { "type": "Point", "coordinates": [ 25.643486846274801, 61.608339090555567 ] } },
{ "type": "Feature", "properties": { "kp_id": "KP-02283", "tr_id": "TR-124" }, "geometry": { "type": "Point", "coordinates": [ 25.630560004314205, 61.608613660136193 ] } },
{ "type": "Feature", "properties": { "kp_id": "KP-02284", "tr_id": "TR-043" }, "geometry": { "type": "Point", "coordinates": [ 25.525185108169577, 61.60758349441582 ] } },
{ "type": "Feature", "properties": { "kp_id": "KP-02285", "tr_id": "TR-032" }, "geometry": { "type": "Point", "coordinates": [ 25.662910125879705, 61.609088283979851 ] } },
{ "type": "Feature", "properties": { "kp_id": "KP-02286", "tr_id": "TR-076" }, "geometry": { "type": "Point", "coordinates": [ 25.606968924325287, 61.608696627006935 ] } },
{ "type": "Feature", "properties": { "kp_id": "KP-02287", "tr_id": "TR-076" }, "geometry": { "type": "Point", "coordinates": [ 25.605877611941096, 61.608799140928525 ] } },
{ "type": "Feature", "properties": { "kp_id": "KP-02288", "tr_id": "TR-043" }, "geometry": { "type": "Point", "coordinates": [ 25.521520179782833, 61.607924098297772 ] } },
{ "type": "Feature", "properties": { "kp_id": "KP-02289", "tr_id": "TR-076" }, "geometry": { "type": "Point", "coordinates": [ 25.594025669184639, 61.608730512797116 ] } },
{ "type": "Feature", "properties": { "kp_id": "KP-02290", "tr_id": "TR-043" }, "geometry": { "type": "Point", "coordinates": [ 25.528305345203641, 61.608039478735265 ] } },
{ "type": "Feature", "properties": { "kp_id": "KP-02291", "tr_id": "TR-011" }, "geometry": { "type": "Point", "coordinates": [ 25.771358163898309, 61.610509501413731 ] } },
{ "type": "Feature", "properties": { "kp_id": "KP-02292", "tr_id": "TR-043" }, "geometry": { "type": "Point", "coordinates": [ 25.52708016472533, 61.608174063440593 ] } },
{ "type": "Feature", "properties": { "kp_id": "KP-02293", "tr_id": "TR-043" }, "geometry": { "type": "Point", "coordinates": [ 25.557743416248506, 61.609017039649956 ] } },
{ "type": "Feature", "properties": { "kp_id": "KP-02294", "tr_id": "TR-070" }, "geometry": { "type": "Point", "coordinates": [ 25.849513195252165, 61.611886646875803 ] } },
{ "type": "Feature", "properties": { "kp_id": "KP-02295", "tr_id": "TR-043" }, "geometry": { "type": "Point", "coordinates": [ 25.526926019911421, 61.608983287323454 ] } },
{ "type": "Feature", "properties": { "kp_id": "KP-02296", "tr_id": "TR-043" }, "geometry": { "type": "Point", "coordinates": [ 25.520626058109972, 61.608962262703159 ] } },
{ "type": "Feature", "properties": { "kp_id": "KP-02297", "tr_id": "TR-076" }, "geometry": { "type": "Point", "coordinates": [ 25.608923962201935, 61.610105717430805 ] } },
{ "type": "Feature", "properties": { "kp_id": "KP-02298", "tr_id": "TR-124" }, "geometry": { "type": "Point", "coordinates": [ 25.630196091285434, 61.610578838440844 ] } },
{ "type": "Feature", "properties": { "kp_id": "KP-02299", "tr_id": "TR-124" }, "geometry": { "type": "Point", "coordinates": [ 25.643854576196755, 61.610729560751047 ] } },
{ "type": "Feature", "properties": { "kp_id": "KP-02300", "tr_id": "TR-130" }, "geometry": { "type": "Point", "coordinates": [ 25.700188640642107, 61.611344307262748 ] } },
{ "type": "Feature", "properties": { "kp_id": "KP-02301", "tr_id": "TR-032" }, "geometry": { "type": "Point", "coordinates": [ 25.66246356450673, 61.610987239575962 ] } },
{ "type": "Feature", "properties": { "kp_id": "KP-02302", "tr_id": "TR-032" }, "geometry": { "type": "Point", "coordinates": [ 25.67267605749776, 61.611112602424008 ] } },
{ "type": "Feature", "properties": { "kp_id": "KP-02303", "tr_id": "TR-043" }, "geometry": { "type": "Point", "coordinates": [ 25.530117129014343, 61.609900264580112 ] } },
{ "type": "Feature", "properties": { "kp_id": "KP-02304", "tr_id": "TR-126" }, "geometry": { "type": "Point", "coordinates": [ 25.571692676077227, 61.610668061375272 ] } },
{ "type": "Feature", "properties": { "kp_id": "KP-02305", "tr_id": "TR-126" }, "geometry": { "type": "Point", "coordinates": [ 25.579579906022257, 61.610817872261826 ] } },
{ "type": "Feature", "properties": { "kp_id": "KP-02306", "tr_id": "TR-130" }, "geometry": { "type": "Point", "coordinates": [ 25.701522355904732, 61.612095249011553 ] } },
{ "type": "Feature", "properties": { "kp_id": "KP-02307", "tr_id": "TR-076" }, "geometry": { "type": "Point", "coordinates": [ 25.628569214256423, 61.611462640171602 ] } },
{ "type": "Feature", "properties": { "kp_id": "KP-02308", "tr_id": "TR-130" }, "geometry": { "type": "Point", "coordinates": [ 25.699167091521105, 61.612306395893533 ] } },
{ "type": "Feature", "properties": { "kp_id": "KP-02309", "tr_id": "TR-126" }, "geometry": { "type": "Point", "coordinates": [ 25.558109565136636, 61.611050829628795 ] } },
{ "type": "Feature", "properties": { "kp_id": "KP-02310", "tr_id": "TR-076" }, "geometry": { "type": "Point", "coordinates": [ 25.622052309322552, 61.61188779845925 ] } },
{ "type": "Feature", "properties": { "kp_id": "KP-02311", "tr_id": "TR-130" }, "geometry": { "type": "Point", "coordinates": [ 25.710906248723273, 61.612855513258808 ] } },
{ "type": "Feature", "properties": { "kp_id": "KP-02312", "tr_id": "TR-043" }, "geometry": { "type": "Point", "coordinates": [ 25.520808906563879, 61.610947953605333 ] } },
{ "type": "Feature", "properties": { "kp_id": "KP-02313", "tr_id": "TR-076" }, "geometry": { "type": "Point", "coordinates": [ 25.619252362009544, 61.612077575173409 ] } },
{ "type": "Feature", "properties": { "kp_id": "KP-02314", "tr_id": "TR-076" }, "geometry": { "type": "Point", "coordinates": [ 25.607924120728075, 61.611992681838785 ] } },
{ "type": "Feature", "properties": { "kp_id": "KP-02315", "tr_id": "TR-130" }, "geometry": { "type": "Point", "coordinates": [ 25.700374539155, 61.613248170262459 ] } },
{ "type": "Feature", "properties": { "kp_id": "KP-02316", "tr_id": "TR-126" }, "geometry": { "type": "Point", "coordinates": [ 25.561374433259662, 61.611889702474862 ] } },
{ "type": "Feature", "properties": { "kp_id": "KP-02317", "tr_id": "TR-130" }, "geometry": { "type": "Point", "coordinates": [ 25.698068869229584, 61.613322807959449 ] } },
{ "type": "Feature", "properties": { "kp_id": "KP-02318", "tr_id": "TR-076" }, "geometry": { "type": "Point", "coordinates": [ 25.627204668083849, 61.612681891686861 ] } },
{ "type": "Feature", "properties": { "kp_id": "KP-02319", "tr_id": "TR-032" }, "geometry": { "type": "Point", "coordinates": [ 25.663719039472827, 61.61331105236718 ] } },
{ "type": "Feature", "properties": { "kp_id": "KP-02320", "tr_id": "TR-124" }, "geometry": { "type": "Point", "coordinates": [ 25.638219870315883, 61.613101254056083 ] } },
{ "type": "Feature", "properties": { "kp_id": "KP-02321", "tr_id": "TR-126" }, "geometry": { "type": "Point", "coordinates": [ 25.563930987324717, 61.612626423708726 ] } },
{ "type": "Feature", "properties": { "kp_id": "KP-02322", "tr_id": "TR-126" }, "geometry": { "type": "Point", "coordinates": [ 25.569476439081622, 61.612828945628365 ] } },
{ "type": "Feature", "properties": { "kp_id": "KP-02323", "tr_id": "TR-126" }, "geometry": { "type": "Point", "coordinates": [ 25.56664465041354, 61.612846712920714 ] } },
{ "type": "Feature", "properties": { "kp_id": "KP-02324", "tr_id": "TR-126" }, "geometry": { "type": "Point", "coordinates": [ 25.575657188615047, 61.613060698616835 ] } },
{ "type": "Feature", "properties": { "kp_id": "KP-02325", "tr_id": "TR-032" }, "geometry": { "type": "Point", "coordinates": [ 25.660801614422226, 61.61400842471204 ] } },
{ "type": "Feature", "properties": { "kp_id": "KP-02326", "tr_id": "TR-126" }, "geometry": { "type": "Point", "coordinates": [ 25.571145225477743, 61.613112220657484 ] } },
{ "type": "Feature", "properties": { "kp_id": "KP-02327", "tr_id": "TR-076" }, "geometry": { "type": "Point", "coordinates": [ 25.600599174745639, 61.613579236428656 ] } },
{ "type": "Feature", "properties": { "kp_id": "KP-02328", "tr_id": "TR-133" }, "geometry": { "type": "Point", "coordinates": [ 25.807062857140277, 61.61562297872451 ] } },
{ "type": "Feature", "properties": { "kp_id": "KP-02329", "tr_id": "TR-032" }, "geometry": { "type": "Point", "coordinates": [ 25.661999286683162, 61.614339228566827 ] } },
{ "type": "Feature", "properties": { "kp_id": "KP-02330", "tr_id": "TR-093" }, "geometry": { "type": "Point", "coordinates": [ 25.736950370524891, 61.615111106572961 ] } },
{ "type": "Feature", "properties": { "kp_id": "KP-02331", "tr_id": "TR-130" }, "geometry": { "type": "Point", "coordinates": [ 25.696029531465022, 61.614739989614741 ] } },
{ "type": "Feature", "properties": { "kp_id": "KP-02332", "tr_id": "TR-043" }, "geometry": { "type": "Point", "coordinates": [ 25.53403966628024, 61.613219209420052 ] } },
{ "type": "Feature", "properties": { "kp_id": "KP-02333", "tr_id": "TR-011" }, "geometry": { "type": "Point", "coordinates": [ 25.774033384806373, 61.615708410000686 ] } },
{ "type": "Feature", "properties": { "kp_id": "KP-02334", "tr_id": "TR-076" }, "geometry": { "type": "Point", "coordinates": [ 25.62018028985522, 61.614449972602571 ] } },
{ "type": "Feature", "properties": { "kp_id": "KP-02335", "tr_id": "TR-076" }, "geometry": { "type": "Point", "coordinates": [ 25.614935325103875, 61.614467273894107 ] } },
{ "type": "Feature", "properties": { "kp_id": "KP-02336", "tr_id": "TR-076" }, "geometry": { "type": "Point", "coordinates": [ 25.624120725940916, 61.614624481945363 ] } },
{ "type": "Feature", "properties": { "kp_id": "KP-02337", "tr_id": "TR-076" }, "geometry": { "type": "Point", "coordinates": [ 25.612064587862161, 61.615118703905956 ] } },
{ "type": "Feature", "properties": { "kp_id": "KP-02338", "tr_id": "TR-032" }, "geometry": { "type": "Point", "coordinates": [ 25.663102421415438, 61.615855944966036 ] } },
{ "type": "Feature", "properties": { "kp_id": "KP-02339", "tr_id": "TR-130" }, "geometry": { "type": "Point", "coordinates": [ 25.693565885538078, 61.616160849319208 ] } },
{ "type": "Feature", "properties": { "kp_id": "KP-02340", "tr_id": "TR-022" }, "geometry": { "type": "Point", "coordinates": [ 25.64439914759545, 61.615761094047592 ] } },
{ "type": "Feature", "properties": { "kp_id": "KP-02341", "tr_id": "TR-126" }, "geometry": { "type": "Point", "coordinates": [ 25.569494473542669, 61.615133343104198 ] } },
{ "type": "Feature", "properties": { "kp_id": "KP-02342", "tr_id": "TR-045" }, "geometry": { "type": "Point", "coordinates": [ 25.831029845152063, 61.617627063158352 ] } },
{ "type": "Feature", "properties": { "kp_id": "KP-02343", "tr_id": "TR-076" }, "geometry": { "type": "Point", "coordinates": [ 25.609909490137643, 61.615645803209162 ] } },
{ "type": "Feature", "properties": { "kp_id": "KP-02344", "tr_id": "TR-130" }, "geometry": { "type": "Point", "coordinates": [ 25.692258513771545, 61.616619210568352 ] } },
{ "type": "Feature", "properties": { "kp_id": "KP-02345", "tr_id": "TR-133" }, "geometry": { "type": "Point", "coordinates": [ 25.807656655112698, 61.617750563664814 ] } },
{ "type": "Feature", "properties": { "kp_id": "KP-02346", "tr_id": "TR-130" }, "geometry": { "type": "Point", "coordinates": [ 25.68896475957332, 61.616802036804309 ] } },
{ "type": "Feature", "properties": { "kp_id": "KP-02347", "tr_id": "TR-130" }, "geometry": { "type": "Point", "coordinates": [ 25.698945490264535, 61.61694774171756 ] } },
{ "type": "Feature", "properties": { "kp_id": "KP-02348", "tr_id": "TR-126" }, "geometry": { "type": "Point", "coordinates": [ 25.584524222339184, 61.616239350592515 ] } },
{ "type": "Feature", "properties": { "kp_id": "KP-02349", "tr_id": "TR-126" }, "geometry": { "type": "Point", "coordinates": [ 25.574600507403282, 61.61614844206099 ] } },
{ "type": "Feature", "properties": { "kp_id": "KP-02350", "tr_id": "TR-126" }, "geometry": { "type": "Point", "coordinates": [ 25.568279621552044, 61.616090117464431 ] } },
{ "type": "Feature", "properties": { "kp_id": "KP-02351", "tr_id": "TR-022" }, "geometry": { "type": "Point", "coordinates": [ 25.647527313253605, 61.616957987641477 ] } },
{ "type": "Feature", "properties": { "kp_id": "KP-02352", "tr_id": "TR-133" }, "geometry": { "type": "Point", "coordinates": [ 25.802040461168772, 61.618408135817582 ] } },
{ "type": "Feature", "properties": { "kp_id": "KP-02353", "tr_id": "TR-032" }, "geometry": { "type": "Point", "coordinates": [ 25.666441087565516, 61.617196838041707 ] } },
{ "type": "Feature", "properties": { "kp_id": "KP-02354", "tr_id": "TR-045" }, "geometry": { "type": "Point", "coordinates": [ 25.844740254259246, 61.61930927141303 ] } },
{ "type": "Feature", "properties": { "kp_id": "KP-02355", "tr_id": "TR-076" }, "geometry": { "type": "Point", "coordinates": [ 25.609743564790257, 61.617122695195249 ] } },
{ "type": "Feature", "properties": { "kp_id": "KP-02356", "tr_id": "TR-011" }, "geometry": { "type": "Point", "coordinates": [ 25.762622411802361, 61.618642048972688 ] } },
{ "type": "Feature", "properties": { "kp_id": "KP-02357", "tr_id": "TR-126" }, "geometry": { "type": "Point", "coordinates": [ 25.568132270712653, 61.617065113888778 ] } },
{ "type": "Feature", "properties": { "kp_id": "KP-02358", "tr_id": "TR-130" }, "geometry": { "type": "Point", "coordinates": [ 25.691245396486362, 61.618469862341065 ] } },
{ "type": "Feature", "properties": { "kp_id": "KP-02359", "tr_id": "TR-005" }, "geometry": { "type": "Point", "coordinates": [ 25.59279688943656, 61.617736021418978 ] } },
{ "type": "Feature", "properties": { "kp_id": "KP-02360", "tr_id": "TR-130" }, "geometry": { "type": "Point", "coordinates": [ 25.689343145689641, 61.61875496292781 ] } },
{ "type": "Feature", "properties": { "kp_id": "KP-02361", "tr_id": "TR-126" }, "geometry": { "type": "Point", "coordinates": [ 25.576014466124118, 61.617814880398797 ] } },
{ "type": "Feature", "properties": { "kp_id": "KP-02362", "tr_id": "TR-076" }, "geometry": { "type": "Point", "coordinates": [ 25.607356302946936, 61.61819667424632 ] } },
{ "type": "Feature", "properties": { "kp_id": "KP-02363", "tr_id": "TR-126" }, "geometry": { "type": "Point", "coordinates": [ 25.570555194660376, 61.618182396706615 ] } },
{ "type": "Feature", "properties": { "kp_id": "KP-02364", "tr_id": "TR-133" }, "geometry": { "type": "Point", "coordinates": [ 25.811458642454227, 61.620529172276754 ] } },
{ "type": "Feature", "properties": { "kp_id": "KP-02365", "tr_id": "TR-093" }, "geometry": { "type": "Point", "coordinates": [ 25.735769840731955, 61.61990485621304 ] } },
{ "type": "Feature", "properties": { "kp_id": "KP-02366", "tr_id": "TR-126" }, "geometry": { "type": "Point", "coordinates": [ 25.574461571276373, 61.618835630498552 ] } },
{ "type": "Feature", "properties": { "kp_id": "KP-02367", "tr_id": "TR-126" }, "geometry": { "type": "Point", "coordinates": [ 25.573698811706507, 61.618962947115257 ] } },
{ "type": "Feature", "properties": { "kp_id": "KP-02368", "tr_id": "TR-005" }, "geometry": { "type": "Point", "coordinates": [ 25.577931199884873, 61.619314186061338 ] } },
{ "type": "Feature", "properties": { "kp_id": "KP-02369", "tr_id": "TR-005" }, "geometry": { "type": "Point", "coordinates": [ 25.605240409385587, 61.619696446349025 ] } },
{ "type": "Feature", "properties": { "kp_id": "KP-02370", "tr_id": "TR-126" }, "geometry": { "type": "Point", "coordinates": [ 25.573197874739027, 61.619397211507412 ] } },
{ "type": "Feature", "properties": { "kp_id": "KP-02371", "tr_id": "TR-005" }, "geometry": { "type": "Point", "coordinates": [ 25.595449993352858, 61.619674420888138 ] } },
{ "type": "Feature", "properties": { "kp_id": "KP-02372", "tr_id": "TR-126" }, "geometry": { "type": "Point", "coordinates": [ 25.571100297537921, 61.619560469270397 ] } },
{ "type": "Feature", "properties": { "kp_id": "KP-02373", "tr_id": "TR-093" }, "geometry": { "type": "Point", "coordinates": [ 25.736265627399774, 61.621231663266684 ] } },
{ "type": "Feature", "properties": { "kp_id": "KP-02374", "tr_id": "TR-022" }, "geometry": { "type": "Point", "coordinates": [ 25.64935082170998, 61.620479771681183 ] } },
{ "type": "Feature", "properties": { "kp_id": "KP-02375", "tr_id": "TR-022" }, "geometry": { "type": "Point", "coordinates": [ 25.651887749188415, 61.620530395689393 ] } },
{ "type": "Feature", "properties": { "kp_id": "KP-02376", "tr_id": "TR-093" }, "geometry": { "type": "Point", "coordinates": [ 25.732836926039955, 61.62133106389475 ] } },
{ "type": "Feature", "properties": { "kp_id": "KP-02377", "tr_id": "TR-005" }, "geometry": { "type": "Point", "coordinates": [ 25.589796711034261, 61.620058537694518 ] } },
{ "type": "Feature", "properties": { "kp_id": "KP-02378", "tr_id": "TR-005" }, "geometry": { "type": "Point", "coordinates": [ 25.595544405879497, 61.620445511917694 ] } },
{ "type": "Feature", "properties": { "kp_id": "KP-02379", "tr_id": "TR-005" }, "geometry": { "type": "Point", "coordinates": [ 25.591360047517103, 61.620422103797438 ] } },
{ "type": "Feature", "properties": { "kp_id": "KP-02380", "tr_id": "TR-005" }, "geometry": { "type": "Point", "coordinates": [ 25.58673617654614, 61.62046223714534 ] } },
{ "type": "Feature", "properties": { "kp_id": "KP-02381", "tr_id": "TR-045" }, "geometry": { "type": "Point", "coordinates": [ 25.838170256013345, 61.622906329949025 ] } },
{ "type": "Feature", "properties": { "kp_id": "KP-02382", "tr_id": "TR-064" }, "geometry": { "type": "Point", "coordinates": [ 25.683302943839482, 61.621568525365916 ] } },
{ "type": "Feature", "properties": { "kp_id": "KP-02383", "tr_id": "TR-005" }, "geometry": { "type": "Point", "coordinates": [ 25.576020339567474, 61.620565083522209 ] } },
{ "type": "Feature", "properties": { "kp_id": "KP-02384", "tr_id": "TR-005" }, "geometry": { "type": "Point", "coordinates": [ 25.602782368114955, 61.620856965615154 ] } },
{ "type": "Feature", "properties": { "kp_id": "KP-02385", "tr_id": "TR-005" }, "geometry": { "type": "Point", "coordinates": [ 25.584507102681201, 61.6208527936422 ] } },
{ "type": "Feature", "properties": { "kp_id": "KP-02386", "tr_id": "TR-005" }, "geometry": { "type": "Point", "coordinates": [ 25.586929471609956, 61.621126727507402 ] } },
{ "type": "Feature", "properties": { "kp_id": "KP-02387", "tr_id": "TR-005" }, "geometry": { "type": "Point", "coordinates": [ 25.583233277779989, 61.621400180896096 ] } },
{ "type": "Feature", "properties": { "kp_id": "KP-02388", "tr_id": "TR-005" }, "geometry": { "type": "Point", "coordinates": [ 25.575366824430972, 61.621325323518192 ] } },
{ "type": "Feature", "properties": { "kp_id": "KP-02389", "tr_id": "TR-005" }, "geometry": { "type": "Point", "coordinates": [ 25.588980139813778, 61.621484536173242 ] } },
{ "type": "Feature", "properties": { "kp_id": "KP-02390", "tr_id": "TR-005" }, "geometry": { "type": "Point", "coordinates": [ 25.578654144777463, 61.62140410363051 ] } },
{ "type": "Feature", "properties": { "kp_id": "KP-02391", "tr_id": "TR-005" }, "geometry": { "type": "Point", "coordinates": [ 25.580376295459192, 61.621527474750522 ] } },
{ "type": "Feature", "properties": { "kp_id": "KP-02392", "tr_id": "TR-093" }, "geometry": { "type": "Point", "coordinates": [ 25.728461419945354, 61.623040585983063 ] } },
{ "type": "Feature", "properties": { "kp_id": "KP-02393", "tr_id": "TR-005" }, "geometry": { "type": "Point", "coordinates": [ 25.576696415448989, 61.621554821813625 ] } },
{ "type": "Feature", "properties": { "kp_id": "KP-02394", "tr_id": "TR-005" }, "geometry": { "type": "Point", "coordinates": [ 25.587956312401879, 61.621751014091863 ] } },
{ "type": "Feature", "properties": { "kp_id": "KP-02395", "tr_id": "TR-045" }, "geometry": { "type": "Point", "coordinates": [ 25.833858524054673, 61.624260896742669 ] } },
{ "type": "Feature", "properties": { "kp_id": "KP-02396", "tr_id": "TR-045" }, "geometry": { "type": "Point", "coordinates": [ 25.846576902655766, 61.624377292143187 ] } },
{ "type": "Feature", "properties": { "kp_id": "KP-02397", "tr_id": "TR-064" }, "geometry": { "type": "Point", "coordinates": [ 25.681396243996083, 61.622887220767225 ] } },
{ "type": "Feature", "properties": { "kp_id": "KP-02398", "tr_id": "TR-045" }, "geometry": { "type": "Point", "coordinates": [ 25.830254766650125, 61.62427204957536 ] } },
{ "type": "Feature", "properties": { "kp_id": "KP-02399", "tr_id": "TR-045" }, "geometry": { "type": "Point", "coordinates": [ 25.845181309425548, 61.624449575882139 ] } },
{ "type": "Feature", "properties": { "kp_id": "KP-02400", "tr_id": "TR-045" }, "geometry": { "type": "Point", "coordinates": [ 25.835497853943121, 61.624371860188432 ] } },
{ "type": "Feature", "properties": { "kp_id": "KP-02401", "tr_id": "TR-005" }, "geometry": { "type": "Point", "coordinates": [ 25.58500753285972, 61.622017797643366 ] } },
{ "type": "Feature", "properties": { "kp_id": "KP-02402", "tr_id": "TR-022" }, "geometry": { "type": "Point", "coordinates": [ 25.65677237775882, 61.622775802446633 ] } },
{ "type": "Feature", "properties": { "kp_id": "KP-02403", "tr_id": "TR-093" }, "geometry": { "type": "Point", "coordinates": [ 25.734059613203634, 61.623559976314105 ] } },
{ "type": "Feature", "properties": { "kp_id": "KP-02404", "tr_id": "TR-005" }, "geometry": { "type": "Point", "coordinates": [ 25.593751633382766, 61.622209068920739 ] } },
{ "type": "Feature", "properties": { "kp_id": "KP-02405", "tr_id": "TR-093" }, "geometry": { "type": "Point", "coordinates": [ 25.736564732798399, 61.623604130427736 ] } },
{ "type": "Feature", "properties": { "kp_id": "KP-02406", "tr_id": "TR-022" }, "geometry": { "type": "Point", "coordinates": [ 25.651021884269898, 61.62279272405641 ] } },
{ "type": "Feature", "properties": { "kp_id": "KP-02407", "tr_id": "TR-045" }, "geometry": { "type": "Point", "coordinates": [ 25.841063763390242, 61.624575341257867 ] } },
{ "type": "Feature", "properties": { "kp_id": "KP-02408", "tr_id": "TR-005" }, "geometry": { "type": "Point", "coordinates": [ 25.581309937803852, 61.622315503927148 ] } },
{ "type": "Feature", "properties": { "kp_id": "KP-02409", "tr_id": "TR-093" }, "geometry": { "type": "Point", "coordinates": [ 25.759257533626332, 61.624134577020484 ] } },
{ "type": "Feature", "properties": { "kp_id": "KP-02410", "tr_id": "TR-045" }, "geometry": { "type": "Point", "coordinates": [ 25.842979204638933, 61.624871279143932 ] } },
{ "type": "Feature", "properties": { "kp_id": "KP-02411", "tr_id": "TR-005" }, "geometry": { "type": "Point", "coordinates": [ 25.586174170747594, 61.622636902269804 ] } },
{ "type": "Feature", "properties": { "kp_id": "KP-02412", "tr_id": "TR-005" }, "geometry": { "type": "Point", "coordinates": [ 25.582281201274011, 61.622644703000248 ] } },
{ "type": "Feature", "properties": { "kp_id": "KP-02413", "tr_id": "TR-133" }, "geometry": { "type": "Point", "coordinates": [ 25.798849930513892, 61.624979172339195 ] } },
{ "type": "Feature", "properties": { "kp_id": "KP-02414", "tr_id": "TR-005" }, "geometry": { "type": "Point", "coordinates": [ 25.596443720743657, 61.623085465425582 ] } },
{ "type": "Feature", "properties": { "kp_id": "KP-02415", "tr_id": "TR-064" }, "geometry": { "type": "Point", "coordinates": [ 25.680136684098812, 61.623935004060549 ] } },
{ "type": "Feature", "properties": { "kp_id": "KP-02416", "tr_id": "TR-045" }, "geometry": { "type": "Point", "coordinates": [ 25.864969936762865, 61.625682185737887 ] } },
{ "type": "Feature", "properties": { "kp_id": "KP-02417", "tr_id": "TR-022" }, "geometry": { "type": "Point", "coordinates": [ 25.650025665417971, 61.623892162380628 ] } },
{ "type": "Feature", "properties": { "kp_id": "KP-02418", "tr_id": "TR-045" }, "geometry": { "type": "Point", "coordinates": [ 25.869380151326798, 61.625927457889368 ] } },
{ "type": "Feature", "properties": { "kp_id": "KP-02419", "tr_id": "TR-045" }, "geometry": { "type": "Point", "coordinates": [ 25.837725589045796, 61.625669838743534 ] } },
{ "type": "Feature", "properties": { "kp_id": "KP-02420", "tr_id": "TR-093" }, "geometry": { "type": "Point", "coordinates": [ 25.722260963675449, 61.624861577778667 ] } },
{ "type": "Feature", "properties": { "kp_id": "KP-02421", "tr_id": "TR-130" }, "geometry": { "type": "Point", "coordinates": [ 25.707793193377839, 61.624856860233784 ] } },
{ "type": "Feature", "properties": { "kp_id": "KP-02422", "tr_id": "TR-133" }, "geometry": { "type": "Point", "coordinates": [ 25.826207022280695, 61.626069144182658 ] } },
{ "type": "Feature", "properties": { "kp_id": "KP-02423", "tr_id": "TR-022" }, "geometry": { "type": "Point", "coordinates": [ 25.647300356476556, 61.624462681624721 ] } },
{ "type": "Feature", "properties": { "kp_id": "KP-02424", "tr_id": "TR-093" }, "geometry": { "type": "Point", "coordinates": [ 25.715619491713479, 61.62517344574524 ] } },
{ "type": "Feature", "properties": { "kp_id": "KP-02425", "tr_id": "TR-133" }, "geometry": { "type": "Point", "coordinates": [ 25.799255250937112, 61.625984057042885 ] } },
{ "type": "Feature", "properties": { "kp_id": "KP-02426", "tr_id": "TR-133" }, "geometry": { "type": "Point", "coordinates": [ 25.82321294210896, 61.626600063121316 ] } },
{ "type": "Feature", "properties": { "kp_id": "KP-02427", "tr_id": "TR-022" }, "geometry": { "type": "Point", "coordinates": [ 25.645262774993459, 61.625440082822706 ] } },
{ "type": "Feature", "properties": { "kp_id": "KP-02428", "tr_id": "TR-064" }, "geometry": { "type": "Point", "coordinates": [ 25.701438391589274, 61.626111468865297 ] } },
{ "type": "Feature", "properties": { "kp_id": "KP-02429", "tr_id": "TR-022" }, "geometry": { "type": "Point", "coordinates": [ 25.646779675814951, 61.625624923643826 ] } },
{ "type": "Feature", "properties": { "kp_id": "KP-02430", "tr_id": "TR-133" }, "geometry": { "type": "Point", "coordinates": [ 25.819104241504519, 61.627482096559234 ] } },
{ "type": "Feature", "properties": { "kp_id": "KP-02431", "tr_id": "TR-133" }, "geometry": { "type": "Point", "coordinates": [ 25.815079192597409, 61.627503032894843 ] } },
{ "type": "Feature", "properties": { "kp_id": "KP-02432", "tr_id": "TR-133" }, "geometry": { "type": "Point", "coordinates": [ 25.817614373099161, 61.627698520976651 ] } },
{ "type": "Feature", "properties": { "kp_id": "KP-02433", "tr_id": "TR-064" }, "geometry": { "type": "Point", "coordinates": [ 25.695650525532454, 61.626797905967877 ] } },
{ "type": "Feature", "properties": { "kp_id": "KP-02434", "tr_id": "TR-133" }, "geometry": { "type": "Point", "coordinates": [ 25.81504914210652, 61.628355160977456 ] } },
{ "type": "Feature", "properties": { "kp_id": "KP-02435", "tr_id": "TR-022" }, "geometry": { "type": "Point", "coordinates": [ 25.640486673189375, 61.626757479035284 ] } },
{ "type": "Feature", "properties": { "kp_id": "KP-02436", "tr_id": "TR-064" }, "geometry": { "type": "Point", "coordinates": [ 25.674151020578847, 61.627158093883793 ] } },
{ "type": "Feature", "properties": { "kp_id": "KP-02437", "tr_id": "TR-022" }, "geometry": { "type": "Point", "coordinates": [ 25.638139040013325, 61.626853291431729 ] } },
{ "type": "Feature", "properties": { "kp_id": "KP-02438", "tr_id": "TR-045" }, "geometry": { "type": "Point", "coordinates": [ 25.84293293116885, 61.628945440817851 ] } },
{ "type": "Feature", "properties": { "kp_id": "KP-02439", "tr_id": "TR-005" }, "geometry": { "type": "Point", "coordinates": [ 25.603399320098937, 61.626732748559434 ] } },
{ "type": "Feature", "properties": { "kp_id": "KP-02440", "tr_id": "TR-133" }, "geometry": { "type": "Point", "coordinates": [ 25.821698065055003, 61.628830771191538 ] } },
{ "type": "Feature", "properties": { "kp_id": "KP-02441", "tr_id": "TR-022" }, "geometry": { "type": "Point", "coordinates": [ 25.63672606970535, 61.627410615896309 ] } },
{ "type": "Feature", "properties": { "kp_id": "KP-02442", "tr_id": "TR-133" }, "geometry": { "type": "Point", "coordinates": [ 25.807881967866045, 61.629304038406765 ] } },
{ "type": "Feature", "properties": { "kp_id": "KP-02443", "tr_id": "TR-022" }, "geometry": { "type": "Point", "coordinates": [ 25.633974342901798, 61.628023307985046 ] } },
{ "type": "Feature", "properties": { "kp_id": "KP-02444", "tr_id": "TR-136" }, "geometry": { "type": "Point", "coordinates": [ 25.774458275241699, 61.629460726905492 ] } },
{ "type": "Feature", "properties": { "kp_id": "KP-02445", "tr_id": "TR-133" }, "geometry": { "type": "Point", "coordinates": [ 25.805915460294347, 61.629747014672624 ] } },
{ "type": "Feature", "properties": { "kp_id": "KP-02446", "tr_id": "TR-064" }, "geometry": { "type": "Point", "coordinates": [ 25.674737130248456, 61.628669780879683 ] } },
{ "type": "Feature", "properties": { "kp_id": "KP-02447", "tr_id": "TR-005" }, "geometry": { "type": "Point", "coordinates": [ 25.59354398422656, 61.628139734266384 ] } },
{ "type": "Feature", "properties": { "kp_id": "KP-02448", "tr_id": "TR-133" }, "geometry": { "type": "Point", "coordinates": [ 25.819682035817369, 61.630440690890566 ] } },
{ "type": "Feature", "properties": { "kp_id": "KP-02449", "tr_id": "TR-045" }, "geometry": { "type": "Point", "coordinates": [ 25.838905542968437, 61.6309966815301 ] } },
{ "type": "Feature", "properties": { "kp_id": "KP-02450", "tr_id": "TR-136" }, "geometry": { "type": "Point", "coordinates": [ 25.775460248977666, 61.630533931596148 ] } },
{ "type": "Feature", "properties": { "kp_id": "KP-02451", "tr_id": "TR-133" }, "geometry": { "type": "Point", "coordinates": [ 25.813754843923238, 61.630990720993829 ] } },
{ "type": "Feature", "properties": { "kp_id": "KP-02452", "tr_id": "TR-093" }, "geometry": { "type": "Point", "coordinates": [ 25.73533090028219, 61.630318245197884 ] } },
{ "type": "Feature", "properties": { "kp_id": "KP-02453", "tr_id": "TR-064" }, "geometry": { "type": "Point", "coordinates": [ 25.67575586920891, 61.629979744586997 ] } },
{ "type": "Feature", "properties": { "kp_id": "KP-02454", "tr_id": "TR-133" }, "geometry": { "type": "Point", "coordinates": [ 25.824599140131092, 61.631350413851756 ] } },
{ "type": "Feature", "properties": { "kp_id": "KP-02455", "tr_id": "TR-022" }, "geometry": { "type": "Point", "coordinates": [ 25.628336211777277, 61.629608826607267 ] } },
{ "type": "Feature", "properties": { "kp_id": "KP-02456", "tr_id": "TR-022" }, "geometry": { "type": "Point", "coordinates": [ 25.648551171678495, 61.630394409477667 ] } },
{ "type": "Feature", "properties": { "kp_id": "KP-02457", "tr_id": "TR-064" }, "geometry": { "type": "Point", "coordinates": [ 25.693531971332597, 61.630858609298812 ] } },
{ "type": "Feature", "properties": { "kp_id": "KP-02458", "tr_id": "TR-005" }, "geometry": { "type": "Point", "coordinates": [ 25.590229866046798, 61.629858801233013 ] } },
{ "type": "Feature", "properties": { "kp_id": "KP-02459", "tr_id": "TR-133" }, "geometry": { "type": "Point", "coordinates": [ 25.823822612512004, 61.632076613984069 ] } },
{ "type": "Feature", "properties": { "kp_id": "KP-02460", "tr_id": "TR-064" }, "geometry": { "type": "Point", "coordinates": [ 25.674438126050607, 61.630746313926984 ] } },
{ "type": "Feature", "properties": { "kp_id": "KP-02461", "tr_id": "TR-064" }, "geometry": { "type": "Point", "coordinates": [ 25.6878628208027, 61.63089908243429 ] } },
{ "type": "Feature", "properties": { "kp_id": "KP-02462", "tr_id": "TR-022" }, "geometry": { "type": "Point", "coordinates": [ 25.648529467378285, 61.630528525945905 ] } },
{ "type": "Feature", "properties": { "kp_id": "KP-02463", "tr_id": "TR-005" }, "geometry": { "type": "Point", "coordinates": [ 25.595945100031678, 61.630103658826108 ] } },
{ "type": "Feature", "properties": { "kp_id": "KP-02464", "tr_id": "TR-045" }, "geometry": { "type": "Point", "coordinates": [ 25.838696129009605, 61.632392147842701 ] } },
{ "type": "Feature", "properties": { "kp_id": "KP-02465", "tr_id": "TR-023" }, "geometry": { "type": "Point", "coordinates": [ 25.880372840625459, 61.632745135350781 ] } },
{ "type": "Feature", "properties": { "kp_id": "KP-02466", "tr_id": "TR-133" }, "geometry": { "type": "Point", "coordinates": [ 25.820161897850266, 61.632627672201849 ] } },
{ "type": "Feature", "properties": { "kp_id": "KP-02467", "tr_id": "TR-064" }, "geometry": { "type": "Point", "coordinates": [ 25.673815624556941, 61.631505221457154 ] } },
{ "type": "Feature", "properties": { "kp_id": "KP-02468", "tr_id": "TR-133" }, "geometry": { "type": "Point", "coordinates": [ 25.822988367835478, 61.632937537943171 ] } },
{ "type": "Feature", "properties": { "kp_id": "KP-02469", "tr_id": "TR-005" }, "geometry": { "type": "Point", "coordinates": [ 25.592401812192772, 61.630800517718242 ] } },
{ "type": "Feature", "properties": { "kp_id": "KP-02470", "tr_id": "TR-133" }, "geometry": { "type": "Point", "coordinates": [ 25.825302817518189, 61.633358782649616 ] } },
{ "type": "Feature", "properties": { "kp_id": "KP-02471", "tr_id": "TR-064" }, "geometry": { "type": "Point", "coordinates": [ 25.679331294468778, 61.632899172896018 ] } },
{ "type": "Feature", "properties": { "kp_id": "KP-02472", "tr_id": "TR-064" }, "geometry": { "type": "Point", "coordinates": [ 25.673028626149904, 61.632867407373048 ] } },
{ "type": "Feature", "properties": { "kp_id": "KP-02473", "tr_id": "TR-133" }, "geometry": { "type": "Point", "coordinates": [ 25.81245553337504, 61.634254694019688 ] } },
{ "type": "Feature", "properties": { "kp_id": "KP-02474", "tr_id": "TR-133" }, "geometry": { "type": "Point", "coordinates": [ 25.812502968700773, 61.634278877081343 ] } },
{ "type": "Feature", "properties": { "kp_id": "KP-02475", "tr_id": "TR-023" }, "geometry": { "type": "Point", "coordinates": [ 25.838743583922636, 61.634902626149554 ] } },
{ "type": "Feature", "properties": { "kp_id": "KP-02476", "tr_id": "TR-133" }, "geometry": { "type": "Point", "coordinates": [ 25.827144953554789, 61.635366752993072 ] } },
{ "type": "Feature", "properties": { "kp_id": "KP-02477", "tr_id": "TR-023" }, "geometry": { "type": "Point", "coordinates": [ 25.863868548863888, 61.635777616007431 ] } },
{ "type": "Feature", "properties": { "kp_id": "KP-02478", "tr_id": "TR-023" }, "geometry": { "type": "Point", "coordinates": [ 25.881824432057215, 61.636264551416396 ] } },
{ "type": "Feature", "properties": { "kp_id": "KP-02479", "tr_id": "TR-079" }, "geometry": { "type": "Point", "coordinates": [ 25.60668744584823, 61.633772504962224 ] } },
{ "type": "Feature", "properties": { "kp_id": "KP-02480", "tr_id": "TR-064" }, "geometry": { "type": "Point", "coordinates": [ 25.672240131815396, 61.634513565229376 ] } },
{ "type": "Feature", "properties": { "kp_id": "KP-02481", "tr_id": "TR-023" }, "geometry": { "type": "Point", "coordinates": [ 25.83772305921087, 61.636024270109864 ] } },
{ "type": "Feature", "properties": { "kp_id": "KP-02482", "tr_id": "TR-079" }, "geometry": { "type": "Point", "coordinates": [ 25.605032160275847, 61.634137516827508 ] } },
{ "type": "Feature", "properties": { "kp_id": "KP-02483", "tr_id": "TR-079" }, "geometry": { "type": "Point", "coordinates": [ 25.614139772280321, 61.634296220267863 ] } },
{ "type": "Feature", "properties": { "kp_id": "KP-02484", "tr_id": "TR-050" }, "geometry": { "type": "Point", "coordinates": [ 25.782526549035996, 61.635934630194953 ] } },
{ "type": "Feature", "properties": { "kp_id": "KP-02485", "tr_id": "TR-133" }, "geometry": { "type": "Point", "coordinates": [ 25.804478463262932, 61.636269892106519 ] } },
{ "type": "Feature", "properties": { "kp_id": "KP-02486", "tr_id": "TR-050" }, "geometry": { "type": "Point", "coordinates": [ 25.786429376068149, 61.63629208908899 ] } },
{ "type": "Feature", "properties": { "kp_id": "KP-02487", "tr_id": "TR-079" }, "geometry": { "type": "Point", "coordinates": [ 25.606567969973188, 61.634796897114278 ] } },
{ "type": "Feature", "properties": { "kp_id": "KP-02488", "tr_id": "TR-050" }, "geometry": { "type": "Point", "coordinates": [ 25.789316785584099, 61.636657002242188 ] } },
{ "type": "Feature", "properties": { "kp_id": "KP-02489", "tr_id": "TR-108" }, "geometry": { "type": "Point", "coordinates": [ 25.822269335624767, 61.637392972893359 ] } },
{ "type": "Feature", "properties": { "kp_id": "KP-02490", "tr_id": "TR-079" }, "geometry": { "type": "Point", "coordinates": [ 25.601530325625809, 61.635322941121686 ] } },
{ "type": "Feature", "properties": { "kp_id": "KP-02491", "tr_id": "TR-023" }, "geometry": { "type": "Point", "coordinates": [ 25.840554307682872, 61.63762693844572 ] } },
{ "type": "Feature", "properties": { "kp_id": "KP-02492", "tr_id": "TR-136" }, "geometry": { "type": "Point", "coordinates": [ 25.741371247529731, 61.637174854584714 ] } },
{ "type": "Feature", "properties": { "kp_id": "KP-02493", "tr_id": "TR-049" }, "geometry": { "type": "Point", "coordinates": [ 25.64564583406926, 61.636406405900487 ] } },
{ "type": "Feature", "properties": { "kp_id": "KP-02494", "tr_id": "TR-064" }, "geometry": { "type": "Point", "coordinates": [ 25.668746330324357, 61.636725329831393 ] } },
{ "type": "Feature", "properties": { "kp_id": "KP-02495", "tr_id": "TR-136" }, "geometry": { "type": "Point", "coordinates": [ 25.766112668986761, 61.637744212925398 ] } },
{ "type": "Feature", "properties": { "kp_id": "KP-02496", "tr_id": "TR-079" }, "geometry": { "type": "Point", "coordinates": [ 25.606013236584502, 61.636406538204817 ] } },
{ "type": "Feature", "properties": { "kp_id": "KP-02497", "tr_id": "TR-136" }, "geometry": { "type": "Point", "coordinates": [ 25.752659246763617, 61.637857399287952 ] } },
{ "type": "Feature", "properties": { "kp_id": "KP-02498", "tr_id": "TR-079" }, "geometry": { "type": "Point", "coordinates": [ 25.607440047176595, 61.636619980830481 ] } },
{ "type": "Feature", "properties": { "kp_id": "KP-02499", "tr_id": "TR-079" }, "geometry": { "type": "Point", "coordinates": [ 25.597714277076349, 61.636577592466978 ] } },
{ "type": "Feature", "properties": { "kp_id": "KP-02500", "tr_id": "TR-136" }, "geometry": { "type": "Point", "coordinates": [ 25.760906024726804, 61.638271485381644 ] } },
{ "type": "Feature", "properties": { "kp_id": "KP-02501", "tr_id": "TR-049" }, "geometry": { "type": "Point", "coordinates": [ 25.646615665220054, 61.637988424561499 ] } },
{ "type": "Feature", "properties": { "kp_id": "KP-02502", "tr_id": "TR-023" }, "geometry": { "type": "Point", "coordinates": [ 25.842171991581633, 61.639862769756327 ] } },
{ "type": "Feature", "properties": { "kp_id": "KP-02503", "tr_id": "TR-079" }, "geometry": { "type": "Point", "coordinates": [ 25.607377645045606, 61.637724180424335 ] } },
{ "type": "Feature", "properties": { "kp_id": "KP-02504", "tr_id": "TR-136" }, "geometry": { "type": "Point", "coordinates": [ 25.763809363662606, 61.639252773556265 ] } },
{ "type": "Feature", "properties": { "kp_id": "KP-02505", "tr_id": "TR-136" }, "geometry": { "type": "Point", "coordinates": [ 25.751014300998289, 61.639274633599619 ] } },
{ "type": "Feature", "properties": { "kp_id": "KP-02506", "tr_id": "TR-064" }, "geometry": { "type": "Point", "coordinates": [ 25.666346590189974, 61.638525687603085 ] } },
{ "type": "Feature", "properties": { "kp_id": "KP-02507", "tr_id": "TR-136" }, "geometry": { "type": "Point", "coordinates": [ 25.753961819685454, 61.639932178215801 ] } },
{ "type": "Feature", "properties": { "kp_id": "KP-02508", "tr_id": "TR-049" }, "geometry": { "type": "Point", "coordinates": [ 25.64597846248752, 61.638945651728655 ] } },
{ "type": "Feature", "properties": { "kp_id": "KP-02509", "tr_id": "TR-023" }, "geometry": { "type": "Point", "coordinates": [ 25.848722832026471, 61.640864938483702 ] } },
{ "type": "Feature", "properties": { "kp_id": "KP-02510", "tr_id": "TR-108" }, "geometry": { "type": "Point", "coordinates": [ 25.802184696060579, 61.640491809141423 ] } },
{ "type": "Feature", "properties": { "kp_id": "KP-02511", "tr_id": "TR-079" }, "geometry": { "type": "Point", "coordinates": [ 25.612587380549773, 61.638810374988296 ] } },
{ "type": "Feature", "properties": { "kp_id": "KP-02512", "tr_id": "TR-049" }, "geometry": { "type": "Point", "coordinates": [ 25.642510413111061, 61.639183765211286 ] } },
{ "type": "Feature", "properties": { "kp_id": "KP-02513", "tr_id": "TR-050" }, "geometry": { "type": "Point", "coordinates": [ 25.784308067357323, 61.640791156299855 ] } },
{ "type": "Feature", "properties": { "kp_id": "KP-02514", "tr_id": "TR-023" }, "geometry": { "type": "Point", "coordinates": [ 25.852655102190678, 61.642081519667947 ] } },
{ "type": "Feature", "properties": { "kp_id": "KP-02515", "tr_id": "TR-079" }, "geometry": { "type": "Point", "coordinates": [ 25.6124770425333, 61.639892950265846 ] } },
{ "type": "Feature", "properties": { "kp_id": "KP-02516", "tr_id": "TR-108" }, "geometry": { "type": "Point", "coordinates": [ 25.804777202274341, 61.641744742214819 ] } },
{ "type": "Feature", "properties": { "kp_id": "KP-02517", "tr_id": "TR-023" }, "geometry": { "type": "Point", "coordinates": [ 25.845837465084472, 61.642102713642451 ] } },
{ "type": "Feature", "properties": { "kp_id": "KP-02518", "tr_id": "TR-049" }, "geometry": { "type": "Point", "coordinates": [ 25.640169148526983, 61.640596193611366 ] } },
{ "type": "Feature", "properties": { "kp_id": "KP-02519", "tr_id": "TR-079" }, "geometry": { "type": "Point", "coordinates": [ 25.597401093188029, 61.640298062413173 ] } },
{ "type": "Feature", "properties": { "kp_id": "KP-02520", "tr_id": "TR-108" }, "geometry": { "type": "Point", "coordinates": [ 25.816537191732806, 61.642438806004428 ] } },
{ "type": "Feature", "properties": { "kp_id": "KP-02521", "tr_id": "TR-079" }, "geometry": { "type": "Point", "coordinates": [ 25.614266070345916, 61.640651990105987 ] } },
{ "type": "Feature", "properties": { "kp_id": "KP-02522", "tr_id": "TR-079" }, "geometry": { "type": "Point", "coordinates": [ 25.599737172123827, 61.64085844368617 ] } },
{ "type": "Feature", "properties": { "kp_id": "KP-02523", "tr_id": "TR-136" }, "geometry": { "type": "Point", "coordinates": [ 25.764312177634991, 61.642657505978697 ] } },
{ "type": "Feature", "properties": { "kp_id": "KP-02524", "tr_id": "TR-079" }, "geometry": { "type": "Point", "coordinates": [ 25.588811882732564, 61.641016716820928 ] } },
{ "type": "Feature", "properties": { "kp_id": "KP-02525", "tr_id": "TR-117" }, "geometry": { "type": "Point", "coordinates": [ 25.660759246908114, 61.641769991331522 ] } },
{ "type": "Feature", "properties": { "kp_id": "KP-02526", "tr_id": "TR-023" }, "geometry": { "type": "Point", "coordinates": [ 25.867900117313024, 61.643746871802541 ] } },
{ "type": "Feature", "properties": { "kp_id": "KP-02527", "tr_id": "TR-136" }, "geometry": { "type": "Point", "coordinates": [ 25.768977042991558, 61.642924267269393 ] } },
{ "type": "Feature", "properties": { "kp_id": "KP-02528", "tr_id": "TR-023" }, "geometry": { "type": "Point", "coordinates": [ 25.84371048503008, 61.643786785861025 ] } },
{ "type": "Feature", "properties": { "kp_id": "KP-02529", "tr_id": "TR-079" }, "geometry": { "type": "Point", "coordinates": [ 25.592752676996884, 61.641465291637516 ] } },
{ "type": "Feature", "properties": { "kp_id": "KP-02530", "tr_id": "TR-023" }, "geometry": { "type": "Point", "coordinates": [ 25.859260838899331, 61.644440263584478 ] } },
{ "type": "Feature", "properties": { "kp_id": "KP-02531", "tr_id": "TR-049" }, "geometry": { "type": "Point", "coordinates": [ 25.641862230400577, 61.642459707083638 ] } },
{ "type": "Feature", "properties": { "kp_id": "KP-02532", "tr_id": "TR-023" }, "geometry": { "type": "Point", "coordinates": [ 25.850791929494267, 61.64438272010355 ] } },
{ "type": "Feature", "properties": { "kp_id": "KP-02533", "tr_id": "TR-136" }, "geometry": { "type": "Point", "coordinates": [ 25.763666650497626, 61.643906261957206 ] } },
{ "type": "Feature", "properties": { "kp_id": "KP-02534", "tr_id": "TR-136" }, "geometry": { "type": "Point", "coordinates": [ 25.751794696429947, 61.643821137511587 ] } },
{ "type": "Feature", "properties": { "kp_id": "KP-02535", "tr_id": "TR-079" }, "geometry": { "type": "Point", "coordinates": [ 25.619232440399561, 61.642700104870897 ] } },
{ "type": "Feature", "properties": { "kp_id": "KP-02536", "tr_id": "TR-023" }, "geometry": { "type": "Point", "coordinates": [ 25.86389986090823, 61.645013272697703 ] } },
{ "type": "Feature", "properties": { "kp_id": "KP-02537", "tr_id": "TR-136" }, "geometry": { "type": "Point", "coordinates": [ 25.760043549026289, 61.644148566248447 ] } },
{ "type": "Feature", "properties": { "kp_id": "KP-02538", "tr_id": "TR-023" }, "geometry": { "type": "Point", "coordinates": [ 25.850010541679772, 61.644983617021481 ] } },
{ "type": "Feature", "properties": { "kp_id": "KP-02539", "tr_id": "TR-079" }, "geometry": { "type": "Point", "coordinates": [ 25.609762304049863, 61.642958647883049 ] } },
{ "type": "Feature", "properties": { "kp_id": "KP-02540", "tr_id": "TR-049" }, "geometry": { "type": "Point", "coordinates": [ 25.643668607160294, 61.64329940593796 ] } },
{ "type": "Feature", "properties": { "kp_id": "KP-02541", "tr_id": "TR-049" }, "geometry": { "type": "Point", "coordinates": [ 25.625809369569019, 61.643328706476254 ] } },
{ "type": "Feature", "properties": { "kp_id": "KP-02542", "tr_id": "TR-023" }, "geometry": { "type": "Point", "coordinates": [ 25.851214222084181, 61.645419958146448 ] } },
{ "type": "Feature", "properties": { "kp_id": "KP-02543", "tr_id": "TR-108" }, "geometry": { "type": "Point", "coordinates": [ 25.822954430721957, 61.645243894734698 ] } },
{ "type": "Feature", "properties": { "kp_id": "KP-02544", "tr_id": "TR-108" }, "geometry": { "type": "Point", "coordinates": [ 25.811023055703593, 61.645149836604233 ] } },
{ "type": "Feature", "properties": { "kp_id": "KP-02545", "tr_id": "TR-117" }, "geometry": { "type": "Point", "coordinates": [ 25.65791299535223, 61.643943302683354 ] } },
{ "type": "Feature", "properties": { "kp_id": "KP-02546", "tr_id": "TR-108" }, "geometry": { "type": "Point", "coordinates": [ 25.813521256890997, 61.645438696425572 ] } },
{ "type": "Feature", "properties": { "kp_id": "KP-02547", "tr_id": "TR-111" }, "geometry": { "type": "Point", "coordinates": [ 25.706014783202512, 61.644605510195461 ] } },
{ "type": "Feature", "properties": { "kp_id": "KP-02548", "tr_id": "TR-023" }, "geometry": { "type": "Point", "coordinates": [ 25.843767403675081, 61.64605900898831 ] } },
{ "type": "Feature", "properties": { "kp_id": "KP-02549", "tr_id": "TR-111" }, "geometry": { "type": "Point", "coordinates": [ 25.703243028229068, 61.644950956013325 ] } },
{ "type": "Feature", "properties": { "kp_id": "KP-02550", "tr_id": "TR-049" }, "geometry": { "type": "Point", "coordinates": [ 25.64448558248824, 61.644431082720132 ] } },
{ "type": "Feature", "properties": { "kp_id": "KP-02551", "tr_id": "TR-049" }, "geometry": { "type": "Point", "coordinates": [ 25.621727765653187, 61.644284002172029 ] } },
{ "type": "Feature", "properties": { "kp_id": "KP-02552", "tr_id": "TR-049" }, "geometry": { "type": "Point", "coordinates": [ 25.628746060906828, 61.644385672940885 ] } },
{ "type": "Feature", "properties": { "kp_id": "KP-02553", "tr_id": "TR-056" }, "geometry": { "type": "Point", "coordinates": [ 25.594282182977114, 61.644066837051021 ] } },
{ "type": "Feature", "properties": { "kp_id": "KP-02554", "tr_id": "TR-108" }, "geometry": { "type": "Point", "coordinates": [ 25.820149815932798, 61.646250203098809 ] } },
{ "type": "Feature", "properties": { "kp_id": "KP-02555", "tr_id": "TR-108" }, "geometry": { "type": "Point", "coordinates": [ 25.813291066306299, 61.646310762098082 ] } },
{ "type": "Feature", "properties": { "kp_id": "KP-02556", "tr_id": "TR-056" }, "geometry": { "type": "Point", "coordinates": [ 25.591146198897647, 61.644454849180846 ] } },
{ "type": "Feature", "properties": { "kp_id": "KP-02557", "tr_id": "TR-117" }, "geometry": { "type": "Point", "coordinates": [ 25.662944762418405, 61.645220951813393 ] } },
{ "type": "Feature", "properties": { "kp_id": "KP-02558", "tr_id": "TR-049" }, "geometry": { "type": "Point", "coordinates": [ 25.637485428010233, 61.64502790839699 ] } },
{ "type": "Feature", "properties": { "kp_id": "KP-02559", "tr_id": "TR-079" }, "geometry": { "type": "Point", "coordinates": [ 25.618953385467375, 61.644973893030233 ] } },
{ "type": "Feature", "properties": { "kp_id": "KP-02560", "tr_id": "TR-049" }, "geometry": { "type": "Point", "coordinates": [ 25.62370844179399, 61.645073693373376 ] } },
{ "type": "Feature", "properties": { "kp_id": "KP-02561", "tr_id": "TR-136" }, "geometry": { "type": "Point", "coordinates": [ 25.74345225239782, 61.646283208637989 ] } },
{ "type": "Feature", "properties": { "kp_id": "KP-02562", "tr_id": "TR-111" }, "geometry": { "type": "Point", "coordinates": [ 25.706263206146495, 61.645983184963761 ] } },
{ "type": "Feature", "properties": { "kp_id": "KP-02563", "tr_id": "TR-111" }, "geometry": { "type": "Point", "coordinates": [ 25.71278521114834, 61.646047139815899 ] } },
{ "type": "Feature", "properties": { "kp_id": "KP-02564", "tr_id": "TR-117" }, "geometry": { "type": "Point", "coordinates": [ 25.660080098403796, 61.645574007978105 ] } },
{ "type": "Feature", "properties": { "kp_id": "KP-02565", "tr_id": "TR-023" }, "geometry": { "type": "Point", "coordinates": [ 25.8430124662009, 61.647281234884368 ] } },
{ "type": "Feature", "properties": { "kp_id": "KP-02566", "tr_id": "TR-079" }, "geometry": { "type": "Point", "coordinates": [ 25.613643012164516, 61.64527715899203 ] } },
{ "type": "Feature", "properties": { "kp_id": "KP-02567", "tr_id": "TR-049" }, "geometry": { "type": "Point", "coordinates": [ 25.635829904405625, 61.645825887368908 ] } },
{ "type": "Feature", "properties": { "kp_id": "KP-02568", "tr_id": "TR-049" }, "geometry": { "type": "Point", "coordinates": [ 25.63025622600076, 61.645922132038685 ] } },
{ "type": "Feature", "properties": { "kp_id": "KP-02569", "tr_id": "TR-108" }, "geometry": { "type": "Point", "coordinates": [ 25.810512962333146, 61.647629273948411 ] } },
{ "type": "Feature", "properties": { "kp_id": "KP-02570", "tr_id": "TR-023" }, "geometry": { "type": "Point", "coordinates": [ 25.842939161669083, 61.647956500670595 ] } },
{ "type": "Feature", "properties": { "kp_id": "KP-02571", "tr_id": "TR-049" }, "geometry": { "type": "Point", "coordinates": [ 25.637615681721716, 61.646094500603752 ] } },
{ "type": "Feature", "properties": { "kp_id": "KP-02572", "tr_id": "TR-117" }, "geometry": { "type": "Point", "coordinates": [ 25.66087144162551, 61.646336241922974 ] } },
{ "type": "Feature", "properties": { "kp_id": "KP-02573", "tr_id": "TR-108" }, "geometry": { "type": "Point", "coordinates": [ 25.810179857874097, 61.648244347935048 ] } },
{ "type": "Feature", "properties": { "kp_id": "KP-02574", "tr_id": "TR-056" }, "geometry": { "type": "Point", "coordinates": [ 25.599050606727694, 61.6463119326677 ] } },
{ "type": "Feature", "properties": { "kp_id": "KP-02575", "tr_id": "TR-056" }, "geometry": { "type": "Point", "coordinates": [ 25.603936220851608, 61.646519655139237 ] } },
{ "type": "Feature", "properties": { "kp_id": "KP-02576", "tr_id": "TR-108" }, "geometry": { "type": "Point", "coordinates": [ 25.808260007637784, 61.648650550764316 ] } },
{ "type": "Feature", "properties": { "kp_id": "KP-02577", "tr_id": "TR-056" }, "geometry": { "type": "Point", "coordinates": [ 25.588209967897615, 61.646631796258063 ] } },
{ "type": "Feature", "properties": { "kp_id": "KP-02578", "tr_id": "TR-049" }, "geometry": { "type": "Point", "coordinates": [ 25.632509500584344, 61.647101201295506 ] } },
{ "type": "Feature", "properties": { "kp_id": "KP-02579", "tr_id": "TR-056" }, "geometry": { "type": "Point", "coordinates": [ 25.599976391208067, 61.646937974680085 ] } },
{ "type": "Feature", "properties": { "kp_id": "KP-02580", "tr_id": "TR-056" }, "geometry": { "type": "Point", "coordinates": [ 25.612247687161904, 61.647198090936826 ] } },
{ "type": "Feature", "properties": { "kp_id": "KP-02581", "tr_id": "TR-117" }, "geometry": { "type": "Point", "coordinates": [ 25.662591147717404, 61.647753256399554 ] } },
{ "type": "Feature", "properties": { "kp_id": "KP-02582", "tr_id": "TR-056" }, "geometry": { "type": "Point", "coordinates": [ 25.604927019968965, 61.647352839767066 ] } },
{ "type": "Feature", "properties": { "kp_id": "KP-02583", "tr_id": "TR-056" }, "geometry": { "type": "Point", "coordinates": [ 25.594738181269772, 61.647598004370273 ] } },
{ "type": "Feature", "properties": { "kp_id": "KP-02584", "tr_id": "TR-108" }, "geometry": { "type": "Point", "coordinates": [ 25.803698602232419, 61.649759605285432 ] } },
{ "type": "Feature", "properties": { "kp_id": "KP-02585", "tr_id": "TR-117" }, "geometry": { "type": "Point", "coordinates": [ 25.663373394059633, 61.648506589816336 ] } },
{ "type": "Feature", "properties": { "kp_id": "KP-02586", "tr_id": "TR-049" }, "geometry": { "type": "Point", "coordinates": [ 25.634204163691372, 61.648218768741984 ] } },
{ "type": "Feature", "properties": { "kp_id": "KP-02587", "tr_id": "TR-056" }, "geometry": { "type": "Point", "coordinates": [ 25.57080816268024, 61.647784595887742 ] } },
{ "type": "Feature", "properties": { "kp_id": "KP-02588", "tr_id": "TR-111" }, "geometry": { "type": "Point", "coordinates": [ 25.690823467732972, 61.649178631154562 ] } },
{ "type": "Feature", "properties": { "kp_id": "KP-02589", "tr_id": "TR-056" }, "geometry": { "type": "Point", "coordinates": [ 25.588715548793331, 61.648196126964066 ] } },
{ "type": "Feature", "properties": { "kp_id": "KP-02590", "tr_id": "TR-049" }, "geometry": { "type": "Point", "coordinates": [ 25.636775123357861, 61.649122131147102 ] } },
{ "type": "Feature", "properties": { "kp_id": "KP-02591", "tr_id": "TR-034" }, "geometry": { "type": "Point", "coordinates": [ 25.755115866917947, 61.650386096434389 ] } },
{ "type": "Feature", "properties": { "kp_id": "KP-02592", "tr_id": "TR-056" }, "geometry": { "type": "Point", "coordinates": [ 25.614636199643222, 61.649677920994165 ] } },
{ "type": "Feature", "properties": { "kp_id": "KP-02593", "tr_id": "TR-056" }, "geometry": { "type": "Point", "coordinates": [ 25.599621940145475, 61.64976414096207 ] } },
{ "type": "Feature", "properties": { "kp_id": "KP-02594", "tr_id": "TR-117" }, "geometry": { "type": "Point", "coordinates": [ 25.66953657997724, 61.650580355311121 ] } },
{ "type": "Feature", "properties": { "kp_id": "KP-02595", "tr_id": "TR-034" }, "geometry": { "type": "Point", "coordinates": [ 25.750035412263188, 61.65252640074393 ] } },
{ "type": "Feature", "properties": { "kp_id": "KP-02596", "tr_id": "TR-117" }, "geometry": { "type": "Point", "coordinates": [ 25.66597684682317, 61.651788548997153 ] } },
{ "type": "Feature", "properties": { "kp_id": "KP-02597", "tr_id": "TR-056" }, "geometry": { "type": "Point", "coordinates": [ 25.602495113949733, 61.651310553424537 ] } },
{ "type": "Feature", "properties": { "kp_id": "KP-02598", "tr_id": "TR-034" }, "geometry": { "type": "Point", "coordinates": [ 25.751542723463885, 61.653039907207535 ] } },
{ "type": "Feature", "properties": { "kp_id": "KP-02599", "tr_id": "TR-050" }, "geometry": { "type": "Point", "coordinates": [ 25.783513122575808, 61.653365173016617 ] } },
{ "type": "Feature", "properties": { "kp_id": "KP-02600", "tr_id": "TR-117" }, "geometry": { "type": "Point", "coordinates": [ 25.668883672815429, 61.652324137318892 ] } },
{ "type": "Feature", "properties": { "kp_id": "KP-02601", "tr_id": "TR-111" }, "geometry": { "type": "Point", "coordinates": [ 25.708591944458163, 61.652779291449868 ] } },
{ "type": "Feature", "properties": { "kp_id": "KP-02602", "tr_id": "TR-056" }, "geometry": { "type": "Point", "coordinates": [ 25.59442445203155, 61.651806303136425 ] } },
{ "type": "Feature", "properties": { "kp_id": "KP-02603", "tr_id": "TR-056" }, "geometry": { "type": "Point", "coordinates": [ 25.589443573890719, 61.652153488781167 ] } },
{ "type": "Feature", "properties": { "kp_id": "KP-02604", "tr_id": "TR-111" }, "geometry": { "type": "Point", "coordinates": [ 25.725169204237844, 61.653622779126003 ] } },
{ "type": "Feature", "properties": { "kp_id": "KP-02605", "tr_id": "TR-050" }, "geometry": { "type": "Point", "coordinates": [ 25.780800324378294, 61.654455980446706 ] } },
{ "type": "Feature", "properties": { "kp_id": "KP-02606", "tr_id": "TR-034" }, "geometry": { "type": "Point", "coordinates": [ 25.746362541185594, 61.654300483041453 ] } },
{ "type": "Feature", "properties": { "kp_id": "KP-02607", "tr_id": "TR-111" }, "geometry": { "type": "Point", "coordinates": [ 25.721768662825312, 61.654811560948879 ] } },
{ "type": "Feature", "properties": { "kp_id": "KP-02608", "tr_id": "TR-139" }, "geometry": { "type": "Point", "coordinates": [ 25.638965159294855, 61.654279331724013 ] } },
{ "type": "Feature", "properties": { "kp_id": "KP-02609", "tr_id": "TR-117" }, "geometry": { "type": "Point", "coordinates": [ 25.667306956070576, 61.65456945948015 ] } },
{ "type": "Feature", "properties": { "kp_id": "KP-02610", "tr_id": "TR-056" }, "geometry": { "type": "Point", "coordinates": [ 25.610949492342893, 61.654067096778611 ] } },
{ "type": "Feature", "properties": { "kp_id": "KP-02611", "tr_id": "TR-111" }, "geometry": { "type": "Point", "coordinates": [ 25.722920495786607, 61.65529464805136 ] } },
{ "type": "Feature", "properties": { "kp_id": "KP-02612", "tr_id": "TR-034" }, "geometry": { "type": "Point", "coordinates": [ 25.740784594989211, 61.655490024749255 ] } },
{ "type": "Feature", "properties": { "kp_id": "KP-02613", "tr_id": "TR-111" }, "geometry": { "type": "Point", "coordinates": [ 25.724437569811695, 61.655979593365103 ] } },
{ "type": "Feature", "properties": { "kp_id": "KP-02614", "tr_id": "TR-117" }, "geometry": { "type": "Point", "coordinates": [ 25.670818087221008, 61.655718564463356 ] } },
{ "type": "Feature", "properties": { "kp_id": "KP-02615", "tr_id": "TR-034" }, "geometry": { "type": "Point", "coordinates": [ 25.737679642456921, 61.656636660144152 ] } },
{ "type": "Feature", "properties": { "kp_id": "KP-02616", "tr_id": "TR-056" }, "geometry": { "type": "Point", "coordinates": [ 25.591833516445199, 61.655249242292378 ] } },
{ "type": "Feature", "properties": { "kp_id": "KP-02617", "tr_id": "TR-139" }, "geometry": { "type": "Point", "coordinates": [ 25.625421352349537, 61.655658436323591 ] } },
{ "type": "Feature", "properties": { "kp_id": "KP-02618", "tr_id": "TR-034" }, "geometry": { "type": "Point", "coordinates": [ 25.742351452293068, 61.656847874115513 ] } },
{ "type": "Feature", "properties": { "kp_id": "KP-02619", "tr_id": "TR-111" }, "geometry": { "type": "Point", "coordinates": [ 25.725424393912668, 61.656698599465365 ] } },
{ "type": "Feature", "properties": { "kp_id": "KP-02620", "tr_id": "TR-111" }, "geometry": { "type": "Point", "coordinates": [ 25.723544060051296, 61.657191726520587 ] } },
{ "type": "Feature", "properties": { "kp_id": "KP-02621", "tr_id": "TR-139" }, "geometry": { "type": "Point", "coordinates": [ 25.616779343603998, 61.656665938666166 ] } },
{ "type": "Feature", "properties": { "kp_id": "KP-02622", "tr_id": "TR-034" }, "geometry": { "type": "Point", "coordinates": [ 25.743675591659208, 61.658115724100099 ] } },
{ "type": "Feature", "properties": { "kp_id": "KP-02623", "tr_id": "TR-111" }, "geometry": { "type": "Point", "coordinates": [ 25.698614061160526, 61.658190527017986 ] } },
{ "type": "Feature", "properties": { "kp_id": "KP-02624", "tr_id": "TR-034" }, "geometry": { "type": "Point", "coordinates": [ 25.738548813482588, 61.658611873252788 ] } },
{ "type": "Feature", "properties": { "kp_id": "KP-02625", "tr_id": "TR-111" }, "geometry": { "type": "Point", "coordinates": [ 25.693511344065634, 61.658370180364088 ] } },
{ "type": "Feature", "properties": { "kp_id": "KP-02626", "tr_id": "TR-034" }, "geometry": { "type": "Point", "coordinates": [ 25.742540049903749, 61.659011139503797 ] } },
{ "type": "Feature", "properties": { "kp_id": "KP-02627", "tr_id": "TR-117" }, "geometry": { "type": "Point", "coordinates": [ 25.671321089527076, 61.65853032543383 ] } },
{ "type": "Feature", "properties": { "kp_id": "KP-02628", "tr_id": "TR-056" }, "geometry": { "type": "Point", "coordinates": [ 25.583399484788536, 61.657958738258039 ] } },
{ "type": "Feature", "properties": { "kp_id": "KP-02629", "tr_id": "TR-034" }, "geometry": { "type": "Point", "coordinates": [ 25.754527189260866, 61.660113636361061 ] } },
{ "type": "Feature", "properties": { "kp_id": "KP-02630", "tr_id": "TR-139" }, "geometry": { "type": "Point", "coordinates": [ 25.639590570946165, 61.659422125337031 ] } },
{ "type": "Feature", "properties": { "kp_id": "KP-02631", "tr_id": "TR-034" }, "geometry": { "type": "Point", "coordinates": [ 25.751621442592342, 61.660604286386558 ] } },
{ "type": "Feature", "properties": { "kp_id": "KP-02632", "tr_id": "TR-117" }, "geometry": { "type": "Point", "coordinates": [ 25.671264412116681, 61.659909497939985 ] } },
{ "type": "Feature", "properties": { "kp_id": "KP-02633", "tr_id": "TR-111" }, "geometry": { "type": "Point", "coordinates": [ 25.716259159946603, 61.660590666537217 ] } },
{ "type": "Feature", "properties": { "kp_id": "KP-02634", "tr_id": "TR-034" }, "geometry": { "type": "Point", "coordinates": [ 25.743806940581436, 61.660846481401855 ] } },
{ "type": "Feature", "properties": { "kp_id": "KP-02635", "tr_id": "TR-139" }, "geometry": { "type": "Point", "coordinates": [ 25.625167955334749, 61.659857886073553 ] } },
{ "type": "Feature", "properties": { "kp_id": "KP-02636", "tr_id": "TR-111" }, "geometry": { "type": "Point", "coordinates": [ 25.701229593659807, 61.660611214292281 ] } },
{ "type": "Feature", "properties": { "kp_id": "KP-02637", "tr_id": "TR-139" }, "geometry": { "type": "Point", "coordinates": [ 25.638490473832743, 61.660117329949863 ] } },
{ "type": "Feature", "properties": { "kp_id": "KP-02638", "tr_id": "TR-139" }, "geometry": { "type": "Point", "coordinates": [ 25.627635963938097, 61.660371371748305 ] } },
{ "type": "Feature", "properties": { "kp_id": "KP-02639", "tr_id": "TR-007" }, "geometry": { "type": "Point", "coordinates": [ 25.680361951453477, 61.661028266279587 ] } },
{ "type": "Feature", "properties": { "kp_id": "KP-02640", "tr_id": "TR-117" }, "geometry": { "type": "Point", "coordinates": [ 25.669151049630514, 61.660966712049223 ] } },
{ "type": "Feature", "properties": { "kp_id": "KP-02641", "tr_id": "TR-034" }, "geometry": { "type": "Point", "coordinates": [ 25.747393553706988, 61.661997769104062 ] } },
{ "type": "Feature", "properties": { "kp_id": "KP-02642", "tr_id": "TR-139" }, "geometry": { "type": "Point", "coordinates": [ 25.628477389489547, 61.660912872828071 ] } },
{ "type": "Feature", "properties": { "kp_id": "KP-02643", "tr_id": "TR-139" }, "geometry": { "type": "Point", "coordinates": [ 25.631835216309611, 61.661308989578295 ] } },
{ "type": "Feature", "properties": { "kp_id": "KP-02644", "tr_id": "TR-094" }, "geometry": { "type": "Point", "coordinates": [ 25.592855987777877, 61.661447654684807 ] } },
{ "type": "Feature", "properties": { "kp_id": "KP-02645", "tr_id": "TR-139" }, "geometry": { "type": "Point", "coordinates": [ 25.634753075162187, 61.662098466139305 ] } },
{ "type": "Feature", "properties": { "kp_id": "KP-02646", "tr_id": "TR-007" }, "geometry": { "type": "Point", "coordinates": [ 25.666978799629927, 61.662555621010739 ] } },
{ "type": "Feature", "properties": { "kp_id": "KP-02647", "tr_id": "TR-094" }, "geometry": { "type": "Point", "coordinates": [ 25.577791811363952, 61.66206867812393 ] } },
{ "type": "Feature", "properties": { "kp_id": "KP-02648", "tr_id": "TR-139" }, "geometry": { "type": "Point", "coordinates": [ 25.636233438502146, 61.66331725901658 ] } },
{ "type": "Feature", "properties": { "kp_id": "KP-02649", "tr_id": "TR-111" }, "geometry": { "type": "Point", "coordinates": [ 25.698580387130093, 61.664408191863735 ] } },
{ "type": "Feature", "properties": { "kp_id": "KP-02650", "tr_id": "TR-139" }, "geometry": { "type": "Point", "coordinates": [ 25.645708463979389, 61.663911371543072 ] } },
{ "type": "Feature", "properties": { "kp_id": "KP-02651", "tr_id": "TR-139" }, "geometry": { "type": "Point", "coordinates": [ 25.622270894494786, 61.663797827404288 ] } },
{ "type": "Feature", "properties": { "kp_id": "KP-02652", "tr_id": "TR-007" }, "geometry": { "type": "Point", "coordinates": [ 25.682420672435295, 61.664393248466823 ] } },
{ "type": "Feature", "properties": { "kp_id": "KP-02653", "tr_id": "TR-139" }, "geometry": { "type": "Point", "coordinates": [ 25.643200359591209, 61.664023948470032 ] } },
{ "type": "Feature", "properties": { "kp_id": "KP-02654", "tr_id": "TR-139" }, "geometry": { "type": "Point", "coordinates": [ 25.64817910286035, 61.664388700271836 ] } },
{ "type": "Feature", "properties": { "kp_id": "KP-02655", "tr_id": "TR-139" }, "geometry": { "type": "Point", "coordinates": [ 25.626646698039057, 61.664178555741373 ] } },
{ "type": "Feature", "properties": { "kp_id": "KP-02656", "tr_id": "TR-139" }, "geometry": { "type": "Point", "coordinates": [ 25.637808362414848, 61.664616525349814 ] } },
{ "type": "Feature", "properties": { "kp_id": "KP-02657", "tr_id": "TR-020" }, "geometry": { "type": "Point", "coordinates": [ 25.554878552169587, 61.6638082637986 ] } },
{ "type": "Feature", "properties": { "kp_id": "KP-02658", "tr_id": "TR-034" }, "geometry": { "type": "Point", "coordinates": [ 25.74079231745878, 61.665680700661426 ] } },
{ "type": "Feature", "properties": { "kp_id": "KP-02659", "tr_id": "TR-094" }, "geometry": { "type": "Point", "coordinates": [ 25.595097506050404, 61.664570623301834 ] } },
{ "type": "Feature", "properties": { "kp_id": "KP-02660", "tr_id": "TR-007" }, "geometry": { "type": "Point", "coordinates": [ 25.67457237849818, 61.665392790869923 ] } },
{ "type": "Feature", "properties": { "kp_id": "KP-02661", "tr_id": "TR-139" }, "geometry": { "type": "Point", "coordinates": [ 25.642321671848194, 61.665330554690698 ] } },
{ "type": "Feature", "properties": { "kp_id": "KP-02662", "tr_id": "TR-139" }, "geometry": { "type": "Point", "coordinates": [ 25.629725746039789, 61.665259409867545 ] } },
{ "type": "Feature", "properties": { "kp_id": "KP-02663", "tr_id": "TR-020" }, "geometry": { "type": "Point", "coordinates": [ 25.551901447396787, 61.664730545145211 ] } },
{ "type": "Feature", "properties": { "kp_id": "KP-02664", "tr_id": "TR-020" }, "geometry": { "type": "Point", "coordinates": [ 25.548250075699141, 61.664835643619412 ] } },
{ "type": "Feature", "properties": { "kp_id": "KP-02665", "tr_id": "TR-020" }, "geometry": { "type": "Point", "coordinates": [ 25.54271015788914, 61.664975816100835 ] } },
{ "type": "Feature", "properties": { "kp_id": "KP-02666", "tr_id": "TR-139" }, "geometry": { "type": "Point", "coordinates": [ 25.645639040580665, 61.666042709827828 ] } },
{ "type": "Feature", "properties": { "kp_id": "KP-02667", "tr_id": "TR-020" }, "geometry": { "type": "Point", "coordinates": [ 25.545983423810881, 61.665082883558767 ] } },
{ "type": "Feature", "properties": { "kp_id": "KP-02668", "tr_id": "TR-139" }, "geometry": { "type": "Point", "coordinates": [ 25.647099756740552, 61.666222075028053 ] } },
{ "type": "Feature", "properties": { "kp_id": "KP-02669", "tr_id": "TR-094" }, "geometry": { "type": "Point", "coordinates": [ 25.589991734455861, 61.665719193173928 ] } },
{ "type": "Feature", "properties": { "kp_id": "KP-02670", "tr_id": "TR-007" }, "geometry": { "type": "Point", "coordinates": [ 25.675965753377056, 61.667038904560066 ] } },
{ "type": "Feature", "properties": { "kp_id": "KP-02671", "tr_id": "TR-094" }, "geometry": { "type": "Point", "coordinates": [ 25.592865259254154, 61.666318545830954 ] } },
{ "type": "Feature", "properties": { "kp_id": "KP-02672", "tr_id": "TR-007" }, "geometry": { "type": "Point", "coordinates": [ 25.67941601821515, 61.667304717476846 ] } },
{ "type": "Feature", "properties": { "kp_id": "KP-02673", "tr_id": "TR-094" }, "geometry": { "type": "Point", "coordinates": [ 25.588290554399293, 61.666601791981932 ] } },
{ "type": "Feature", "properties": { "kp_id": "KP-02674", "tr_id": "TR-034" }, "geometry": { "type": "Point", "coordinates": [ 25.743201660289337, 61.668212852299547 ] } },
{ "type": "Feature", "properties": { "kp_id": "KP-02675", "tr_id": "TR-007" }, "geometry": { "type": "Point", "coordinates": [ 25.679858823370189, 61.668089523663184 ] } },
{ "type": "Feature", "properties": { "kp_id": "KP-02676", "tr_id": "TR-020" }, "geometry": { "type": "Point", "coordinates": [ 25.54157146348965, 61.66679295346426 ] } },
{ "type": "Feature", "properties": { "kp_id": "KP-02677", "tr_id": "TR-020" }, "geometry": { "type": "Point", "coordinates": [ 25.555141263651855, 61.667033108214738 ] } },
{ "type": "Feature", "properties": { "kp_id": "KP-02678", "tr_id": "TR-094" }, "geometry": { "type": "Point", "coordinates": [ 25.605976118031666, 61.667747966176044 ] } },
{ "type": "Feature", "properties": { "kp_id": "KP-02679", "tr_id": "TR-094" }, "geometry": { "type": "Point", "coordinates": [ 25.57512432436388, 61.667516960590952 ] } },
{ "type": "Feature", "properties": { "kp_id": "KP-02680", "tr_id": "TR-055" }, "geometry": { "type": "Point", "coordinates": [ 25.723109746986928, 61.668990887182886 ] } },
{ "type": "Feature", "properties": { "kp_id": "KP-02681", "tr_id": "TR-034" }, "geometry": { "type": "Point", "coordinates": [ 25.763936032696819, 61.669786524266605 ] } },
{ "type": "Feature", "properties": { "kp_id": "KP-02682", "tr_id": "TR-094" }, "geometry": { "type": "Point", "coordinates": [ 25.587578818386564, 61.668221417365217 ] } },
{ "type": "Feature", "properties": { "kp_id": "KP-02683", "tr_id": "TR-094" }, "geometry": { "type": "Point", "coordinates": [ 25.588828492945932, 61.668335330484034 ] } },
{ "type": "Feature", "properties": { "kp_id": "KP-02684", "tr_id": "TR-094" }, "geometry": { "type": "Point", "coordinates": [ 25.60564458135104, 61.668513568280424 ] } },
{ "type": "Feature", "properties": { "kp_id": "KP-02685", "tr_id": "TR-055" }, "geometry": { "type": "Point", "coordinates": [ 25.71708154369713, 61.669706988064398 ] } },
{ "type": "Feature", "properties": { "kp_id": "KP-02686", "tr_id": "TR-139" }, "geometry": { "type": "Point", "coordinates": [ 25.649712244699717, 61.669181158692538 ] } },
{ "type": "Feature", "properties": { "kp_id": "KP-02687", "tr_id": "TR-139" }, "geometry": { "type": "Point", "coordinates": [ 25.645954483588394, 61.669193795109649 ] } },
{ "type": "Feature", "properties": { "kp_id": "KP-02688", "tr_id": "TR-139" }, "geometry": { "type": "Point", "coordinates": [ 25.636502897965162, 61.66917219479155 ] } },
{ "type": "Feature", "properties": { "kp_id": "KP-02689", "tr_id": "TR-034" }, "geometry": { "type": "Point", "coordinates": [ 25.76611234272179, 61.670425586175547 ] } },
{ "type": "Feature", "properties": { "kp_id": "KP-02690", "tr_id": "TR-007" }, "geometry": { "type": "Point", "coordinates": [ 25.684218083088762, 61.669671596076633 ] } },
{ "type": "Feature", "properties": { "kp_id": "KP-02691", "tr_id": "TR-094" }, "geometry": { "type": "Point", "coordinates": [ 25.609645538084479, 61.668976634770921 ] } },
{ "type": "Feature", "properties": { "kp_id": "KP-02692", "tr_id": "TR-029" }, "geometry": { "type": "Point", "coordinates": [ 25.626162538925648, 61.669610508061034 ] } },
{ "type": "Feature", "properties": { "kp_id": "KP-02693", "tr_id": "TR-139" }, "geometry": { "type": "Point", "coordinates": [ 25.643272389310795, 61.669890927089583 ] } },
{ "type": "Feature", "properties": { "kp_id": "KP-02694", "tr_id": "TR-020" }, "geometry": { "type": "Point", "coordinates": [ 25.542076896917088, 61.668905582092769 ] } },
{ "type": "Feature", "properties": { "kp_id": "KP-02695", "tr_id": "TR-094" }, "geometry": { "type": "Point", "coordinates": [ 25.592895418096237, 61.66945258652833 ] } },
{ "type": "Feature", "properties": { "kp_id": "KP-02696", "tr_id": "TR-020" }, "geometry": { "type": "Point", "coordinates": [ 25.557458479104074, 61.669275036956002 ] } },
{ "type": "Feature", "properties": { "kp_id": "KP-02697", "tr_id": "TR-139" }, "geometry": { "type": "Point", "coordinates": [ 25.639931376647219, 61.670151355681234 ] } },
{ "type": "Feature", "properties": { "kp_id": "KP-02698", "tr_id": "TR-029" }, "geometry": { "type": "Point", "coordinates": [ 25.631372827158163, 61.670067729601946 ] } },
{ "type": "Feature", "properties": { "kp_id": "KP-02699", "tr_id": "TR-029" }, "geometry": { "type": "Point", "coordinates": [ 25.635679926700945, 61.670115265754262 ] } },
{ "type": "Feature", "properties": { "kp_id": "KP-02700", "tr_id": "TR-007" }, "geometry": { "type": "Point", "coordinates": [ 25.683703035352114, 61.671036812468692 ] } },
{ "type": "Feature", "properties": { "kp_id": "KP-02701", "tr_id": "TR-094" }, "geometry": { "type": "Point", "coordinates": [ 25.596224569190209, 61.670185351303857 ] } },
{ "type": "Feature", "properties": { "kp_id": "KP-02702", "tr_id": "TR-094" }, "geometry": { "type": "Point", "coordinates": [ 25.594118294529125, 61.670209935689527 ] } },
{ "type": "Feature", "properties": { "kp_id": "KP-02703", "tr_id": "TR-094" }, "geometry": { "type": "Point", "coordinates": [ 25.606377723520868, 61.670419499117955 ] } },
{ "type": "Feature", "properties": { "kp_id": "KP-02704", "tr_id": "TR-094" }, "geometry": { "type": "Point", "coordinates": [ 25.599172559236486, 61.67061452661568 ] } },
{ "type": "Feature", "properties": { "kp_id": "KP-02705", "tr_id": "TR-007" }, "geometry": { "type": "Point", "coordinates": [ 25.668239749538408, 61.67134178663391 ] } },
{ "type": "Feature", "properties": { "kp_id": "KP-02706", "tr_id": "TR-020" }, "geometry": { "type": "Point", "coordinates": [ 25.550863344908979, 61.670199434413128 ] } },
{ "type": "Feature", "properties": { "kp_id": "KP-02707", "tr_id": "TR-029" }, "geometry": { "type": "Point", "coordinates": [ 25.629000737222359, 61.67103108384152 ] } },
{ "type": "Feature", "properties": { "kp_id": "KP-02708", "tr_id": "TR-029" }, "geometry": { "type": "Point", "coordinates": [ 25.613878226630732, 61.670905503399069 ] } },
{ "type": "Feature", "properties": { "kp_id": "KP-02709", "tr_id": "TR-007" }, "geometry": { "type": "Point", "coordinates": [ 25.671991030628075, 61.671610672172015 ] } },
{ "type": "Feature", "properties": { "kp_id": "KP-02710", "tr_id": "TR-094" }, "geometry": { "type": "Point", "coordinates": [ 25.602128838317459, 61.671028302811017 ] } },
{ "type": "Feature", "properties": { "kp_id": "KP-02711", "tr_id": "TR-020" }, "geometry": { "type": "Point", "coordinates": [ 25.557082129481778, 61.670636294115077 ] } },
{ "type": "Feature", "properties": { "kp_id": "KP-02712", "tr_id": "TR-029" }, "geometry": { "type": "Point", "coordinates": [ 25.624276392081274, 61.671403280371017 ] } },
{ "type": "Feature", "properties": { "kp_id": "KP-02713", "tr_id": "TR-094" }, "geometry": { "type": "Point", "coordinates": [ 25.604094598576118, 61.671274497684529 ] } },
{ "type": "Feature", "properties": { "kp_id": "KP-02714", "tr_id": "TR-007" }, "geometry": { "type": "Point", "coordinates": [ 25.682736246078065, 61.672068968245704 ] } },
{ "type": "Feature", "properties": { "kp_id": "KP-02715", "tr_id": "TR-029" }, "geometry": { "type": "Point", "coordinates": [ 25.616021974029131, 61.67158476325362 ] } },
{ "type": "Feature", "properties": { "kp_id": "KP-02716", "tr_id": "TR-020" }, "geometry": { "type": "Point", "coordinates": [ 25.55595045289618, 61.671181404427443 ] } },
{ "type": "Feature", "properties": { "kp_id": "KP-02717", "tr_id": "TR-007" }, "geometry": { "type": "Point", "coordinates": [ 25.691575390686062, 61.672627735086884 ] } },
{ "type": "Feature", "properties": { "kp_id": "KP-02718", "tr_id": "TR-029" }, "geometry": { "type": "Point", "coordinates": [ 25.625699511022649, 61.672245341269388 ] } },
{ "type": "Feature", "properties": { "kp_id": "KP-02719", "tr_id": "TR-055" }, "geometry": { "type": "Point", "coordinates": [ 25.718431002395469, 61.673366171535207 ] } },
{ "type": "Feature", "properties": { "kp_id": "KP-02720", "tr_id": "TR-007" }, "geometry": { "type": "Point", "coordinates": [ 25.675194324628571, 61.672958442843445 ] } },
{ "type": "Feature", "properties": { "kp_id": "KP-02721", "tr_id": "TR-007" }, "geometry": { "type": "Point", "coordinates": [ 25.682284920162626, 61.673072176295541 ] } },
{ "type": "Feature", "properties": { "kp_id": "KP-02722", "tr_id": "TR-020" }, "geometry": { "type": "Point", "coordinates": [ 25.545610502781233, 61.671719450202716 ] } },
{ "type": "Feature", "properties": { "kp_id": "KP-02723", "tr_id": "TR-029" }, "geometry": { "type": "Point", "coordinates": [ 25.618721895175607, 61.672571685150977 ] } },
{ "type": "Feature", "properties": { "kp_id": "KP-02724", "tr_id": "TR-007" }, "geometry": { "type": "Point", "coordinates": [ 25.677170407332866, 61.673218761683579 ] } },
{ "type": "Feature", "properties": { "kp_id": "KP-02725", "tr_id": "TR-007" }, "geometry": { "type": "Point", "coordinates": [ 25.69484600536299, 61.673404490886398 ] } },
{ "type": "Feature", "properties": { "kp_id": "KP-02726", "tr_id": "TR-029" }, "geometry": { "type": "Point", "coordinates": [ 25.650802806678801, 61.673075960619194 ] } },
{ "type": "Feature", "properties": { "kp_id": "KP-02727", "tr_id": "TR-020" }, "geometry": { "type": "Point", "coordinates": [ 25.541221695651501, 61.671961218080405 ] } },
{ "type": "Feature", "properties": { "kp_id": "KP-02728", "tr_id": "TR-020" }, "geometry": { "type": "Point", "coordinates": [ 25.535287963962663, 61.671970156429218 ] } },
{ "type": "Feature", "properties": { "kp_id": "KP-02729", "tr_id": "TR-055" }, "geometry": { "type": "Point", "coordinates": [ 25.741079079238073, 61.674088211053991 ] } },
{ "type": "Feature", "properties": { "kp_id": "KP-02730", "tr_id": "TR-029" }, "geometry": { "type": "Point", "coordinates": [ 25.626374614760213, 61.673043364060455 ] } },
{ "type": "Feature", "properties": { "kp_id": "KP-02731", "tr_id": "TR-007" }, "geometry": { "type": "Point", "coordinates": [ 25.678935073337065, 61.673661099470252 ] } },
{ "type": "Feature", "properties": { "kp_id": "KP-02732", "tr_id": "TR-094" }, "geometry": { "type": "Point", "coordinates": [ 25.586531594020336, 61.672838328827531 ] } },
{ "type": "Feature", "properties": { "kp_id": "KP-02733", "tr_id": "TR-020" }, "geometry": { "type": "Point", "coordinates": [ 25.537606358782245, 61.672352412831373 ] } },
{ "type": "Feature", "properties": { "kp_id": "KP-02734", "tr_id": "TR-007" }, "geometry": { "type": "Point", "coordinates": [ 25.67807442665492, 61.67386512633847 ] } },
{ "type": "Feature", "properties": { "kp_id": "KP-02735", "tr_id": "TR-007" }, "geometry": { "type": "Point", "coordinates": [ 25.669187884271565, 61.673939752948662 ] } },
{ "type": "Feature", "properties": { "kp_id": "KP-02736", "tr_id": "TR-020" }, "geometry": { "type": "Point", "coordinates": [ 25.536164752437596, 61.67275830189061 ] } },
{ "type": "Feature", "properties": { "kp_id": "KP-02737", "tr_id": "TR-020" }, "geometry": { "type": "Point", "coordinates": [ 25.541702357095193, 61.673150131505892 ] } },
{ "type": "Feature", "properties": { "kp_id": "KP-02738", "tr_id": "TR-055" }, "geometry": { "type": "Point", "coordinates": [ 25.736434263862012, 61.675179349511865 ] } },
{ "type": "Feature", "properties": { "kp_id": "KP-02739", "tr_id": "TR-007" }, "geometry": { "type": "Point", "coordinates": [ 25.683103780496296, 61.674740195284564 ] } },
{ "type": "Feature", "properties": { "kp_id": "KP-02740", "tr_id": "TR-029" }, "geometry": { "type": "Point", "coordinates": [ 25.625356971978761, 61.67455992373489 ] } },
{ "type": "Feature", "properties": { "kp_id": "KP-02741", "tr_id": "TR-007" }, "geometry": { "type": "Point", "coordinates": [ 25.665797998992467, 61.67527386559189 ] } },
{ "type": "Feature", "properties": { "kp_id": "KP-02742", "tr_id": "TR-007" }, "geometry": { "type": "Point", "coordinates": [ 25.683605760059685, 61.67561736297877 ] } },
{ "type": "Feature", "properties": { "kp_id": "KP-02743", "tr_id": "TR-029" }, "geometry": { "type": "Point", "coordinates": [ 25.623332885186965, 61.675155894247446 ] } },
{ "type": "Feature", "properties": { "kp_id": "KP-02744", "tr_id": "TR-055" }, "geometry": { "type": "Point", "coordinates": [ 25.73421501662142, 61.67629499924444 ] } },
{ "type": "Feature", "properties": { "kp_id": "KP-02745", "tr_id": "TR-007" }, "geometry": { "type": "Point", "coordinates": [ 25.669814616794046, 61.675740019172757 ] } },
{ "type": "Feature", "properties": { "kp_id": "KP-02746", "tr_id": "TR-094" }, "geometry": { "type": "Point", "coordinates": [ 25.593772577691027, 61.675089470705622 ] } },
{ "type": "Feature", "properties": { "kp_id": "KP-02747", "tr_id": "TR-087" }, "geometry": { "type": "Point", "coordinates": [ 25.650656830214345, 61.675776410493974 ] } },
{ "type": "Feature", "properties": { "kp_id": "KP-02748", "tr_id": "TR-007" }, "geometry": { "type": "Point", "coordinates": [ 25.665591164835106, 61.676445178257183 ] } },
{ "type": "Feature", "properties": { "kp_id": "KP-02749", "tr_id": "TR-029" }, "geometry": { "type": "Point", "coordinates": [ 25.623120112692771, 61.67622268240342 ] } },
{ "type": "Feature", "properties": { "kp_id": "KP-02750", "tr_id": "TR-055" }, "geometry": { "type": "Point", "coordinates": [ 25.732802060357905, 61.677449752411221 ] } },
{ "type": "Feature", "properties": { "kp_id": "KP-02751", "tr_id": "TR-007" }, "geometry": { "type": "Point", "coordinates": [ 25.680162553405538, 61.676995858574116 ] } },
{ "type": "Feature", "properties": { "kp_id": "KP-02752", "tr_id": "TR-029" }, "geometry": { "type": "Point", "coordinates": [ 25.623743776451008, 61.676827182143285 ] } },
{ "type": "Feature", "properties": { "kp_id": "KP-02753", "tr_id": "TR-007" }, "geometry": { "type": "Point", "coordinates": [ 25.668927974767268, 61.677412710443363 ] } },
{ "type": "Feature", "properties": { "kp_id": "KP-02754", "tr_id": "TR-029" }, "geometry": { "type": "Point", "coordinates": [ 25.619132726059846, 61.677083202647424 ] } },
{ "type": "Feature", "properties": { "kp_id": "KP-02755", "tr_id": "TR-029" }, "geometry": { "type": "Point", "coordinates": [ 25.637095653570473, 61.677345812235558 ] } },
{ "type": "Feature", "properties": { "kp_id": "KP-02756", "tr_id": "TR-055" }, "geometry": { "type": "Point", "coordinates": [ 25.733627483743952, 61.678566766039097 ] } },
{ "type": "Feature", "properties": { "kp_id": "KP-02757", "tr_id": "TR-055" }, "geometry": { "type": "Point", "coordinates": [ 25.721244328491572, 61.678503719820313 ] } },
{ "type": "Feature", "properties": { "kp_id": "KP-02758", "tr_id": "TR-029" }, "geometry": { "type": "Point", "coordinates": [ 25.639069656378613, 61.677797436866143 ] } },
{ "type": "Feature", "properties": { "kp_id": "KP-02759", "tr_id": "TR-007" }, "geometry": { "type": "Point", "coordinates": [ 25.664737877338595, 61.678052063173475 ] } },
{ "type": "Feature", "properties": { "kp_id": "KP-02760", "tr_id": "TR-029" }, "geometry": { "type": "Point", "coordinates": [ 25.624977952277117, 61.677675526980188 ] } },
{ "type": "Feature", "properties": { "kp_id": "KP-02761", "tr_id": "TR-007" }, "geometry": { "type": "Point", "coordinates": [ 25.682550677246283, 61.67855122218517 ] } },
{ "type": "Feature", "properties": { "kp_id": "KP-02762", "tr_id": "TR-020" }, "geometry": { "type": "Point", "coordinates": [ 25.537353915539629, 61.677235831070774 ] } },
{ "type": "Feature", "properties": { "kp_id": "KP-02763", "tr_id": "TR-007" }, "geometry": { "type": "Point", "coordinates": [ 25.667643148919169, 61.678572486604466 ] } },
{ "type": "Feature", "properties": { "kp_id": "KP-02764", "tr_id": "TR-029" }, "geometry": { "type": "Point", "coordinates": [ 25.625816139497474, 61.678218323822165 ] } },
{ "type": "Feature", "properties": { "kp_id": "KP-02765", "tr_id": "TR-087" }, "geometry": { "type": "Point", "coordinates": [ 25.640603778146701, 61.678539852527614 ] } },
{ "type": "Feature", "properties": { "kp_id": "KP-02766", "tr_id": "TR-029" }, "geometry": { "type": "Point", "coordinates": [ 25.631990165496799, 61.678476965343101 ] } },
{ "type": "Feature", "properties": { "kp_id": "KP-02767", "tr_id": "TR-055" }, "geometry": { "type": "Point", "coordinates": [ 25.718820645834711, 61.67939635311609 ] } },
{ "type": "Feature", "properties": { "kp_id": "KP-02768", "tr_id": "TR-007" }, "geometry": { "type": "Point", "coordinates": [ 25.670884087463424, 61.678980214109778 ] } },
{ "type": "Feature", "properties": { "kp_id": "KP-02769", "tr_id": "TR-029" }, "geometry": { "type": "Point", "coordinates": [ 25.626793557405481, 61.678705730007131 ] } },
{ "type": "Feature", "properties": { "kp_id": "KP-02770", "tr_id": "TR-007" }, "geometry": { "type": "Point", "coordinates": [ 25.670951229262982, 61.679315316541938 ] } },
{ "type": "Feature", "properties": { "kp_id": "KP-02771", "tr_id": "TR-007" }, "geometry": { "type": "Point", "coordinates": [ 25.67614276852391, 61.679962122968128 ] } },
{ "type": "Feature", "properties": { "kp_id": "KP-02772", "tr_id": "TR-087" }, "geometry": { "type": "Point", "coordinates": [ 25.641062809435091, 61.67968753661286 ] } },
{ "type": "Feature", "properties": { "kp_id": "KP-02773", "tr_id": "TR-029" }, "geometry": { "type": "Point", "coordinates": [ 25.626685312939216, 61.679906425043946 ] } },
{ "type": "Feature", "properties": { "kp_id": "KP-02774", "tr_id": "TR-087" }, "geometry": { "type": "Point", "coordinates": [ 25.642826599294299, 61.680801812504377 ] } },
{ "type": "Feature", "properties": { "kp_id": "KP-02775", "tr_id": "TR-087" }, "geometry": { "type": "Point", "coordinates": [ 25.656819871893397, 61.681139391166681 ] } },
{ "type": "Feature", "properties": { "kp_id": "KP-02776", "tr_id": "TR-087" }, "geometry": { "type": "Point", "coordinates": [ 25.632377114485937, 61.680978262851092 ] } },
{ "type": "Feature", "properties": { "kp_id": "KP-02777", "tr_id": "TR-138" }, "geometry": { "type": "Point", "coordinates": [ 25.675105624468458, 61.681464056026876 ] } },
{ "type": "Feature", "properties": { "kp_id": "KP-02778", "tr_id": "TR-138" }, "geometry": { "type": "Point", "coordinates": [ 25.677657424606771, 61.681525567939978 ] } },
{ "type": "Feature", "properties": { "kp_id": "KP-02779", "tr_id": "TR-029" }, "geometry": { "type": "Point", "coordinates": [ 25.627267024121249, 61.681205322845038 ] } },
{ "type": "Feature", "properties": { "kp_id": "KP-02780", "tr_id": "TR-087" }, "geometry": { "type": "Point", "coordinates": [ 25.643484448549636, 61.681398100571336 ] } },
{ "type": "Feature", "properties": { "kp_id": "KP-02781", "tr_id": "TR-055" }, "geometry": { "type": "Point", "coordinates": [ 25.722064436107708, 61.682447496156925 ] } },
{ "type": "Feature", "properties": { "kp_id": "KP-02782", "tr_id": "TR-087" }, "geometry": { "type": "Point", "coordinates": [ 25.648263537773257, 61.681798037935671 ] } },
{ "type": "Feature", "properties": { "kp_id": "KP-02783", "tr_id": "TR-087" }, "geometry": { "type": "Point", "coordinates": [ 25.657463552419987, 61.68202132491173 ] } },
{ "type": "Feature", "properties": { "kp_id": "KP-02784", "tr_id": "TR-087" }, "geometry": { "type": "Point", "coordinates": [ 25.645146847911704, 61.682091633978096 ] } },
{ "type": "Feature", "properties": { "kp_id": "KP-02785", "tr_id": "TR-055" }, "geometry": { "type": "Point", "coordinates": [ 25.719819896779235, 61.683342393452143 ] } },
{ "type": "Feature", "properties": { "kp_id": "KP-02786", "tr_id": "TR-055" }, "geometry": { "type": "Point", "coordinates": [ 25.722660301786558, 61.68343281990542 ] } },
{ "type": "Feature", "properties": { "kp_id": "KP-02787", "tr_id": "TR-087" }, "geometry": { "type": "Point", "coordinates": [ 25.628023904749561, 61.682552626824567 ] } },
{ "type": "Feature", "properties": { "kp_id": "KP-02788", "tr_id": "TR-087" }, "geometry": { "type": "Point", "coordinates": [ 25.635448625118119, 61.682670974395805 ] } },
{ "type": "Feature", "properties": { "kp_id": "KP-02789", "tr_id": "TR-087" }, "geometry": { "type": "Point", "coordinates": [ 25.630618959972029, 61.682747880825211 ] } },
{ "type": "Feature", "properties": { "kp_id": "KP-02790", "tr_id": "TR-138" }, "geometry": { "type": "Point", "coordinates": [ 25.679742166751168, 61.683301900516263 ] } },
{ "type": "Feature", "properties": { "kp_id": "KP-02791", "tr_id": "TR-087" }, "geometry": { "type": "Point", "coordinates": [ 25.650021629741364, 61.68317124082418 ] } },
{ "type": "Feature", "properties": { "kp_id": "KP-02792", "tr_id": "TR-087" }, "geometry": { "type": "Point", "coordinates": [ 25.633635469315859, 61.683022607373097 ] } },
{ "type": "Feature", "properties": { "kp_id": "KP-02793", "tr_id": "TR-055" }, "geometry": { "type": "Point", "coordinates": [ 25.725124107116624, 61.684542090847764 ] } },
{ "type": "Feature", "properties": { "kp_id": "KP-02794", "tr_id": "TR-138" }, "geometry": { "type": "Point", "coordinates": [ 25.664317745882936, 61.684294997469607 ] } },
{ "type": "Feature", "properties": { "kp_id": "KP-02795", "tr_id": "TR-087" }, "geometry": { "type": "Point", "coordinates": [ 25.651139209786564, 61.684167167529679 ] } },
{ "type": "Feature", "properties": { "kp_id": "KP-02796", "tr_id": "TR-138" }, "geometry": { "type": "Point", "coordinates": [ 25.66042915647931, 61.684674702380008 ] } },
{ "type": "Feature", "properties": { "kp_id": "KP-02797", "tr_id": "TR-087" }, "geometry": { "type": "Point", "coordinates": [ 25.652658723774355, 61.684688666983227 ] } },
{ "type": "Feature", "properties": { "kp_id": "KP-02798", "tr_id": "TR-138" }, "geometry": { "type": "Point", "coordinates": [ 25.662923963648947, 61.684891243370963 ] } },
{ "type": "Feature", "properties": { "kp_id": "KP-02799", "tr_id": "TR-055" }, "geometry": { "type": "Point", "coordinates": [ 25.729700518417836, 61.685753624172449 ] } },
{ "type": "Feature", "properties": { "kp_id": "KP-02800", "tr_id": "TR-087" }, "geometry": { "type": "Point", "coordinates": [ 25.641456499008676, 61.685182923757964 ] } },
{ "type": "Feature", "properties": { "kp_id": "KP-02801", "tr_id": "TR-138" }, "geometry": { "type": "Point", "coordinates": [ 25.666910524105852, 61.685757941020178 ] } },
{ "type": "Feature", "properties": { "kp_id": "KP-02802", "tr_id": "TR-087" }, "geometry": { "type": "Point", "coordinates": [ 25.64568274577832, 61.685564447943264 ] } },
{ "type": "Feature", "properties": { "kp_id": "KP-02803", "tr_id": "TR-087" }, "geometry": { "type": "Point", "coordinates": [ 25.636345610477591, 61.685802987058487 ] } },
{ "type": "Feature", "properties": { "kp_id": "KP-02804", "tr_id": "TR-138" }, "geometry": { "type": "Point", "coordinates": [ 25.668067515457043, 61.686235916127188 ] } },
{ "type": "Feature", "properties": { "kp_id": "KP-02805", "tr_id": "TR-138" }, "geometry": { "type": "Point", "coordinates": [ 25.676681396925897, 61.686864227067467 ] } },
{ "type": "Feature", "properties": { "kp_id": "KP-02806", "tr_id": "TR-087" }, "geometry": { "type": "Point", "coordinates": [ 25.648021096427321, 61.686596984812567 ] } },
{ "type": "Feature", "properties": { "kp_id": "KP-02807", "tr_id": "TR-087" }, "geometry": { "type": "Point", "coordinates": [ 25.635397669987501, 61.686614363445052 ] } },
{ "type": "Feature", "properties": { "kp_id": "KP-02808", "tr_id": "TR-138" }, "geometry": { "type": "Point", "coordinates": [ 25.662053317088258, 61.687412616419458 ] } },
{ "type": "Feature", "properties": { "kp_id": "KP-02809", "tr_id": "TR-087" }, "geometry": { "type": "Point", "coordinates": [ 25.65363948349081, 61.687426380367619 ] } },
{ "type": "Feature", "properties": { "kp_id": "KP-02810", "tr_id": "TR-138" }, "geometry": { "type": "Point", "coordinates": [ 25.671910538804866, 61.687947068377746 ] } },
{ "type": "Feature", "properties": { "kp_id": "KP-02811", "tr_id": "TR-087" }, "geometry": { "type": "Point", "coordinates": [ 25.645800450588364, 61.688579042094382 ] } },
{ "type": "Feature", "properties": { "kp_id": "KP-02812", "tr_id": "TR-138" }, "geometry": { "type": "Point", "coordinates": [ 25.675045347630018, 61.688913052628109 ] } },
{ "type": "Feature", "properties": { "kp_id": "KP-02813", "tr_id": "TR-138" }, "geometry": { "type": "Point", "coordinates": [ 25.665572684076363, 61.689299945970149 ] } },
{ "type": "Feature", "properties": { "kp_id": "KP-02814", "tr_id": "TR-087" }, "geometry": { "type": "Point", "coordinates": [ 25.636827897164771, 61.689222006524162 ] } },
{ "type": "Feature", "properties": { "kp_id": "KP-02815", "tr_id": "TR-138" }, "geometry": { "type": "Point", "coordinates": [ 25.658902035652869, 61.689890973973327 ] } },
{ "type": "Feature", "properties": { "kp_id": "KP-02816", "tr_id": "TR-138" }, "geometry": { "type": "Point", "coordinates": [ 25.678610114418298, 61.690305743459852 ] } },
{ "type": "Feature", "properties": { "kp_id": "KP-02817", "tr_id": "TR-087" }, "geometry": { "type": "Point", "coordinates": [ 25.643239020762032, 61.690200233443903 ] } },
{ "type": "Feature", "properties": { "kp_id": "KP-02818", "tr_id": "TR-087" }, "geometry": { "type": "Point", "coordinates": [ 25.639753216022452, 61.690178957592224 ] } },
{ "type": "Feature", "properties": { "kp_id": "KP-02819", "tr_id": "TR-138" }, "geometry": { "type": "Point", "coordinates": [ 25.687860310972141, 61.690890960009796 ] } },
{ "type": "Feature", "properties": { "kp_id": "KP-02820", "tr_id": "TR-087" }, "geometry": { "type": "Point", "coordinates": [ 25.641646519129182, 61.690627870336478 ] } },
{ "type": "Feature", "properties": { "kp_id": "KP-02821", "tr_id": "TR-138" }, "geometry": { "type": "Point", "coordinates": [ 25.668234126084908, 61.691349852792889 ] } },
{ "type": "Feature", "properties": { "kp_id": "KP-02822", "tr_id": "TR-087" }, "geometry": { "type": "Point", "coordinates": [ 25.63634890668062, 61.691143095253928 ] } },
{ "type": "Feature", "properties": { "kp_id": "KP-02823", "tr_id": "TR-138" }, "geometry": { "type": "Point", "coordinates": [ 25.66726186273825, 61.691462719658787 ] } },
{ "type": "Feature", "properties": { "kp_id": "KP-02824", "tr_id": "TR-138" }, "geometry": { "type": "Point", "coordinates": [ 25.6595868929567, 61.691466958189096 ] } },
{ "type": "Feature", "properties": { "kp_id": "KP-02825", "tr_id": "TR-138" }, "geometry": { "type": "Point", "coordinates": [ 25.685815430586505, 61.691764460152939 ] } },
{ "type": "Feature", "properties": { "kp_id": "KP-02826", "tr_id": "TR-055" }, "geometry": { "type": "Point", "coordinates": [ 25.732697407649532, 61.69243625285899 ] } },
{ "type": "Feature", "properties": { "kp_id": "KP-02827", "tr_id": "TR-138" }, "geometry": { "type": "Point", "coordinates": [ 25.666477364815478, 61.692181310122137 ] } },
{ "type": "Feature", "properties": { "kp_id": "KP-02828", "tr_id": "TR-138" }, "geometry": { "type": "Point", "coordinates": [ 25.685855141339797, 61.693106378967983 ] } },
{ "type": "Feature", "properties": { "kp_id": "KP-02829", "tr_id": "TR-138" }, "geometry": { "type": "Point", "coordinates": [ 25.661088070519956, 61.69349467318758 ] } },
{ "type": "Feature", "properties": { "kp_id": "KP-02830", "tr_id": "TR-138" }, "geometry": { "type": "Point", "coordinates": [ 25.669861929989111, 61.693654501646755 ] } },
{ "type": "Feature", "properties": { "kp_id": "KP-02831", "tr_id": "TR-138" }, "geometry": { "type": "Point", "coordinates": [ 25.670500371176441, 61.695163478452507 ] } },
{ "type": "Feature", "properties": { "kp_id": "KP-02832", "tr_id": "TR-053" }, "geometry": { "type": "Point", "coordinates": [ 25.641204029068103, 61.695070647452518 ] } },
{ "type": "Feature", "properties": { "kp_id": "KP-02833", "tr_id": "TR-053" }, "geometry": { "type": "Point", "coordinates": [ 25.641759609971558, 61.695861118873069 ] } },
{ "type": "Feature", "properties": { "kp_id": "KP-02834", "tr_id": "TR-138" }, "geometry": { "type": "Point", "coordinates": [ 25.671177542403754, 61.696152366293646 ] } },
{ "type": "Feature", "properties": { "kp_id": "KP-02835", "tr_id": "TR-053" }, "geometry": { "type": "Point", "coordinates": [ 25.645199320679023, 61.696057597081698 ] } },
{ "type": "Feature", "properties": { "kp_id": "KP-02836", "tr_id": "TR-138" }, "geometry": { "type": "Point", "coordinates": [ 25.674063409214614, 61.697092841712369 ] } },
{ "type": "Feature", "properties": { "kp_id": "KP-02837", "tr_id": "TR-138" }, "geometry": { "type": "Point", "coordinates": [ 25.677968692113851, 61.69765147027875 ] } },
{ "type": "Feature", "properties": { "kp_id": "KP-02838", "tr_id": "TR-053" }, "geometry": { "type": "Point", "coordinates": [ 25.662651474782439, 61.698732231695473 ] } },
{ "type": "Feature", "properties": { "kp_id": "KP-02839", "tr_id": "TR-053" }, "geometry": { "type": "Point", "coordinates": [ 25.647092831360276, 61.700089513989326 ] } },
{ "type": "Feature", "properties": { "kp_id": "KP-02840", "tr_id": "TR-053" }, "geometry": { "type": "Point", "coordinates": [ 25.6650922403268, 61.700619828762399 ] } },
{ "type": "Feature", "properties": { "kp_id": "KP-02841", "tr_id": "TR-027" }, "geometry": { "type": "Point", "coordinates": [ 25.681267813599668, 61.701769238386554 ] } },
{ "type": "Feature", "properties": { "kp_id": "KP-02842", "tr_id": "TR-096" }, "geometry": { "type": "Point", "coordinates": [ 25.744266504121676, 61.703153894075797 ] } },
{ "type": "Feature", "properties": { "kp_id": "KP-02843", "tr_id": "TR-096" }, "geometry": { "type": "Point", "coordinates": [ 25.742172704809242, 61.703254656553817 ] } },
{ "type": "Feature", "properties": { "kp_id": "KP-02844", "tr_id": "TR-053" }, "geometry": { "type": "Point", "coordinates": [ 25.648880534569162, 61.702557253001139 ] } },
{ "type": "Feature", "properties": { "kp_id": "KP-02845", "tr_id": "TR-096" }, "geometry": { "type": "Point", "coordinates": [ 25.736270647863623, 61.703865212746003 ] } },
{ "type": "Feature", "properties": { "kp_id": "KP-02846", "tr_id": "TR-027" }, "geometry": { "type": "Point", "coordinates": [ 25.682709950792276, 61.70357985179394 ] } },
{ "type": "Feature", "properties": { "kp_id": "KP-02847", "tr_id": "TR-096" }, "geometry": { "type": "Point", "coordinates": [ 25.744716895631875, 61.704339362548389 ] } },
{ "type": "Feature", "properties": { "kp_id": "KP-02848", "tr_id": "TR-053" }, "geometry": { "type": "Point", "coordinates": [ 25.650709608489382, 61.704515269736504 ] } },
{ "type": "Feature", "properties": { "kp_id": "KP-02849", "tr_id": "TR-096" }, "geometry": { "type": "Point", "coordinates": [ 25.728682099471165, 61.706415074237938 ] } },
{ "type": "Feature", "properties": { "kp_id": "KP-02850", "tr_id": "TR-096" }, "geometry": { "type": "Point", "coordinates": [ 25.726672515979711, 61.706535693089201 ] } },
{ "type": "Feature", "properties": { "kp_id": "KP-02851", "tr_id": "TR-027" }, "geometry": { "type": "Point", "coordinates": [ 25.677246508166384, 61.706331410965106 ] } },
{ "type": "Feature", "properties": { "kp_id": "KP-02852", "tr_id": "TR-096" }, "geometry": { "type": "Point", "coordinates": [ 25.723068689451878, 61.706871382992126 ] } },
{ "type": "Feature", "properties": { "kp_id": "KP-02853", "tr_id": "TR-027" }, "geometry": { "type": "Point", "coordinates": [ 25.687979331939705, 61.706661378710521 ] } },
{ "type": "Feature", "properties": { "kp_id": "KP-02854", "tr_id": "TR-027" }, "geometry": { "type": "Point", "coordinates": [ 25.700011105670146, 61.706911262490102 ] } },
{ "type": "Feature", "properties": { "kp_id": "KP-02855", "tr_id": "TR-053" }, "geometry": { "type": "Point", "coordinates": [ 25.655285392354955, 61.707082984530999 ] } },
{ "type": "Feature", "properties": { "kp_id": "KP-02856", "tr_id": "TR-053" }, "geometry": { "type": "Point", "coordinates": [ 25.656382760996557, 61.70750946801455 ] } },
{ "type": "Feature", "properties": { "kp_id": "KP-02857", "tr_id": "TR-027" }, "geometry": { "type": "Point", "coordinates": [ 25.698135475732833, 61.708351013951052 ] } },
{ "type": "Feature", "properties": { "kp_id": "KP-02858", "tr_id": "TR-027" }, "geometry": { "type": "Point", "coordinates": [ 25.702895944071361, 61.708466444128042 ] } },
{ "type": "Feature", "properties": { "kp_id": "KP-02859", "tr_id": "TR-053" }, "geometry": { "type": "Point", "coordinates": [ 25.657261724147208, 61.708037822124965 ] } },
{ "type": "Feature", "properties": { "kp_id": "KP-02860", "tr_id": "TR-096" }, "geometry": { "type": "Point", "coordinates": [ 25.725115774374007, 61.708835480754026 ] } },
{ "type": "Feature", "properties": { "kp_id": "KP-02861", "tr_id": "TR-027" }, "geometry": { "type": "Point", "coordinates": [ 25.680240706358365, 61.708558966604713 ] } },
{ "type": "Feature", "properties": { "kp_id": "KP-02862", "tr_id": "TR-027" }, "geometry": { "type": "Point", "coordinates": [ 25.696542468704422, 61.708984149736857 ] } },
{ "type": "Feature", "properties": { "kp_id": "KP-02863", "tr_id": "TR-053" }, "geometry": { "type": "Point", "coordinates": [ 25.658878150533461, 61.709157614924706 ] } },
{ "type": "Feature", "properties": { "kp_id": "KP-02864", "tr_id": "TR-096" }, "geometry": { "type": "Point", "coordinates": [ 25.724797008263899, 61.710053785728412 ] } },
{ "type": "Feature", "properties": { "kp_id": "KP-02865", "tr_id": "TR-027" }, "geometry": { "type": "Point", "coordinates": [ 25.70008908868158, 61.710127512474379 ] } },
{ "type": "Feature", "properties": { "kp_id": "KP-02866", "tr_id": "TR-096" }, "geometry": { "type": "Point", "coordinates": [ 25.721808563101636, 61.710448848873511 ] } },
{ "type": "Feature", "properties": { "kp_id": "KP-02867", "tr_id": "TR-027" }, "geometry": { "type": "Point", "coordinates": [ 25.697274927074758, 61.710832473418009 ] } },
{ "type": "Feature", "properties": { "kp_id": "KP-02868", "tr_id": "TR-027" }, "geometry": { "type": "Point", "coordinates": [ 25.695009602714414, 61.711056569448765 ] } },
{ "type": "Feature", "properties": { "kp_id": "KP-02869", "tr_id": "TR-027" }, "geometry": { "type": "Point", "coordinates": [ 25.694911104891869, 61.712043352288561 ] } },
{ "type": "Feature", "properties": { "kp_id": "KP-02870", "tr_id": "TR-027" }, "geometry": { "type": "Point", "coordinates": [ 25.70284765299526, 61.712286315666589 ] } },
{ "type": "Feature", "properties": { "kp_id": "KP-02871", "tr_id": "TR-027" }, "geometry": { "type": "Point", "coordinates": [ 25.684145780384782, 61.712929074632271 ] } },
{ "type": "Feature", "properties": { "kp_id": "KP-02872", "tr_id": "TR-027" }, "geometry": { "type": "Point", "coordinates": [ 25.665187220675978, 61.713391922635608 ] } },
{ "type": "Feature", "properties": { "kp_id": "KP-02873", "tr_id": "TR-027" }, "geometry": { "type": "Point", "coordinates": [ 25.667181940864644, 61.713450327532712 ] } },
{ "type": "Feature", "properties": { "kp_id": "KP-02874", "tr_id": "TR-027" }, "geometry": { "type": "Point", "coordinates": [ 25.685533792988764, 61.714131013216111 ] } },
{ "type": "Feature", "properties": { "kp_id": "KP-02875", "tr_id": "TR-027" }, "geometry": { "type": "Point", "coordinates": [ 25.672805181831951, 61.714114722988676 ] } },
{ "type": "Feature", "properties": { "kp_id": "KP-02876", "tr_id": "TR-027" }, "geometry": { "type": "Point", "coordinates": [ 25.665306325252196, 61.714315330546697 ] } },
{ "type": "Feature", "properties": { "kp_id": "KP-02877", "tr_id": "TR-027" }, "geometry": { "type": "Point", "coordinates": [ 25.677376683827919, 61.714572133928336 ] } },
{ "type": "Feature", "properties": { "kp_id": "KP-02878", "tr_id": "TR-027" }, "geometry": { "type": "Point", "coordinates": [ 25.683556146179171, 61.714803852412473 ] } },
{ "type": "Feature", "properties": { "kp_id": "KP-02879", "tr_id": "TR-027" }, "geometry": { "type": "Point", "coordinates": [ 25.668678223044161, 61.714871448966782 ] } }
]
}
